filename,label,ensemble_pred,EXP_01_pred,EXP_02_pred,EXP_03_pred,EXP_04_pred,EXP_05_pred,EXP_06_pred,EXP_07_pred,EXP_08_pred,EXP_09_pred
audio_192.wav,3.0,3.179607829159588,3.0043182373046875,3.5546929836273193,3.0942837708562787,2.385651111602783,2.596570040565308,3.3365063667297363,3.3252742290496826,2.958096981048584,3.198444891972031
audio_436.wav,3.0,3.3030110433479836,3.549523115158081,3.0822150707244873,2.4402437193457525,3.229473829269409,3.390614728845578,2.9128499031066895,3.1013805866241455,3.2088003158569336,3.4480090689174205
audio_447.wav,3.5,4.626757094883788,4.083044528961182,3.747779369354248,5.0,4.861664772033691,4.377866434808898,4.174965858459473,4.7433319091796875,4.606037139892578,4.514854948941626
audio_126.wav,2.0,2.4790756936714367,2.9194705486297607,2.231436252593994,2.565786721606182,1.4652388095855713,2.8858606124891835,2.3520913124084473,2.650531530380249,2.560234785079956,2.5128197726371844
audio_61.wav,2.0,3.155488999251099,3.880458354949951,2.387887954711914,1.9270746919408606,3.6107497215270996,3.0444268271360584,3.3471169471740723,3.26432466506958,3.2766106128692627,3.0165908710832503
audio_639.wav,2.5,2.7616115414552276,2.8824424743652344,3.1016881465911865,3.3196997347134003,3.0699846744537354,2.992482627954921,2.904928684234619,2.7558398246765137,2.8504090309143066,2.7204632467396284
audio_703.wav,2.0,2.497908247239025,3.2794158458709717,2.2675697803497314,1.8817957600985367,1.6337419748306274,2.7301633777682066,2.861837148666382,2.2486305236816406,2.6580660343170166,2.789988461036421
audio_509.wav,3.0,3.9033113516538736,3.5953807830810547,4.402215003967285,4.068484932578969,4.241971969604492,3.1911620696799323,4.260302543640137,4.084630966186523,4.092881202697754,3.7331570192722285
audio_672.wav,4.0,3.44025142587921,3.7555081844329834,3.6722376346588135,3.8998605950978464,2.6385421752929688,3.49344556591227,3.8532748222351074,2.8464086055755615,3.3852760791778564,3.9526704884692894
audio_344.wav,4.0,3.358467239584704,3.8078739643096924,3.782782554626465,4.0773652611520355,3.8960609436035156,3.2000692752896587,4.052367210388184,3.935570478439331,3.4862356185913086,2.8957299008910655
audio_592.wav,5.0,4.270781477434079,3.7335686683654785,4.5744524002075195,3.9290025095447207,4.182073593139648,3.739874250475383,4.154878616333008,3.8796958923339844,4.131173610687256,4.544154080820441
audio_705.wav,3.0,4.159355139165523,4.250966548919678,3.3605661392211914,2.5833906965406896,3.668492078781128,4.150560966661703,4.181203365325928,3.948554515838623,4.236155033111572,4.371347743828767
audio_497.wav,2.0,2.7814569210781457,2.1041221618652344,3.5042641162872314,3.355902819740921,3.96798038482666,3.2076060920092133,2.6138832569122314,2.8173539638519287,2.858346939086914,2.584438229645401
audio_702.wav,3.0,4.362061905088096,3.41493821144104,4.040798664093018,4.151380666703335,3.831160545349121,3.3561115093332434,3.943366050720215,4.372934341430664,4.057674407958984,4.432280513559901
audio_598.wav,2.0,2.6992263953059905,2.665656805038452,3.627877712249756,3.9229569017630883,2.2380716800689697,2.152846922837092,2.8430747985839844,2.4345009326934814,2.25351619720459,2.94279394420188
audio_99.wav,3.5,3.6576792037302814,3.49580717086792,3.202594757080078,1.876712391025314,3.9814183712005615,3.73689182288467,3.535984516143799,4.2429351806640625,3.7895021438598633,3.2207142962082926
audio_194.wav,4.0,3.0921913021674907,3.1429131031036377,2.76926326751709,3.2077818146916965,3.3559141159057617,3.5858476762977296,2.9835197925567627,3.4492909908294678,3.17663311958313,2.815915692229977
audio_5055.wav,0.0,0.09143794695845886,0.7513256072998047,1.803367257118225,1.1350575478336264,0.4543344974517822,0.8206735414550284,0.7328846454620361,0.0,0.08394551277160645,0.09938116168816168
audio_178.wav,3.0,2.3165560765451545,3.376829147338867,3.2577743530273438,3.3430061766958565,1.7210726737976074,2.696236743344722,3.2796528339385986,2.1263065338134766,2.4938886165618896,2.5301275439674584
audio_609.wav,5.0,3.755212502191408,3.8217179775238037,3.408541679382324,3.115684146123213,2.9401297569274902,3.58194595808518,3.8281893730163574,3.5880789756774902,3.7081074714660645,3.9854302865422797
audio_77.wav,4.0,3.0817542048154847,2.8105382919311523,3.5590479373931885,3.3248977027296855,3.1355881690979004,3.1068099382821432,3.0959885120391846,2.8749094009399414,3.1700732707977295,3.211641037199322
audio_18.wav,4.0,3.4608802402593897,3.0014421939849854,3.2440078258514404,3.2161027770432957,3.816213607788086,3.114376215253439,3.0285446643829346,3.8535118103027344,3.662393808364868,3.1475773686861594
audio_9.wav,4.0,2.801593709785088,2.8476362228393555,2.6891050338745117,2.8646325182699877,2.662982225418091,2.9122970572669833,3.049591302871704,2.7793917655944824,2.4610605239868164,2.836601811053651
audio_138.wav,2.0,2.3352091760836595,2.295448064804077,2.9008383750915527,3.199444612268689,2.2401790618896484,3.132502570632154,2.192167282104492,2.0931239128112793,1.6263201236724854,2.510282521389251
audio_269.wav,4.0,3.115833320095224,2.87890887260437,2.731191873550415,2.848166328636008,3.7189745903015137,3.3851455219888344,2.7794549465179443,3.435418128967285,3.604321002960205,2.815018164425454
audio_717.wav,4.5,3.7156352848946828,2.8763015270233154,3.7579708099365234,4.237458185084652,3.9276227951049805,4.172313456217551,3.3303604125976562,3.865892171859741,3.6855175495147705,3.5846477754983512
audio_529.wav,3.0,2.975119869343561,2.6331350803375244,3.3874826431274414,3.2818252267326495,2.295682907104492,2.52697484466132,2.9632041454315186,2.6587467193603516,2.9981441497802734,3.2849279046756616
audio_578.wav,4.0,4.134414582250121,3.604447364807129,4.679346084594727,4.386835492522828,4.330277442932129,3.575289600950898,4.128383159637451,4.146936893463135,3.826024055480957,4.097499301532128
audio_171.wav,2.0,2.955301665438413,4.169938564300537,3.066239833831787,3.505104567394124,1.3747891187667847,2.803301859170371,3.7669053077697754,2.774341106414795,3.129631519317627,3.306403625954856
audio_596.wav,3.0,4.094852895950758,3.1017961502075195,4.866228103637695,4.393659020278741,4.571966171264648,4.043183680083193,3.6946592330932617,4.186255931854248,4.089885711669922,3.9643751352786047
audio_5066.wav,0.0,0.027310008580495312,0.0016427040100097656,0.0,0.0,0.009991645812988281,0.0,0.0,0.0,0.0,0.04802293237675472
audio_501.wav,3.0,3.4706078920552756,3.929811716079712,3.182525873184204,2.838399158626539,3.9009006023406982,3.484337835339055,3.564070463180542,3.9468255043029785,3.5180482864379883,3.0907071509143833
audio_8.wav,2.0,2.7543508432853554,3.776111364364624,3.156318187713623,3.135535721568595,2.453413486480713,3.1674451422401115,3.258531332015991,2.787308692932129,2.905057907104492,2.7763105786220925
audio_84.wav,2.5,2.5134290971722506,3.2626962661743164,2.685670852661133,3.3438728556286037,1.9218233823776245,2.894575291507378,3.06072735786438,2.2436070442199707,2.389650821685791,2.779423403064458
audio_11.wav,3.0,2.6434683816051248,2.7040557861328125,2.9268012046813965,2.9027895688450087,3.706977367401123,2.7131503889219317,2.2499780654907227,2.7417311668395996,2.6157240867614746,2.4228672196149006
audio_142.wav,2.5,2.6250344672136983,3.1195311546325684,2.139193534851074,2.518163225814134,2.948850631713867,3.51086609084598,2.5731759071350098,2.4546875953674316,2.9169697761535645,2.6912262298389096
audio_610.wav,5.0,4.3422698599624905,3.8992347717285156,3.7228212356567383,3.712486080112146,4.352826118469238,3.458505970338716,3.9243669509887695,4.2817606925964355,4.0048418045043945,4.381023710197755
audio_654.wav,3.0,3.3906129258115367,3.54927134513855,2.7371809482574463,2.8135533534391466,3.6238560676574707,3.6053442702979246,3.1156697273254395,3.2648067474365234,2.9592154026031494,3.4403589780715422
audio_170.wav,2.5,4.4248752470937545,4.230402946472168,3.810891628265381,4.004117660184426,3.6617183685302734,4.231095684863542,4.725109100341797,4.4911274909973145,4.268228530883789,4.492101744403116
audio_255.wav,4.5,3.803666910496227,3.6861753463745117,3.7629871368408203,3.1228701355478905,3.9713079929351807,3.464815398616024,3.8056061267852783,3.783933401107788,3.7589175701141357,3.79234886112283
audio_162.wav,3.0,3.5442812967822803,2.8160016536712646,3.5551869869232178,3.2747706843635718,3.5342798233032227,3.9791732563322615,2.8317601680755615,2.9955906867980957,3.586627721786499,3.91112228326104
audio_5069.wav,0.0,0.03903022225147367,0.7821826934814453,0.8532700538635254,1.2563099900226526,0.0,1.3210924156163764,0.0,0.0,0.0,0.07071559156135578
audio_769.wav,3.0,3.9513415434835997,4.5433149337768555,3.3249616622924805,3.693155440785554,4.415407657623291,3.487669161529506,4.084670066833496,4.143784999847412,3.6347365379333496,3.755482952984348
audio_720.wav,3.0,3.8003738233382096,3.3453423976898193,4.095794200897217,4.510639476723874,3.809781789779663,3.675498363247541,3.799625873565674,3.8623147010803223,3.9681591987609863,3.757753785508211
audio_623.wav,3.0,3.4999650742723523,3.7337594032287598,3.398393392562866,3.7369918814208263,3.5340230464935303,3.7870000539611617,3.6340198516845703,3.407808780670166,3.3340706825256348,3.5563643369792692
audio_718.wav,4.5,3.6412326333106946,3.664260149002075,3.210228443145752,2.8655792904113846,4.51807165145874,4.3391098456641455,3.373319625854492,4.067564964294434,3.3332839012145996,3.2293999932453312
audio_136.wav,3.5,2.4907748413474455,1.6766191720962524,2.7182374000549316,3.66360675643643,3.754509925842285,3.485169702971292,1.7682613134384155,2.5430259704589844,2.565385103225708,2.271600496236673
audio_119.wav,2.0,2.8771136712411756,2.270007610321045,3.617568016052246,3.2250134043129166,3.029325485229492,2.5921137204742886,2.634063482284546,2.5664303302764893,2.5210680961608887,3.0617948595860067
audio_542.wav,3.0,3.403603030653305,3.6413116455078125,3.717499256134033,3.324031190541839,3.4406182765960693,3.9752019307780753,3.587092638015747,3.4325084686279297,3.527780055999756,3.3789539014545418
audio_5073.wav,0.0,0.014737527445588492,0.26479363441467285,0.0,0.0,0.009991645812988281,0.0,0.0,0.03790855407714844,0.0,0.0
audio_322.wav,4.0,3.5535385379473516,4.111700534820557,2.955376148223877,2.626600591031454,3.3924694061279297,4.085079640303442,3.704770088195801,3.7244436740875244,3.6654484272003174,3.4632301564359653
audio_5039.wav,0.0,0.29256931708503975,0.9816362857818604,2.267273187637329,2.1639561967861463,0.8562760353088379,2.2994778413652646,0.9164676666259766,0.3070969581604004,0.38811755180358887,0.2006500789114187
audio_707.wav,3.0,4.005171593095229,4.333639144897461,3.7718429565429688,4.426129999178434,3.982517719268799,3.603978788280872,4.0876569747924805,4.114694595336914,4.0452375411987305,3.935543701210117
audio_148.wav,3.5,3.6236482699403827,3.8277666568756104,3.541058301925659,3.11579423163178,3.1186091899871826,3.1031584373317234,3.506890058517456,3.5664424896240234,3.8167996406555176,3.7354279233806715
audio_316.wav,2.0,3.3769133999115866,4.3097825050354,3.395155191421509,3.108548509551251,3.2467241287231445,3.1186811594165444,3.733774423599243,3.5148704051971436,3.496112823486328,3.3040403156535336
audio_647.wav,4.5,3.986219802411677,3.9220786094665527,3.8435237407684326,4.206197305255939,4.464445114135742,3.661865054540512,3.9338812828063965,3.8141300678253174,3.7534260749816895,4.031043804150607
audio_286.wav,5.0,4.213268050350513,4.826658725738525,3.887923002243042,2.8691512252656226,3.819333791732788,3.2371697828203425,4.891167640686035,4.660767555236816,4.113459587097168,3.97274621990875
audio_92.wav,4.0,3.1752580153094296,4.185749530792236,3.08317232131958,3.411736816995465,2.8668692111968994,2.8220537150972294,3.8468925952911377,3.638118267059326,3.596949577331543,2.9120261017589173
audio_462.wav,3.5,3.386198858701599,4.013405799865723,3.310027599334717,3.2228254073178855,3.6627039909362793,3.453894717062429,3.9457318782806396,3.3383100032806396,3.8148820400238037,3.3777465886242046
audio_376.wav,5.0,4.31014923992345,3.990993022918701,4.1554646492004395,3.8943193663058553,3.4674572944641113,4.102158487147439,4.431476593017578,4.152103900909424,3.8587725162506104,4.538343250428618
audio_76.wav,4.0,3.543566489048156,3.2533280849456787,3.4687588214874268,2.7952260401920794,3.0704405307769775,3.5306647050074336,3.5271260738372803,3.491603136062622,3.3716166019439697,3.6471989889634306
audio_105.wav,2.0,2.8802853743132184,3.221961498260498,2.5389626026153564,2.3316543455590546,2.9250547885894775,2.5623991019696644,2.698185920715332,3.139390707015991,2.9212489128112793,2.7012111528833453
audio_355.wav,3.0,3.037012532866623,2.628481864929199,3.2293426990509033,3.5724434720998652,2.4353256225585938,3.4986986047975916,2.872342824935913,2.7535691261291504,2.78953218460083,3.3135483647239465
audio_663.wav,3.0,2.6333119557854703,3.4818904399871826,3.5237274169921875,3.621622724161108,2.254106044769287,2.453479811172493,3.4294841289520264,2.2042975425720215,2.932100296020508,2.9743257531787726
audio_767.wav,4.5,4.003942433651139,3.577777862548828,3.271437168121338,3.242371546962066,3.8852405548095703,3.5534004521728946,3.4896554946899414,4.185565948486328,4.098181247711182,3.9003151136359984
audio_655.wav,5.0,4.129759143483744,4.02863883972168,4.005955696105957,3.991646218902875,4.164969444274902,4.708104357119584,4.278159141540527,4.245036602020264,4.035569190979004,4.047856860126441
audio_372.wav,5.0,4.665076683394012,4.142063617706299,4.091442108154297,4.658807280264641,4.798264503479004,4.012658080785216,4.275505542755127,4.64138126373291,4.263635158538818,4.661423678569302
audio_667.wav,5.0,4.416996025414941,4.367727756500244,4.637642860412598,4.401053258124926,4.259940147399902,3.9705092558595325,4.754951477050781,4.389675140380859,4.388153076171875,4.458103955405532
audio_517.wav,2.5,2.562421374653874,2.0702242851257324,3.409569501876831,3.799741797495756,2.845085859298706,2.9586287767695962,2.1492695808410645,2.198673963546753,2.6071977615356445,2.763405667137074
audio_765.wav,5.0,4.33426033571304,3.9729886054992676,4.42078971862793,3.9674485925926053,3.8225395679473877,4.191591987271234,4.392881393432617,4.0951361656188965,4.159327030181885,4.568157187200011
audio_38.wav,4.0,3.668828466119014,3.2157649993896484,3.4671621322631836,3.8136036702077254,3.976421594619751,4.287298673327573,3.313725233078003,3.885806083679199,3.6760170459747314,3.479461664810958
audio_371.wav,5.0,4.682729883916708,3.876218557357788,4.316658020019531,4.186353568735697,5.0,4.10543704857993,4.274457931518555,4.822767734527588,4.4245734214782715,4.543186615334883
audio_507.wav,3.0,3.0733184268441374,3.3040473461151123,3.0619001388549805,2.8271248368397877,3.2420096397399902,2.4719494689599366,3.0418243408203125,3.163853406906128,3.1721761226654053,2.988417629457688
audio_5056.wav,0.0,0.0025464822358488505,0.6020810604095459,0.0,0.0,0.03162264823913574,0.0,0.0,0.0,0.0,0.0
audio_282.wav,5.0,4.567154457159534,3.40293288230896,3.9965016841888428,3.637068201858951,5.0,4.022813157539321,3.6490659713745117,4.751857280731201,4.168227195739746,4.381005571370124
audio_459.wav,3.0,3.0472133077687307,3.322225332260132,4.063200950622559,4.270356783350966,2.763965129852295,3.205099974923358,3.8530588150024414,2.84786319732666,3.492283344268799,3.221289734177954
audio_303.wav,5.0,4.171845434883992,4.0364203453063965,3.7482516765594482,3.664286381674596,4.079933166503906,3.763541991968172,4.130388259887695,4.155946254730225,3.871668577194214,4.195842990122562
audio_297.wav,4.5,4.520948907044602,4.061005592346191,3.695784091949463,3.452938956322587,5.0,4.3228911690302665,4.367390155792236,5.0,4.320149898529053,4.132047437286219
audio_432.wav,3.5,2.6913214483198726,3.3632972240448,3.0710268020629883,3.135027993376861,1.4552751779556274,2.4233782537040836,3.2466862201690674,2.4979453086853027,2.4912619590759277,3.000433363185539
audio_454.wav,3.5,2.6404342836553174,3.0998306274414062,3.3028128147125244,2.972872286852262,3.1220364570617676,2.861308365971517,2.790703535079956,2.6738791465759277,2.726884603500366,2.5478968561426845
audio_482.wav,2.0,3.754626209875139,3.450076103210449,3.4983386993408203,3.6359143327385794,3.6889214515686035,3.850245288726034,3.738548994064331,3.9316229820251465,3.6629087924957275,3.6463476084809203
audio_484.wav,2.0,2.7826813455701296,3.3933558464050293,3.7168331146240234,3.327927994958197,2.5295560359954834,2.9178110272439652,3.6739513874053955,2.9125332832336426,3.065504312515259,2.73314197492096
audio_757.wav,4.0,3.4015642010225,3.5807526111602783,3.123978614807129,3.9209798961609152,3.90787935256958,3.705870825333854,3.376310348510742,3.3999414443969727,3.347688674926758,3.328773222650397
audio_773.wav,3.0,3.314529687773863,3.0706779956817627,3.217320680618286,3.241703557817507,3.8271143436431885,3.585068337533618,3.1631500720977783,3.3225159645080566,3.296853542327881,3.2344251785332445
audio_668.wav,5.0,4.74607410650733,4.023715972900391,3.9896926879882812,4.081031455884696,5.0,4.481115860572198,4.097343444824219,4.862581729888916,4.591032028198242,4.631441938140072
audio_240.wav,5.0,3.2116222523873583,2.547036647796631,3.9540317058563232,4.420629079814577,4.056733131408691,3.6472514876668836,3.106640338897705,3.166264772415161,3.087440013885498,3.118524477042936
audio_163.wav,2.0,2.218960280722026,2.292893886566162,2.281029462814331,2.3953895273676085,2.355632781982422,2.773272467068552,1.9825539588928223,1.7947568893432617,2.0603654384613037,2.481503460929044
audio_659.wav,5.0,4.128957380838003,3.8258116245269775,3.8403825759887695,4.468496456186369,3.6486728191375732,3.8690557875216114,3.871540069580078,4.476489543914795,4.423119068145752,3.9676039328096016
audio_532.wav,3.5,3.2233301786431667,3.0592098236083984,2.8800086975097656,3.0061586354128798,3.6776864528656006,3.2543554701118707,2.419718027114868,3.0502192974090576,2.930652379989624,3.2723166809136086
audio_464.wav,2.0,3.1895504983020797,3.255453109741211,3.118597984313965,3.1504822138961663,3.253169536590576,3.849640170792986,3.2216954231262207,3.3471856117248535,3.1819934844970703,3.075296734724305
audio_5.wav,2.5,3.4200198764123115,3.8442978858947754,3.4931652545928955,3.437476012409147,3.0521974563598633,3.228090869724715,3.811225652694702,3.522007942199707,3.230473041534424,3.4057698569451453
audio_231.wav,3.5,3.6035907668157474,3.417379140853882,3.7350738048553467,3.9347145070424494,3.4304187297821045,3.7420066278443826,3.4078269004821777,3.1163930892944336,3.1393649578094482,3.9532892908454915
audio_384.wav,5.0,4.7667309518591585,3.909562587738037,4.793718338012695,4.003180446443649,4.9143171310424805,3.98478260956788,4.719134330749512,4.880146026611328,4.427907466888428,4.669673170517574
audio_54.wav,4.0,2.5841732301221176,3.0524306297302246,3.0922439098358154,3.084786391609416,1.972608208656311,3.660785598489159,3.008878231048584,2.3856422901153564,2.8520870208740234,2.8056057262150587
audio_656.wav,5.0,3.910469414951214,4.077041149139404,3.2161853313446045,3.165811111758162,4.2073655128479,4.093572335822954,4.087973117828369,4.334700584411621,3.8328161239624023,3.584649892356
audio_444.wav,3.0,2.6746056388180532,2.72568678855896,2.9086313247680664,2.741092628133181,2.725444793701172,2.959842547157419,2.4811739921569824,2.652500867843628,2.643704414367676,2.6819081014032276
audio_5062.wav,0.0,0.01890938537960808,0.059326887130737305,0.0,0.0,0.13247227668762207,0.08794564237956903,0.0,0.0,0.0,0.014932570050257131
audio_312.wav,4.5,2.9984985088450697,3.0051114559173584,3.8995590209960938,4.218422706803116,2.385483503341675,3.4465367486111944,3.171497344970703,2.5828757286071777,2.9941980838775635,3.364707452885653
audio_120.wav,2.5,2.124476893805686,2.2168753147125244,3.155097007751465,2.7103466660170645,1.3741464614868164,2.5038545650013244,2.386786699295044,1.5962649583816528,2.010728597640991,2.585695119093745
audio_446.wav,3.0,3.7032423372371737,3.011082649230957,3.818812131881714,3.3724600528548363,3.749603271484375,3.011975165018052,3.3452095985412598,3.7218127250671387,3.7327840328216553,3.6841119416827293
audio_546.wav,2.5,3.267642856428564,3.1885769367218018,3.791961193084717,3.9977612052756415,2.508439064025879,3.1587753323594,3.4960520267486572,2.951730728149414,3.1720986366271973,3.5887819048298875
audio_430.wav,4.0,3.097078547229226,2.4877054691314697,3.762042284011841,3.7478635943073244,3.5326452255249023,3.4849777720430457,3.03354811668396,3.5224504470825195,3.463341236114502,2.750267297059049
audio_179.wav,2.0,2.602333738616386,2.8627867698669434,2.5086257457733154,2.202224306156752,3.317012310028076,3.7496963415603766,2.0254015922546387,2.5488052368164062,2.644679069519043,2.5337073057249837
audio_674.wav,4.0,4.247143661279703,4.348911762237549,3.8629019260406494,4.287222854396101,4.094891548156738,3.9549182244012395,4.59596061706543,4.315011024475098,4.163843154907227,4.224163357849685
audio_737.wav,3.5,3.856425526279724,4.5597310066223145,3.7141706943511963,3.7034997276970114,2.830904006958008,3.695677930023106,4.598344802856445,4.048526763916016,3.906585693359375,3.878126299082374
audio_669.wav,3.0,2.9076621215298424,3.4673027992248535,2.3249661922454834,2.1802052068502666,2.7647652626037598,3.3672273401193804,2.7906365394592285,3.076960325241089,3.0224156379699707,2.815772479365969
audio_540.wav,4.0,4.053415363769018,3.6253280639648438,5.0,3.8076909712128786,4.244843006134033,3.097178019119153,4.68516206741333,4.951750755310059,4.122139930725098,3.4272702238342725
audio_692.wav,4.0,3.49910671623664,3.0628466606140137,3.130201816558838,3.7375208375957456,3.9160804748535156,2.0889914625498105,3.0362746715545654,3.674774646759033,3.3905868530273438,3.321290008944829
audio_572.wav,2.0,3.326033894317384,3.663377046585083,3.5698399543762207,3.9545151539513443,3.099910020828247,3.43920463302764,3.5993378162384033,3.0206360816955566,3.2344963550567627,3.5623947046545816
audio_479.wav,2.0,3.70195100071857,4.095169544219971,4.455075263977051,4.344736678985392,3.0311386585235596,3.4929514870981535,4.4738335609436035,3.568033218383789,3.675067663192749,3.889000781289721
audio_419.wav,3.0,3.4076549156147316,4.919925689697266,3.2826759815216064,2.5295751852142656,2.8274784088134766,3.2486144094818217,4.42057991027832,4.0375800132751465,3.8790175914764404,3.07282581760232
audio_5037.wav,0.0,0.1838897012994683,0.0,1.3707983493804932,0.6035376665980416,1.444570541381836,1.140098283840099,0.0,0.0,0.36943769454956055,0.1224108906667162
audio_433.wav,3.0,3.1546978320933583,3.854398012161255,3.0010452270507812,2.7958854625144522,3.3581573963165283,3.086627744094777,3.483501434326172,3.5279181003570557,3.152656316757202,2.8764797068295374
audio_405.wav,5.0,4.311971498785326,3.6497199535369873,3.758453130722046,3.2242586745067774,4.634251594543457,4.1821960757948595,3.5579628944396973,4.328059196472168,4.108542442321777,4.254237641943617
audio_267.wav,4.0,3.341773206628206,3.7020485401153564,3.4967217445373535,4.127533240410783,2.8026373386383057,3.3786803850031,3.782543897628784,3.182742118835449,3.2540202140808105,3.526334680994812
audio_358.wav,5.0,4.205000640233412,3.734931468963623,4.092278003692627,4.727689028795716,2.6533546447753906,2.86468086470945,4.33615779876709,3.9115543365478516,4.1481194496154785,4.626796997441093
audio_331.wav,5.0,4.2567582659307615,4.0433454513549805,4.5513596534729,4.38657934566598,4.16489839553833,3.8492063683534767,4.5484819412231445,4.397673606872559,4.452600479125977,4.176322903094738
audio_487.wav,2.5,2.9641358472589827,3.3820176124572754,2.264864444732666,2.3761739987509625,3.217664957046509,3.5437145553688034,2.4617815017700195,3.2283151149749756,2.860100746154785,2.7512246830565052
audio_494.wav,3.0,2.5120120537383506,3.3101999759674072,3.0398824214935303,2.6380631463051927,2.9581809043884277,2.8555770342952003,2.9931952953338623,2.7107651233673096,2.5803310871124268,2.31456301025297
audio_536.wav,2.5,3.6005120528287518,3.419605016708374,4.126945495605469,3.900786390141051,3.013795852661133,2.972095115901254,3.807169198989868,3.0374629497528076,3.5830368995666504,4.061057513172547
audio_634.wav,4.0,3.432512165257489,3.9966368675231934,3.1143059730529785,3.441587238163921,3.6497039794921875,3.320491495116679,3.618469715118408,3.1827712059020996,3.5051259994506836,3.56713024660063
audio_317.wav,3.5,4.458254889761008,4.717950820922852,4.496472358703613,4.389287345839502,3.3205723762512207,3.370200397801433,4.866020679473877,4.479645729064941,4.307655334472656,4.609998757625429
audio_5054.wav,0.0,0.19153603611756193,0.18202662467956543,2.723422050476074,3.067538259322741,1.4009981155395508,2.1164400112746504,0.5578193664550781,0.2141740322113037,0.6124362945556641,0.0
audio_723.wav,5.0,4.155135268862526,3.899294137954712,4.368680000305176,5.0,4.175274848937988,4.379143773543516,4.376747131347656,3.934770345687866,3.870940685272217,4.298941387919189
audio_155.wav,3.5,4.4179255930287855,4.229800224304199,4.592504501342773,4.2588471348354915,3.7529306411743164,3.603466702062776,4.5949201583862305,4.340193271636963,4.0629658699035645,4.566711825562011
audio_410.wav,2.0,2.563027234061945,2.696282386779785,2.666369915008545,1.2266651612565735,1.814249038696289,2.4465112171069308,2.6157212257385254,2.4998738765716553,2.605320930480957,2.714329114788326
audio_251.wav,2.0,3.1327123288001153,2.885084629058838,2.3608627319335938,3.1911281031343575,3.53725266456604,2.7059232410189424,3.3218770027160645,3.6781704425811768,2.753877639770508,2.710460523559409
audio_779.wav,5.0,4.001937887893467,3.627063035964966,3.749958038330078,3.6955002346975347,3.6865944862365723,4.225959721413458,3.6463875770568848,3.9626193046569824,3.757337808609009,4.074129492703789
audio_382.wav,4.0,4.144255019309041,4.126025199890137,4.5042266845703125,4.093509647275866,3.207427501678467,3.535676282790677,4.41992712020874,4.461432456970215,4.097281455993652,4.069725076713143
audio_559.wav,3.0,3.1220648802183057,3.297938108444214,2.9351394176483154,2.981168665374168,3.7099671363830566,3.661005966589953,3.172520637512207,3.262444019317627,3.0045034885406494,2.9428089969465514
audio_161.wav,3.0,2.9912823636465555,2.913331985473633,2.463162422180176,1.9567002019765674,2.677250385284424,2.9047758107702397,2.692484140396118,2.729846239089966,2.8353021144866943,3.2111942198416
audio_535.wav,2.5,2.8539131157227544,4.009704113006592,3.698505163192749,4.041776692842104,0.20502662658691406,2.6218769324507702,3.8148226737976074,2.385870933532715,2.8712191581726074,3.5520634921365613
audio_363.wav,5.0,4.927485980107932,4.093481063842773,4.19210147857666,3.7974030801151035,4.840085029602051,4.654757685475564,4.513339042663574,4.96162223815918,4.632651329040527,4.917505941385114
audio_5057.wav,0.0,0.7216452019630373,0.0,3.8537070751190186,2.6009293984199076,3.1049001216888428,3.3120089999578357,1.0769407749176025,1.0335309505462646,1.3243250846862793,0.16623762772869405
audio_660.wav,4.5,4.5385150838707915,4.223336219787598,3.304124355316162,3.494471454178757,5.0,3.761157578049317,4.024564743041992,4.692055702209473,4.45440673828125,4.368939107242154
audio_293.wav,5.0,4.379732584004381,3.7556376457214355,4.309261798858643,4.765389563366163,4.311622619628906,3.8239183246339348,3.9728329181671143,4.329056262969971,4.146685600280762,4.423416021786525
audio_74.wav,4.0,3.8088769734467807,3.70072340965271,2.876202344894409,2.7774046739180256,4.320479393005371,4.057207013902868,3.37691330909729,4.180241584777832,4.016573905944824,3.4869363848040953
audio_215.wav,4.0,4.196624248923986,3.4581379890441895,5.0,5.0,4.230493545532227,3.2253303919411564,4.123518466949463,4.438410758972168,4.532885551452637,4.030673237632423
audio_228.wav,3.0,3.262465864352384,3.6100244522094727,2.945906639099121,2.6220318006917256,3.4937496185302734,3.564909120328083,3.0615835189819336,2.9408257007598877,2.8769876956939697,3.442906744438092
audio_602.wav,2.0,2.572588733936084,2.7332348823547363,3.0980284214019775,3.7571014130386065,2.0236825942993164,3.1091172823395143,2.384587287902832,1.9630398750305176,2.378215789794922,3.0585826140942918
audio_396.wav,2.0,3.5617208790396133,3.8323616981506348,3.4198169708251953,4.11901592528919,3.955173969268799,3.647063490754884,3.7215447425842285,3.8963305950164795,3.5572733879089355,3.2814939951374282
audio_576.wav,2.0,3.729952349363466,3.020787000656128,3.453397274017334,3.428549675557284,3.8636069297790527,4.338607746377682,3.107252597808838,3.451188087463379,3.5446324348449707,3.896085625768268
audio_5040.wav,0.0,0.3862540277539519,0.6621754169464111,2.5015337467193604,1.768734995235266,2.3621127605438232,3.1509780589697836,0.7281947135925293,0.4816911220550537,1.2532367706298828,0.03442231882273003
audio_198.wav,4.0,3.2724352034476505,3.6595897674560547,2.6366143226623535,3.1792066068512432,2.758322238922119,4.0770137220005385,3.2994256019592285,3.2288928031921387,3.1837267875671387,3.376440079358137
audio_600.wav,2.0,2.215912414340224,2.7176945209503174,2.8789796829223633,2.4577626175361176,2.245241165161133,2.737024505928661,2.446472644805908,1.9226746559143066,2.227196216583252,2.406905004580068
audio_710.wav,4.0,4.106143705744291,4.13425350189209,4.050647735595703,3.118108702062198,4.2660441398620605,3.8971595006475144,4.269367218017578,4.343390464782715,3.9728734493255615,3.924827789546941
audio_246.wav,3.0,3.4622616876645704,3.705040693283081,3.2895522117614746,2.7931275318259177,4.329348087310791,3.958148694140688,3.420874834060669,3.5964887142181396,3.7556710243225098,3.246369507329366
audio_490.wav,2.5,3.3939992689244907,2.8638758659362793,3.5881245136260986,3.253018243215786,3.553457498550415,3.585995896911657,2.6027610301971436,3.1992077827453613,3.2689037322998047,3.500448980553464
audio_657.wav,5.0,4.39813821883422,4.397920608520508,4.105160236358643,3.745674987989376,5.0,3.205633279390864,4.480772972106934,4.601035118103027,4.0040740966796875,4.175214068242093
audio_688.wav,5.0,3.5765178572747374,3.723541021347046,2.8755242824554443,3.3584416183384302,3.8031058311462402,4.251387210134173,3.2478199005126953,3.4480369091033936,3.719438314437866,3.6290160729655274
audio_698.wav,5.0,4.0863874302107215,4.0760698318481445,3.3797054290771484,3.821370506822077,3.965489387512207,4.0470703246640936,3.771120071411133,4.159675598144531,4.035272598266602,4.055222754733069
audio_499.wav,2.5,2.6068286330846595,3.617192268371582,2.9066903591156006,2.7687570952954053,2.4050991535186768,3.141712177385275,3.0098559856414795,2.425839424133301,2.754565477371216,2.756784631352836
audio_463.wav,4.0,4.499180859564364,3.265988826751709,4.2396559715271,3.9047985906096367,4.332027435302734,3.868349494523599,3.9189581871032715,4.295229911804199,4.106266021728516,4.659382782072941
audio_604.wav,4.5,4.131071586838144,3.788416624069214,3.8139073848724365,4.712794685037163,4.230719566345215,4.665555133317621,3.8465943336486816,4.212096214294434,4.13417911529541,4.062577321230318
audio_97.wav,4.0,3.3834522614127422,4.140345573425293,3.390953779220581,3.16683344963801,3.1253063678741455,3.2876514151998357,3.9504826068878174,3.4301366806030273,3.5139129161834717,3.390027963853815
audio_234.wav,3.0,3.8401125336497293,3.441567897796631,3.7824881076812744,3.384591471310923,4.170269966125488,3.957245624881402,3.6040456295013428,3.967499256134033,3.5416934490203857,3.7071135866651983
audio_782.wav,5.0,4.196886842455122,4.5345940589904785,3.875169277191162,4.122112288143554,3.6239404678344727,4.30233132291376,4.608101844787598,3.9568490982055664,4.063837051391602,4.4403248997337545
audio_758.wav,4.0,3.6092684125503753,3.352818727493286,2.981278896331787,2.9923038176944696,3.7006800174713135,3.574374150960874,3.3511674404144287,3.562696933746338,3.5692901611328125,3.6269441055194576
audio_727.wav,4.5,4.33658856602276,3.6770966053009033,3.402177095413208,2.371567804747002,4.362460136413574,3.9593548694054204,3.5404908657073975,4.613072872161865,4.126855850219727,4.148698614463859
audio_643.wav,4.0,2.9343440541285055,1.991762399673462,3.007172107696533,1.9000381993833786,4.219323635101318,3.317525073752673,2.2909975051879883,3.1935391426086426,2.768817663192749,2.5742628678033923
audio_261.wav,3.0,3.9718438744311784,3.2238991260528564,3.909214973449707,4.032556665228386,3.729733943939209,3.823045759546187,3.6043288707733154,3.655630350112915,3.7775206565856934,4.217739411054759
audio_205.wav,4.0,3.630730167123704,4.100430488586426,2.2704005241394043,1.2016658944841296,3.839597225189209,3.667692912658291,3.509974718093872,3.764299154281616,3.4297642707824707,3.5113106698135517
audio_128.wav,2.0,3.679555341343014,2.393232822418213,4.2100958824157715,4.009440534137769,4.248633861541748,2.928177188622713,3.301577091217041,3.527517080307007,3.5120584964752197,3.6977712272019376
audio_650.wav,5.0,4.482582054584976,4.058802604675293,3.626288414001465,2.9274610879157805,4.479526519775391,3.950892233120183,3.9009530544281006,4.9524970054626465,4.326546669006348,4.170104050241872
audio_35.wav,2.0,3.1188760452577537,3.4433395862579346,3.189718246459961,3.017735803513052,1.7270299196243286,3.1205117244761658,3.1703293323516846,3.3795037269592285,4.005124568939209,3.1483908907876366
audio_141.wav,3.0,3.5735203586068693,3.0730743408203125,3.570197820663452,3.565050055248148,3.066585063934326,3.115468830861696,3.2716662883758545,3.0141563415527344,3.645625114440918,4.019971793484899
audio_260.wav,3.5,3.633173779127473,3.0598034858703613,3.53448224067688,3.8729903000885564,3.457822799682617,3.1723365140200266,3.2287070751190186,3.378765106201172,3.544016122817993,3.8281723267769
audio_722.wav,5.0,4.523313671037174,3.949958324432373,4.153703212738037,4.631490871216179,4.718381881713867,4.434587483478191,4.3565568923950195,4.575212001800537,4.302072525024414,4.4602932150498065
audio_5047.wav,0.0,0.04262590664319703,0.4323160648345947,1.834568738937378,1.1573490980707395,0.5293357372283936,0.6977616572516158,0.2786703109741211,0.0,0.0,0.0
audio_324.wav,5.0,4.610416389866265,3.903564691543579,4.582388401031494,4.563393141741497,4.717104911804199,3.866982766379024,4.450865745544434,4.515446662902832,4.336380958557129,4.658092334060482
audio_279.wav,5.0,4.706363695436729,4.363369941711426,4.485936164855957,4.949438888688706,3.690903902053833,4.06716983243583,4.8499321937561035,4.899352073669434,4.813770771026611,4.726005697137156
audio_450.wav,3.0,2.3315053124923986,3.4712018966674805,3.1558849811553955,2.821406113840901,2.5514981746673584,2.381138132851166,3.2288577556610107,2.3497588634490967,2.519623041152954,2.287252930894834
audio_32.wav,2.5,3.470182028354646,3.5995869636535645,3.5366482734680176,3.378180743889169,3.3054704666137695,3.3878093380431333,3.9155333042144775,3.5849432945251465,3.48156476020813,3.417792171135637
audio_254.wav,3.5,2.5843270583513442,3.22835373878479,2.700744390487671,2.8016349541023278,2.467925786972046,3.129621400738883,2.570307493209839,2.622856855392456,2.429594039916992,2.575652451681697
audio_544.wav,2.0,2.4293383040454777,2.9991703033447266,0.5123708248138428,2.5115663153386296,2.647735834121704,2.7709854912546676,0.9165518283843994,2.255612373352051,1.5369901657104492,2.51316085943781
audio_176.wav,4.5,4.174923232843628,4.000485420227051,4.42736291885376,3.3613449452076476,3.763397693634033,2.7174812656341727,4.452941417694092,4.100689888000488,3.9116039276123047,4.284398145489031
audio_301.wav,4.5,4.234610102191705,3.343971014022827,3.8566465377807617,3.5591789077590064,4.970795631408691,4.073373231023565,3.6966359615325928,4.5958251953125,3.8507003784179688,3.886661466474208
audio_213.wav,5.0,4.124571340954189,5.0,4.163311958312988,4.215931502879997,4.013544082641602,3.839467601293596,4.896999359130859,4.393130779266357,4.672945022583008,3.9619322822009315
audio_295.wav,5.0,4.3326841550093675,3.8834996223449707,4.481511116027832,4.897794739867323,4.030313491821289,4.0789307101073025,4.352479934692383,4.239190101623535,4.484160900115967,4.439059335304265
audio_40.wav,3.0,3.182405629995083,3.09965443611145,3.585418462753296,3.98470318035876,3.393432140350342,3.15688994535788,3.5495505332946777,3.280332565307617,3.1310458183288574,3.0864056744834376
audio_496.wav,2.5,2.6123771548674277,2.359224796295166,3.1067914962768555,3.1065300199315726,3.1402485370635986,3.5059258127485355,2.5595250129699707,2.680509090423584,2.8960094451904297,2.489990358919968
audio_45.wav,2.5,3.2598904340399333,3.6647608280181885,2.9202992916107178,2.6452037812139597,4.0814642906188965,3.423221569033688,3.4444539546966553,3.2677526473999023,3.2767772674560547,3.134786883692368
audio_146.wav,3.0,4.403450285238905,4.047369480133057,3.702584743499756,4.092280043250932,4.481731414794922,4.091904979067727,4.075549602508545,4.330297946929932,4.14485502243042,4.440742335519024
audio_415.wav,2.5,3.306477138569718,4.0006537437438965,3.2853736877441406,3.5330161096986616,2.7126569747924805,3.0490857262858357,3.6878414154052734,3.3910293579101562,3.305711269378662,3.3368110931093935
audio_595.wav,3.0,3.6635735159925087,2.9687278270721436,4.581857681274414,3.5623903442002853,3.7709741592407227,3.6478273973795954,3.577253818511963,3.4416184425354004,3.5387301445007324,3.795707114773717
audio_783.wav,4.0,3.8282773518535556,4.250668525695801,3.810544490814209,4.071924517831503,3.2784769535064697,3.2791242610022446,4.10298490524292,3.89149808883667,3.9955883026123047,3.866393775686354
audio_673.wav,5.0,3.970205851304086,2.8948192596435547,3.9037957191467285,4.157727313056831,4.4564642906188965,3.551603623032298,3.414086103439331,3.9545722007751465,4.308645248413086,3.9096712319978684
audio_48.wav,2.5,2.435084981271139,2.240067481994629,2.6427218914031982,2.355594834750111,2.2350025177001953,3.9476678354451433,1.9615797996520996,1.8503907918930054,2.7092342376708984,2.8536342194416187
audio_777.wav,4.5,4.022100643574151,4.0367536544799805,3.36317777633667,3.361267709528997,4.516047477722168,4.618457823043545,4.06058406829834,4.386575698852539,3.675952434539795,3.707323876903768
audio_330.wav,3.0,3.335601076568694,2.882094383239746,2.8419406414031982,2.7727870522023297,2.7936623096466064,3.6713323793783386,3.0929319858551025,3.211470365524292,3.648857831954956,3.4973307814713896
audio_200.wav,3.0,3.438559140486707,3.4560399055480957,2.7625975608825684,2.9886442653609504,3.0344433784484863,3.6457128170878916,3.064302444458008,3.309013843536377,3.4795191287994385,3.5837860683903218
audio_259.wav,4.0,3.7799740967220457,2.8441781997680664,3.1943953037261963,3.150728535563458,4.485042572021484,3.7853843106025153,2.8897743225097656,3.9124844074249268,3.518566131591797,3.5888635892933807
audio_721.wav,3.0,3.636011747554547,4.265485763549805,3.9062705039978027,4.408397521638662,3.1082615852355957,3.2678993651502553,4.416709899902344,4.039682865142822,3.727013349533081,3.4441997320852438
audio_223.wav,5.0,4.4738889626152245,4.423175811767578,3.653799057006836,4.001154119992217,4.729680061340332,3.8378580542541547,4.34283447265625,4.83197546005249,4.420290946960449,4.198113461706823
audio_175.wav,4.0,4.26143241661939,3.7645037174224854,4.825241565704346,3.98269745098078,3.446713924407959,3.9461116693031113,4.4307661056518555,3.956989049911499,4.367234230041504,4.583033853556939
audio_400.wav,4.0,3.6809305022539403,3.7057342529296875,2.580143451690674,3.204683063380075,2.4270458221435547,2.815520415939022,3.6999247074127197,3.5190317630767822,3.3988606929779053,3.9716837492547774
audio_506.wav,2.0,2.758916100137865,2.646984338760376,3.827392578125,3.1534702673556914,2.208193302154541,2.89600134532615,3.177314281463623,2.5342934131622314,2.9276204109191895,2.9888465972775977
audio_153.wav,3.0,2.9737918543356896,2.9720869064331055,2.673112392425537,2.8999799651860703,3.217127799987793,3.0679485882957396,2.615009307861328,2.9309797286987305,2.5295610427856445,2.966798308035952
audio_5050.wav,0.0,0.5549501546357403,0.33091211318969727,2.870671272277832,3.294337246030502,2.3137564659118652,2.3234241617551703,0.7942473888397217,0.6256253719329834,1.2582910060882568,0.2512758131408055
audio_281.wav,4.5,4.291574131522242,4.269479274749756,3.2854812145233154,3.9650733944172196,4.519110679626465,4.457839940649604,4.112885475158691,4.537965774536133,4.4405317306518555,4.094300354219487
audio_543.wav,3.0,3.79919814305495,3.8177101612091064,3.910405158996582,3.7891824310717417,3.4621059894561768,3.1548340605587217,4.0584716796875,3.6879560947418213,3.736473560333252,3.9224578745990204
audio_445.wav,3.0,2.6220566014808604,3.1560444831848145,3.4349119663238525,3.1845099375351884,2.307842969894409,2.963375863031158,3.226591110229492,2.5560858249664307,2.6578123569488525,2.711831489967868
audio_124.wav,2.0,3.2018803108556737,2.7517895698547363,4.2780609130859375,4.425948767935531,2.408413887023926,3.1609429424807365,3.3157453536987305,2.92440128326416,3.1577706336975098,3.502425081432223
audio_249.wav,2.0,3.028471181282355,3.010667324066162,2.04919695854187,3.184031823282177,1.824887990951538,2.821768833939261,3.0266857147216797,3.03924560546875,2.439744472503662,3.196899625118858
audio_420.wav,2.0,3.931882854427042,3.4094247817993164,4.275445461273193,4.03943379104737,4.778830528259277,4.107594056618517,4.0145111083984375,4.220804691314697,4.1145758628845215,3.6159151986050104
audio_203.wav,5.0,4.162146733469472,4.109400749206543,4.077824592590332,4.259172406646851,4.947626113891602,4.090564839367054,4.202183246612549,4.387365341186523,4.297285556793213,3.8975683172326283
audio_278.wav,5.0,3.5582869973040827,3.2984955310821533,3.0063271522521973,3.1450062304103623,3.66499662399292,3.435803739576973,3.601980447769165,3.728708028793335,3.2534091472625732,3.4292319530616435
audio_516.wav,2.5,3.4643887921263086,4.325693130493164,3.2416114807128906,3.236330650961226,2.955395221710205,2.6732331896136805,3.919818878173828,3.369553565979004,3.6954762935638428,3.6018034513650963
audio_326.wav,4.0,3.141139150169285,2.242946147918701,2.859403133392334,3.3267850611813654,3.6545519828796387,3.7802136595559546,2.1758391857147217,2.813443660736084,3.328619956970215,3.284449614105091
audio_603.wav,4.5,3.853915057516188,3.2164108753204346,4.151968002319336,4.883855115951683,3.5080416202545166,3.4187821429025176,3.308664560317993,3.202336072921753,3.5835020542144775,4.338274905699555
audio_199.wav,4.0,3.6466412303184494,3.8411130905151367,3.0451269149780273,3.122292571150163,4.414829730987549,3.5641094839599368,3.5546035766601562,3.861217498779297,3.8807952404022217,3.3916724631129496
audio_406.wav,2.5,3.389513149285331,3.539752721786499,2.7408816814422607,2.583571921182644,3.51499342918396,3.603043700773157,3.5317976474761963,3.643256902694702,3.4939370155334473,3.202233538520534
audio_538.wav,4.0,3.718267982153785,3.513835906982422,3.9687530994415283,3.9880565924393547,3.5891506671905518,3.5112057604400797,3.9352269172668457,3.528296709060669,3.5430798530578613,3.8636111332392136
audio_631.wav,5.0,4.4181504862505,4.140461444854736,4.4141669273376465,4.927948234808765,4.883274555206299,4.185838144096581,4.550686836242676,4.780468463897705,4.7182464599609375,4.10901540553821
audio_5061.wav,0.0,0.08912552790528463,0.7591707706451416,0.07961082458496094,0.038299752657465665,0.03046703338623047,0.0,0.35044431686401367,0.23581647872924805,0.06704044342041016,0.0
audio_196.wav,4.0,2.3896834355031435,1.835288643836975,2.7772421836853027,3.5222978760447328,2.250455379486084,2.4130995699711884,2.4001917839050293,1.6119565963745117,2.580298900604248,2.9278974881886857
audio_756.wav,4.0,3.7017639506084943,3.5175387859344482,3.5769944190979004,3.2291120032576486,4.116883754730225,4.510305617954404,3.4734418392181396,3.528510332107544,3.5764007568359375,3.75657012169717
audio_649.wav,5.0,4.507952381762687,4.228521347045898,4.111842155456543,4.653513077672381,4.109286308288574,3.8101849569051476,4.183523654937744,4.478270530700684,4.539385795593262,4.585883547539371
audio_27.wav,2.0,2.9466962201180076,3.2531931400299072,1.7896184921264648,2.576048825034706,2.698063850402832,3.4149742534708665,2.5008256435394287,2.838975191116333,2.9570541381835938,3.054704928738946
audio_681.wav,5.0,3.757068178157339,3.03220534324646,2.922896385192871,3.126911336146605,4.111111640930176,3.794845423734525,3.4111146926879883,3.8842852115631104,3.6170294284820557,3.6206972477554364
audio_556.wav,2.5,2.558794566360634,3.3684639930725098,3.6478304862976074,3.416489067124174,1.4330613613128662,2.521831218241371,3.441849708557129,2.0326952934265137,2.6539103984832764,3.0733773617441758
audio_185.wav,3.0,3.096537738212291,3.607417345046997,2.899925470352173,3.769661924469683,2.8241920471191406,3.726890953089232,3.2714438438415527,3.190117120742798,3.3570327758789062,3.0739570984065354
audio_369.wav,5.0,4.708936096307002,3.990947723388672,4.30399227142334,4.371728602979557,5.0,4.679172290950306,4.325822353363037,5.0,4.784572601318359,4.472645684690388
audio_241.wav,4.0,4.523651549045159,3.985121488571167,4.224905967712402,4.231103623290056,4.550599098205566,4.007542371048479,4.031230449676514,4.660414218902588,4.3881916999816895,4.428647462197842
audio_98.wav,2.5,2.225629517439809,2.877450466156006,2.0379321575164795,1.2704149390695476,2.075723171234131,2.175261415233219,1.7284132242202759,2.150043487548828,2.2764105796813965,2.2978348520450207
audio_389.wav,5.0,4.856731386387251,4.869812488555908,4.434590816497803,4.127068998727357,4.634575843811035,4.08304318638286,5.0,5.0,4.818803787231445,4.793739136449242
audio_357.wav,5.0,3.727325302700656,3.4618985652923584,2.97187876701355,3.3136906966814883,3.625311851501465,3.8137368145254205,3.26475191116333,3.7809367179870605,3.2537710666656494,3.70650841844914
audio_112.wav,3.0,3.414769189667181,3.1536271572113037,3.006701946258545,2.9573448607096013,3.8869166374206543,4.158583431295194,2.7417759895324707,3.3737223148345947,3.6170997619628906,3.3732164386322414
audio_675.wav,4.0,3.7954708351952577,4.2108612060546875,3.7717442512512207,3.1898022565037434,3.704586982727051,3.5430392182026305,4.1422953605651855,4.078986167907715,4.085480690002441,3.61993347794339
audio_113.wav,4.0,3.600107130104203,3.6491875648498535,3.4877383708953857,3.1267703509923734,3.874887466430664,3.881635050830542,3.4026288986206055,3.7330474853515625,3.4489905834198,3.471489473178658
audio_483.wav,2.0,3.4548555752397583,2.971837043762207,3.3766262531280518,3.1650929558371756,3.0291852951049805,3.5213662348655204,3.10417103767395,3.322540283203125,3.4075236320495605,3.6050719001743055
audio_474.wav,2.0,2.6890157455735624,2.9065589904785156,3.3700644969940186,3.29630053836861,3.248554229736328,3.3873507771082494,2.9579410552978516,2.733358860015869,2.6031527519226074,2.577850058611838
audio_725.wav,4.5,3.7561719097914277,3.568073034286499,3.69388484954834,3.8887698375062807,4.66182279586792,3.904466015925271,3.4016993045806885,3.7016384601593018,3.895876407623291,3.660351744982358
audio_774.wav,3.0,3.230853807766418,3.2076878547668457,3.546549081802368,3.7885356472115124,3.5221407413482666,3.421296039794679,3.385798692703247,3.5947017669677734,3.187971591949463,2.94606280069516
audio_588.wav,2.5,2.708557587324032,3.348926067352295,2.50927734375,2.1521008977358167,3.053807258605957,2.699444225121309,2.7166008949279785,2.4970273971557617,2.4393773078918457,2.7990468160409314
audio_395.wav,3.0,3.9235117364478764,3.4029829502105713,3.573408365249634,3.3599229141591063,4.122796058654785,4.2284942904896194,3.5560526847839355,3.5868966579437256,3.964970350265503,4.118593380387485
audio_210.wav,5.0,4.366260950386219,3.8968002796173096,4.442742347717285,4.974126741369473,4.8180999755859375,3.86991017018294,4.282922744750977,4.664899826049805,4.3115668296813965,4.101469085798523
audio_309.wav,3.0,3.1370767117226857,3.0925309658050537,2.7198667526245117,3.3563101515859524,3.2776341438293457,2.638490312788714,3.2017664909362793,3.3545968532562256,3.4690093994140625,2.971719214834312
audio_457.wav,3.0,2.5515995956181126,2.5903639793395996,3.3852055072784424,2.9485575568602687,2.0992045402526855,2.445943903678199,2.701742172241211,2.089322090148926,2.4818034172058105,2.9254421404996256
audio_492.wav,2.5,3.307171185388304,2.865180015563965,3.1707372665405273,2.8863313654509852,3.674699306488037,4.088332010187724,2.919628620147705,3.6013123989105225,3.567232847213745,3.057675382312601
audio_738.wav,5.0,2.650010904246213,2.386105537414551,2.4870426654815674,2.428718532848973,2.7048306465148926,3.4485475282152573,2.0143773555755615,1.8350026607513428,1.8918280601501465,3.1847395775783514
audio_305.wav,5.0,4.422446693806964,3.874826192855835,4.729880332946777,4.364036363877073,4.134859561920166,3.7997861409842324,4.607485294342041,4.590392589569092,4.46299409866333,4.352567947789555
audio_123.wav,3.5,2.7943538123000233,2.269467830657959,4.934408664703369,4.551893177423187,1.9886105060577393,2.730686741676728,3.469064235687256,2.6331186294555664,3.0869927406311035,3.019281168027102
audio_5053.wav,0.0,0.31398954590811795,0.7849206924438477,2.073166608810425,1.4896651773389267,2.2233242988586426,1.4861670553930582,0.5023236274719238,0.3671746253967285,0.30732011795043945,0.0
audio_89.wav,2.5,3.1159021038485233,1.9020750522613525,1.8587418794631958,1.997962993769456,3.7739453315734863,4.108523885632774,1.5883439779281616,2.5348525047302246,2.967911720275879,3.4068234453334565
audio_747.wav,3.0,3.1074810345287087,3.3469409942626953,2.6974945068359375,2.716259097971313,2.9303410053253174,3.388519422601554,3.1990389823913574,3.0797667503356934,3.1070122718811035,3.1517812215199035
audio_115.wav,2.0,2.960342318254939,2.0075931549072266,3.1004137992858887,3.730294781549221,4.10228157043457,3.143429087652844,2.5033020973205566,3.247309684753418,2.3606536388397217,2.6026367774513206
audio_235.wav,3.0,3.270822646916641,3.229188919067383,3.2814881801605225,3.1884869584168114,3.7419018745422363,3.0789079902952565,3.3598647117614746,3.3268485069274902,3.274078130722046,3.1647834781110573
audio_414.wav,3.5,3.0155205205018265,3.316354274749756,2.72428035736084,2.424585531458004,3.30183482170105,2.770612145963771,2.792217969894409,3.1545634269714355,2.9292564392089844,2.881156267646244
audio_56.wav,2.0,2.434933761186503,2.443209409713745,2.6101622581481934,2.8575559170135993,2.648679733276367,3.0437748722414186,2.019489049911499,2.5241739749908447,2.887637138366699,2.344321660472096
audio_43.wav,3.5,3.4101038810700617,2.643245220184326,4.019593238830566,3.6481672093301687,3.4640257358551025,3.910713355225742,3.232569694519043,3.085148572921753,3.1563966274261475,3.6186295455910074
audio_394.wav,5.0,4.653390975835176,3.5811150074005127,4.875603675842285,4.627037891292732,4.551879405975342,4.121107089994989,4.234143257141113,4.847990036010742,4.483085632324219,4.538614961223176
audio_423.wav,3.0,3.426847478804426,3.229088544845581,3.7666149139404297,4.122247517414607,2.505331039428711,3.2061325289540026,3.3197922706604004,2.7018768787384033,3.208271026611328,4.044066526922056
audio_579.wav,4.0,3.796431437588748,4.013433456420898,3.455613374710083,2.7620472310945368,2.1387269496917725,3.7127330567201646,3.8471591472625732,3.673729419708252,4.2310709953308105,4.120000450197482
audio_172.wav,3.0,2.9773525035672774,3.7206637859344482,3.1925675868988037,3.3637257610874323,2.6286203861236572,2.724753676997671,3.5824732780456543,2.5577991008758545,3.103883981704712,3.307619924664034
audio_144.wav,5.0,3.8009812080129404,2.891242504119873,4.8123626708984375,3.976365727275043,4.044123649597168,3.421603475741425,3.591555595397949,3.886462450027466,3.5614283084869385,3.7085833086430817
audio_151.wav,2.5,2.0241304618543743,2.718155860900879,2.919552803039551,2.533628050274433,0.8037073612213135,2.281030455710539,2.6031694412231445,1.8598829507827759,2.5637290477752686,2.3115657344654816
audio_65.wav,1.5,2.5021506588903693,3.1822774410247803,3.1067724227905273,2.871998063869624,2.5335094928741455,2.694883208699395,3.1349873542785645,2.533175230026245,2.4105238914489746,2.4769156382874287
audio_481.wav,2.0,3.485800999536859,3.434741973876953,4.750894069671631,4.178934031939387,2.6835310459136963,3.704326525684887,4.173199653625488,3.3819222450256348,4.047299861907959,3.672027037603984
audio_262.wav,4.0,3.9611066365471324,3.913567304611206,3.488288402557373,3.6257568327967515,4.709111213684082,3.572995629186913,3.8818204402923584,4.2010979652404785,3.8776516914367676,3.6921584213134575
audio_229.wav,4.5,3.9786152612168246,4.294290542602539,4.4674153327941895,3.5050401219716867,3.3909695148468018,3.5692443782018133,4.6659650802612305,3.9654440879821777,4.14750862121582,4.073123920443097
audio_22.wav,4.0,3.1479671010904786,4.025569438934326,3.7469687461853027,3.8723619351493666,2.7222719192504883,3.435160328046875,3.954310894012451,3.240173101425171,3.371005058288574,3.1486747746937485
audio_434.wav,3.5,2.5131307177783158,2.9594368934631348,3.4878876209259033,2.842922500234202,1.9466795921325684,2.990060797811479,3.0725512504577637,2.2105343341827393,2.8753769397735596,2.7972799041746703
audio_488.wav,3.0,2.7271749597371366,3.397986888885498,2.4655303955078125,2.8275323740311844,2.712437152862549,3.2606029233429132,2.807161331176758,2.9281697273254395,3.001966714859009,2.5954796130387936
audio_439.wav,3.0,2.819864726031113,3.8556978702545166,3.119039297103882,3.0011263719845216,1.6620465517044067,2.8537621268523408,3.7023534774780273,2.6502957344055176,3.0544474124908447,3.101709571231372
audio_160.wav,2.0,2.595198090131395,3.5641486644744873,3.2135746479034424,2.940654439949988,2.3556294441223145,3.3791100100565123,3.255573272705078,2.545999526977539,2.723784923553467,2.6629133607053714
audio_594.wav,3.0,4.111437812731954,3.4586188793182373,4.013945579528809,3.481302128774236,4.456400394439697,3.7149178202832944,3.6128528118133545,4.441860198974609,3.886713743209839,3.8410741240028
audio_651.wav,5.0,4.794531631448614,4.201115131378174,3.7860066890716553,4.382116893986458,5.0,3.3100659799451244,4.341732025146484,5.0,4.3851318359375,4.627729067601983
audio_569.wav,3.0,2.801677730011259,2.7869887351989746,1.9257112741470337,1.7101737448623653,3.221914529800415,2.749904568807054,2.232900857925415,2.907565116882324,2.5567336082458496,2.6698529127970607
audio_440.wav,2.0,2.2660430320053546,2.433742046356201,2.6651487350463867,1.5906438619443366,1.2059898376464844,1.7568233212625695,2.5096964836120605,1.9096627235412598,2.109187126159668,2.6580245392608934
audio_658.wav,5.0,4.360758974028056,4.021793365478516,4.2542572021484375,4.470683413875362,4.304692268371582,4.148966655805028,4.233371257781982,4.580594062805176,4.298312664031982,4.2225474631152915
audio_274.wav,3.0,2.6963663253599877,3.171203851699829,2.186537742614746,3.658915702927598,3.413567543029785,3.1643837168587394,2.8325300216674805,2.373720169067383,3.1663002967834473,2.806581545640931
audio_5065.wav,0.0,0.4849998228824112,0.2838773727416992,1.088271141052246,1.1159372316274974,3.023653268814087,1.5152225079423902,0.0,0.5050351619720459,0.053017377853393555,0.10126734697620919
audio_158.wav,2.5,3.215358364899093,4.050240516662598,2.999720335006714,3.019731266324114,3.333066463470459,3.3918164846356853,3.515536069869995,3.247875928878784,3.562445640563965,3.1765307419874267
audio_493.wav,4.0,3.810201041485263,3.694854974746704,4.763208389282227,4.160465852789122,3.396366834640503,3.336189454621268,4.273035049438477,3.860044240951538,4.1712727546691895,3.8373882537804094
audio_646.wav,4.5,4.145479558824515,4.521278381347656,3.9748167991638184,4.664555187161091,2.9145731925964355,3.5982393269475246,4.419241905212402,4.134693622589111,4.3311767578125,4.332251851212467
audio_64.wav,2.5,2.426909199488223,2.4974801540374756,2.374823570251465,2.557933727249866,3.034123420715332,2.85451526009995,2.170994758605957,2.293902635574341,2.1275739669799805,2.426887561682418
audio_451.wav,2.5,2.5589763445782037,3.457801342010498,2.859731674194336,2.8318011746092484,2.3525032997131348,3.2412926157109943,3.22127103805542,2.6095361709594727,2.703397274017334,2.555432261215208
audio_277.wav,3.5,3.5620415444728564,3.7737197875976562,3.9736227989196777,4.159318831578211,3.2992260456085205,3.0471006763041855,4.2027482986450195,3.5633373260498047,3.338153839111328,3.599523556973529
audio_491.wav,2.5,1.931606486207247,2.4574100971221924,2.643238067626953,3.197385878746661,1.6510779857635498,1.7961963896958262,1.8113279342651367,1.5828462839126587,2.256352424621582,2.2047806569903767
audio_52.wav,2.0,3.1181518921386058,3.485661268234253,2.869596242904663,2.811624957708818,2.9275364875793457,3.18158987306045,3.050926446914673,3.087428569793701,3.2708773612976074,3.166421908333946
audio_743.wav,4.0,3.355723513615549,2.5331339836120605,2.391664743423462,3.2090809037767913,4.008964538574219,3.6427624201177022,2.527543544769287,4.009722709655762,3.6008596420288086,2.8249069454608855
audio_243.wav,3.0,2.609303496848235,3.3821828365325928,3.1880714893341064,3.1579487390341865,1.8106355667114258,2.653871369319975,3.569108247756958,2.492643356323242,2.7089290618896484,2.8035153255191005
audio_661.wav,5.0,4.258062810737821,4.895715713500977,3.4938366413116455,3.37976075321052,4.667480945587158,3.893276064854123,4.956759929656982,4.792795181274414,4.398627281188965,3.8422417748173925
audio_456.wav,3.0,3.0305276512351638,2.7547755241394043,3.2239012718200684,2.8855300162050765,3.301175832748413,2.974692369424389,2.8607091903686523,3.2247228622436523,2.77841854095459,2.8617222988786226
audio_90.wav,4.0,3.6374616002120184,2.8530352115631104,4.350790023803711,3.660469113778689,3.3839845657348633,4.038400238148963,3.537914991378784,3.607339382171631,3.648267984390259,3.6945028702898384
audio_735.wav,4.0,3.719450221580664,3.310822010040283,2.6967110633850098,3.6687441318024683,4.418071746826172,3.5562258626299528,3.351902723312378,4.195456504821777,3.717876672744751,3.300540918614832
audio_775.wav,4.5,3.974726168711592,3.7623291015625,2.7431106567382812,3.1590749939676046,4.078968048095703,2.972928351649309,3.6470794677734375,3.953115463256836,3.74360990524292,3.9739081448394815
audio_587.wav,2.5,2.8495976201535766,3.3725247383117676,3.713756561279297,3.3756511674066796,2.8054347038269043,2.6368655826757577,3.5005180835723877,2.9480600357055664,3.0770020484924316,2.790473326643358
audio_103.wav,2.5,2.6444559465689985,3.3494083881378174,3.1176717281341553,3.0249034211805066,2.3770241737365723,2.834958829286896,3.102856397628784,2.6363213062286377,2.8022592067718506,2.6888913427323344
audio_111.wav,3.5,3.128007607296414,4.145144939422607,2.947091817855835,3.20764389660123,3.264353036880493,3.3364235559591098,3.862826347351074,3.507829189300537,3.6691412925720215,2.855185543684144
audio_421.wav,2.0,2.434885673726658,3.661161422729492,3.0600953102111816,2.9251027058926864,1.6189765930175781,2.4241243011124274,3.386552572250366,2.241079330444336,2.6276943683624268,2.682985871896613
audio_683.wav,4.0,4.452801356607467,3.4545648097991943,3.743701696395874,4.455150199242115,5.0,4.488749395753388,3.580204725265503,4.294671058654785,3.961878776550293,4.478266309741058
audio_152.wav,3.0,3.360387907766966,3.2741174697875977,3.0320799350738525,3.367363831654698,3.674842596054077,3.6684021171730175,3.2600128650665283,3.1746015548706055,3.3311655521392822,3.4382269087435007
audio_134.wav,3.0,0.961674442255736,1.8413912057876587,3.109973669052124,2.6799519341028284,2.4129433631896973,2.858482863315519,1.7439827919006348,1.2402997016906738,1.715857744216919,0.5643927113594477
audio_12.wav,4.5,3.5330027666951045,3.2533156871795654,3.5461771488189697,3.3278942874092046,3.7213692665100098,3.855503513401481,3.1940066814422607,3.4780406951904297,3.4121897220611572,3.542120127493996
audio_232.wav,3.0,3.4159959113213576,3.6951656341552734,3.1086766719818115,3.219263675846136,4.182003021240234,4.134019399840118,3.4418256282806396,3.426135778427124,3.0880815982818604,3.2974828474353304
audio_36.wav,3.0,3.590237543404302,3.5872225761413574,3.6758432388305664,3.112021975108171,3.7162222862243652,4.083711085786433,3.756686210632324,3.7857425212860107,3.4988534450531006,3.4416664542776316
audio_268.wav,5.0,3.719059131276638,3.168386936187744,3.5976502895355225,3.915931490178271,4.608213424682617,4.2983878372543165,3.3233566284179688,3.940930128097534,3.598783016204834,3.441583727895806
audio_68.wav,2.0,2.369266713183862,3.346843719482422,2.096623182296753,1.7146575396776105,2.1001856327056885,2.7340465812358086,2.8821654319763184,1.9712940454483032,1.93216872215271,2.6735420606371227
audio_729.wav,3.0,3.9268699039396866,3.006603717803955,2.8241865634918213,2.7751821780430435,5.0,4.354128991370304,2.9753687381744385,4.205953121185303,4.205942153930664,3.5844538283726615
audio_247.wav,4.5,3.4274003473009684,2.661696434020996,3.2908122539520264,3.006724188184739,3.7382140159606934,3.2774245401178805,2.585554599761963,3.459484577178955,3.5472054481506348,3.3606871029544623
audio_224.wav,5.0,3.9099240807608577,4.111939430236816,3.291555166244507,3.934338632116268,4.160488605499268,4.275916462307555,3.9760584831237793,4.326842308044434,4.061103820800781,3.5957341585716645
audio_425.wav,3.0,2.548199575911628,3.302607536315918,2.180887222290039,2.089776738730985,2.22519850730896,2.683071189268437,2.860229969024658,2.4327900409698486,2.6455585956573486,2.672178607462357
audio_392.wav,5.0,4.695311553072964,4.935850620269775,3.927611827850342,3.5272136959325424,4.334962844848633,3.8229608623783173,4.935635566711426,4.815512657165527,4.461702346801758,4.667842765184633
audio_615.wav,4.0,3.227041821632375,2.9338455200195312,3.0570743083953857,3.2712039774354817,3.462841033935547,3.573327196051545,3.0615296363830566,3.3461484909057617,3.1232709884643555,3.1133235980006964
audio_245.wav,3.5,4.076065316828167,3.831770896911621,3.1383414268493652,2.8434732521011044,4.069316387176514,3.673910393320739,3.744602680206299,3.9489901065826416,3.8632118701934814,4.161671383645271
audio_271.wav,3.5,3.053113618677908,3.189659833908081,3.759777545928955,3.7402626245996173,3.0026071071624756,3.4647426755156956,3.84150767326355,3.233799695968628,2.927227258682251,2.9401608198366542
audio_321.wav,2.0,3.261296854873848,3.3394062519073486,3.6336584091186523,3.3585969010146677,3.2186317443847656,3.1968731900661465,3.432116985321045,3.254624843597412,3.1658782958984375,3.2719647107668446
audio_5043.wav,0.0,0.3972945273138895,0.27763986587524414,2.7420201301574707,2.651494167284929,2.1770036220550537,1.190809048595719,0.7513971328735352,0.5374228954315186,0.5122463703155518,0.04432050763616027
audio_187.wav,5.0,4.581615411701986,4.135882377624512,4.447875022888184,4.380688475730743,3.8268072605133057,3.7546690850227913,4.495781421661377,4.786092758178711,4.435025691986084,4.5555775411303605
audio_221.wav,4.0,4.611328637361165,3.9695913791656494,4.234099388122559,4.603296744235,5.0,4.19254049294658,4.203344345092773,4.823862075805664,4.621518611907959,4.413091936186329
audio_219.wav,5.0,4.761322222885639,4.115046977996826,4.107175827026367,4.022116734449687,5.0,4.183764325015831,4.430482387542725,4.876156806945801,4.737170219421387,4.650028864617406
audio_601.wav,2.0,2.891081689345136,2.321892261505127,3.181809902191162,2.1126720452111707,3.8518152236938477,3.1088136298378526,2.299704074859619,3.067476987838745,2.89791202545166,2.6334458317674203
audio_100.wav,2.5,2.644600114079081,3.0522713661193848,2.881688117980957,2.7849538757735623,2.2648351192474365,2.7613862455048976,2.608806610107422,2.432138442993164,2.317415714263916,2.8414895813512384
audio_227.wav,4.5,4.5857046857770625,4.491171360015869,4.6097259521484375,4.53868392944087,4.324407577514648,3.37692011609411,4.763294219970703,4.607051372528076,4.451473712921143,4.609612949121348
audio_411.wav,2.0,3.114491014505739,3.0659494400024414,3.4053642749786377,3.6316854105863707,2.637500762939453,2.784549648037508,3.086911201477051,3.135631799697876,3.0030829906463623,3.170006113052598
audio_28.wav,3.0,2.692863739257896,3.4876532554626465,3.4139039516448975,3.449848399830075,1.2427680492401123,2.7184311992092383,3.303504467010498,2.4227051734924316,2.9188268184661865,3.0843361898526265
audio_653.wav,2.5,2.4817404672786454,2.739595890045166,2.4331507682800293,2.3562203642133936,2.3185455799102783,2.769904215910187,2.3816752433776855,2.2207651138305664,2.438162326812744,2.6793382924426474
audio_29.wav,3.0,3.5164104723356466,3.40556263923645,3.6688976287841797,2.5403090716306598,3.7638134956359863,3.3206673203379857,3.5743823051452637,3.47066330909729,3.242644786834717,3.510778025686284
audio_470.wav,2.5,3.0018012482982943,2.8923628330230713,3.4696097373962402,3.2997612914599266,2.696939468383789,3.1701376527201472,2.772047281265259,2.4492154121398926,2.900634765625,3.4142563727179582
audio_356.wav,3.5,3.0135318360604755,3.2006428241729736,3.3959994316101074,3.4612801418572965,2.0946812629699707,2.7924676545902622,3.573833465576172,2.7877871990203857,3.3295834064483643,3.2979194577522093
audio_365.wav,2.0,2.2552501822721673,2.8847498893737793,1.9479998350143433,2.1912981858669176,1.6732083559036255,2.6385242933200437,2.4061098098754883,1.8367398977279663,2.2159805297851562,2.6188629610453398
audio_58.wav,2.5,3.738798525801978,3.683426856994629,3.3142480850219727,2.8705434109286565,3.7901031970977783,3.408449742581184,3.716062545776367,3.6016924381256104,3.591535806655884,3.822614267496137
audio_708.wav,3.0,3.496452823827131,4.061784267425537,3.350778341293335,3.3205374507486765,3.334747314453125,2.9900364970364324,4.124693393707275,3.950024127960205,3.763559341430664,3.2180054120130377
audio_319.wav,4.5,4.613647834390188,4.257498264312744,4.11074161529541,3.9736105161680277,4.201248645782471,4.153763717265276,4.555865287780762,4.550837516784668,4.677989959716797,4.715643438104876
audio_5067.wav,0.0,0.3698942304102748,0.0,1.7878055572509766,2.0881822149103177,1.5740774869918823,2.2363452357569873,0.0,0.3700270652770996,0.46959757804870605,0.19411492010057077
audio_135.wav,4.0,4.14326527095469,3.882233142852783,4.256008148193359,3.7980819111371225,3.8559210300445557,2.5223815459720633,4.118012428283691,4.280027389526367,3.532968044281006,4.0941168581514304
audio_612.wav,4.0,3.8518178826046685,3.2577531337738037,3.9483771324157715,4.170007888875704,4.458259582519531,3.9457674933672555,3.864497184753418,3.9536685943603516,3.8831512928009033,3.695513776511867
audio_373.wav,5.0,4.433952058711178,3.8405349254608154,4.917293071746826,4.7964656138140525,3.6805148124694824,3.6498373002750015,4.826579570770264,4.504574775695801,4.097727298736572,4.496850090254069
audio_680.wav,5.0,3.937883359306908,3.0991275310516357,3.1152195930480957,3.2218739228744546,4.1147565841674805,4.025446169977244,3.1534903049468994,3.7036049365997314,3.680786609649658,4.068087192081906
audio_63.wav,4.0,2.795505831973049,3.081390619277954,2.935791254043579,2.8856520860569335,3.340376615524292,2.646868691387477,2.872018575668335,2.8353347778320312,2.701723575592041,2.689486225173681
audio_700.wav,2.5,2.9582336183751607,2.698305368423462,3.2997829914093018,3.0884201403513294,2.8537797927856445,2.3203789544950677,2.732684373855591,2.9113171100616455,3.2485196590423584,3.004715922254256
audio_429.wav,4.0,3.8345960201452876,4.076420307159424,3.7912802696228027,4.0830551295174065,3.9207000732421875,3.430466430572752,4.068752765655518,3.799839496612549,3.520761489868164,3.8451783213638917
audio_745.wav,5.0,4.6239826278237945,4.462172508239746,4.281483173370361,4.604812889765567,4.858003616333008,4.259339910691977,4.66764497756958,5.0,4.510671138763428,4.3394429418572775
audio_731.wav,2.0,3.3129545084564542,2.566293716430664,2.57759690284729,2.5465732265810903,3.6582303047180176,3.5119405803856556,2.661896228790283,3.2072741985321045,3.24072265625,3.332952813849925
audio_461.wav,5.0,4.0358122351047525,3.670351505279541,4.4237165451049805,3.926057457855986,4.477286338806152,3.5247834099811213,3.890085220336914,4.010201454162598,4.287985801696777,3.988455598724671
audio_79.wav,2.0,1.6382111310461034,3.2470223903656006,2.692517042160034,3.035651533665324,1.6570593118667603,2.6992076771328777,2.9773383140563965,2.399449348449707,2.655632495880127,1.1285405881177726
audio_5038.wav,0.0,0.15278148487202645,0.0,0.6118998527526855,0.40162949384774693,1.8972663879394531,2.1149696055225973,0.0,0.0,0.0,0.0
audio_760.wav,4.0,4.435003641081393,3.25671648979187,3.922196388244629,3.476037870663165,4.627199172973633,4.0459144080762295,3.609912872314453,4.376616477966309,4.562529563903809,4.4458431672074745
audio_72.wav,2.0,2.3352661523215166,3.7086856365203857,2.8216683864593506,2.7107873614700684,2.046133279800415,3.0709136967387622,3.2017457485198975,2.3989171981811523,2.5941262245178223,2.3350645228706086
audio_696.wav,5.0,4.25639753032066,3.738177537918091,4.324594974517822,4.9563287093638895,4.503372669219971,4.0392725617694065,4.326733589172363,4.0785064697265625,4.051032066345215,4.33882422629924
audio_744.wav,4.0,3.4062617637545527,3.6020941734313965,2.977670907974243,2.9552436550531067,3.584346055984497,3.6221126068681984,3.3653528690338135,3.534071922302246,3.503786087036133,3.295168380357319
audio_662.wav,5.0,4.475180241449719,4.083876132965088,4.250990867614746,4.8718254549415585,4.4507951736450195,4.15873663312583,4.506930351257324,4.75178337097168,4.682938575744629,4.294543628580177
audio_570.wav,3.0,3.3363398724075806,2.972640037536621,3.432755470275879,3.5131557031951726,3.715876817703247,3.9444891453916786,3.171586751937866,3.3526344299316406,2.998227834701538,3.2701144654258085
audio_10.wav,3.0,2.563246646863597,3.380276679992676,3.1094064712524414,2.9869092346945876,2.1058554649353027,2.1196667747872366,3.3416085243225098,2.7174248695373535,2.9147849082946777,2.527310496114688
audio_628.wav,2.5,3.1717675410314636,4.014265060424805,3.4692955017089844,3.7429857202341794,2.629528522491455,2.7236143861259117,4.039455413818359,3.2377538681030273,3.531987428665161,3.2069391060676167
audio_606.wav,3.5,3.2731009608325397,2.894023895263672,3.517052173614502,3.3357526774861217,2.9199373722076416,2.4202243481086914,3.245244264602661,3.0469565391540527,3.39792799949646,3.475220831856402
audio_73.wav,4.0,3.2336081201964593,3.5882632732391357,3.131584644317627,2.5772877890973995,3.1119978427886963,3.9628966213298233,3.293583631515503,3.1086249351501465,3.4062752723693848,3.3345793941886113
audio_605.wav,4.0,3.203259689612711,2.983121395111084,3.102152109146118,3.7620898571936174,3.4398374557495117,3.2800681216701904,2.927140712738037,2.885357618331909,2.8083677291870117,3.3804389162103283
audio_106.wav,3.5,2.980318251641938,3.233132839202881,3.774336338043213,3.7833373603804725,2.965998888015747,2.920263496493301,3.715394973754883,3.2063498497009277,2.914778709411621,2.831889431956898
audio_306.wav,5.0,3.7592894109905037,3.662376880645752,3.155850648880005,3.0049598276242597,4.2359161376953125,3.6890769549531814,3.2210185527801514,3.7941112518310547,3.8759543895721436,3.666560951879914
audio_75.wav,2.0,3.283104233206621,3.2659072875976562,3.4272897243499756,3.17832820353024,3.6915035247802734,3.109824923596593,3.12709641456604,3.1586081981658936,3.3149218559265137,3.3064224829214286
audio_550.wav,3.5,3.3607880792072082,2.3762035369873047,4.463799953460693,4.042351570251058,3.9864423274993896,4.141839002302037,3.1814584732055664,3.013364553451538,3.4540181159973145,3.500859684317175
audio_340.wav,5.0,3.865086674643339,3.646704912185669,3.8721771240234375,3.849712165239838,3.5971832275390625,3.789039582467846,3.871009111404419,3.7634358406066895,3.777057647705078,3.971864802753048
audio_272.wav,3.0,3.4936191370398633,3.149646759033203,2.8486478328704834,3.2432742159797487,3.7274975776672363,3.8549062999518524,3.0334391593933105,3.3117403984069824,3.818636417388916,3.5806121048738024
audio_518.wav,3.5,3.5667511696866554,3.959754228591919,3.2980947494506836,3.073760382950353,3.629396915435791,4.164477419744356,3.601463794708252,3.5700278282165527,3.7828164100646973,3.5554291497105144
audio_34.wav,2.0,3.061522733570208,3.5864951610565186,3.1306991577148438,3.3140974769874143,2.5944669246673584,3.920656973603081,3.660231828689575,3.1445491313934326,3.3779659271240234,3.074377783093244
audio_87.wav,2.0,2.4214567284667448,3.40860652923584,2.447087287902832,2.3804578008987396,2.5615365505218506,2.979137289070327,2.53737735748291,2.091892719268799,2.3890726566314697,2.6204809156403304
audio_211.wav,5.0,4.39028471005849,3.9590377807617188,4.112814903259277,4.3729998455405275,4.7805867195129395,3.763693894387084,4.001082897186279,4.699180603027344,4.1904120445251465,4.127640812182441
audio_431.wav,3.0,3.0744003832581885,3.1786482334136963,3.039910316467285,3.149823570382808,2.5070431232452393,3.5622537906743132,3.1107728481292725,3.0140955448150635,2.893211603164673,3.1973359977788487
audio_555.wav,5.0,3.8713370477557953,4.04987096786499,3.782472610473633,3.80857994729646,4.15659236907959,3.574347904433132,3.946753978729248,4.17427396774292,4.3699846267700195,3.6279876812054206
audio_648.wav,5.0,3.435349436196854,4.157228946685791,3.6411616802215576,3.6699209831299493,2.8477180004119873,3.5906705132828343,3.8213107585906982,2.9375767707824707,3.5576274394989014,3.8525598161393217
audio_5051.wav,0.0,0.11048586580070532,0.4569230079650879,2.305602550506592,2.39894543061356,0.6757557392120361,1.8400067905951045,0.1462714672088623,0.15255236625671387,0.395967960357666,0.0
audio_422.wav,2.0,3.391319618318004,3.477773427963257,3.913156509399414,4.426635112052372,3.071864604949951,3.21376554307004,3.7224292755126953,3.3739969730377197,3.3253567218780518,3.4494636655889104
audio_627.wav,2.5,3.532559789013687,3.683572292327881,4.165884971618652,4.063144666167875,2.979678153991699,3.0506170495908442,4.258201599121094,3.244359254837036,3.4176528453826904,3.805142756783838
audio_122.wav,5.0,3.489020896701925,2.7777774333953857,4.296049118041992,4.073327079814556,3.61260724067688,3.049862750414949,3.2477059364318848,3.532965898513794,3.434755563735962,3.4417259234281077
audio_88.wav,3.5,3.970360280498782,2.696929454803467,3.7490429878234863,3.275632310477809,4.591454029083252,3.5141998651408524,2.8161418437957764,3.8863253593444824,3.4859399795532227,3.935702621186306
audio_165.wav,2.5,2.988533609313688,2.2753961086273193,3.1472561359405518,3.466613626117855,3.5290768146514893,2.713322601908838,2.618685722351074,2.7248620986938477,2.5937554836273193,3.085251158762935
audio_276.wav,3.5,4.133715460700662,3.710566282272339,3.2183902263641357,3.891114084069948,4.22548246383667,3.5450826216121207,3.532932758331299,3.9938976764678955,3.724855422973633,4.213433492513853
audio_746.wav,5.0,4.775606471316785,4.730230808258057,4.139267444610596,4.937000048322082,5.0,4.744035167465781,4.764503479003906,5.0,4.811428546905518,4.593440154628522
audio_252.wav,3.5,2.653656192654225,2.927133560180664,2.434365749359131,2.7245911365585584,3.5610408782958984,3.4974712754962276,2.4921035766601562,2.589953660964966,2.7355527877807617,2.563688902704589
audio_266.wav,4.0,3.2439494567460336,2.2064085006713867,2.8674638271331787,3.3364673064242654,4.1731462478637695,3.220550499137256,2.2806639671325684,3.3657007217407227,3.057807445526123,3.027303150873252
audio_611.wav,4.5,3.1101178075127365,3.6251204013824463,3.2044546604156494,3.2641082234332743,2.641364574432373,3.030002457300726,3.8899097442626953,2.7918953895568848,3.221926689147949,3.39041845325428
audio_5058.wav,0.0,0.09619337740450248,0.7418854236602783,0.0003681182861328125,0.013179728485314967,0.033655405044555664,0.0,0.19170880317687988,0.2543480396270752,0.13044381141662598,0.0
audio_81.wav,3.0,2.939218243181963,2.9181435108184814,3.684825897216797,2.705991399728544,2.8262338638305664,2.971306915829056,3.275508403778076,2.527108907699585,2.9619014263153076,3.2301328459548047
audio_3.wav,3.0,2.5972465063435943,2.9292564392089844,3.314851999282837,3.290448985588366,1.3183956146240234,3.0453795362250373,2.9903151988983154,2.5029115676879883,2.7923178672790527,2.846650529497833
audio_21.wav,2.0,3.005045832844437,4.05208683013916,2.826483726501465,2.9952753879296803,2.639507293701172,2.9121723025779556,3.7775442600250244,3.387507677078247,3.2657294273376465,2.803690663034053
audio_190.wav,3.0,3.5728647650175858,3.0531184673309326,3.8183107376098633,4.123721211343849,2.227060317993164,2.1720093181386084,3.4158854484558105,3.172696590423584,3.3848090171813965,4.035696536119097
audio_189.wav,5.0,3.977317369074538,2.833393096923828,3.8190255165100098,3.855091138761351,4.090522766113281,3.7409410759196557,3.2686314582824707,3.852936029434204,3.7218191623687744,4.043628157092355
audio_519.wav,3.0,3.5130263934259855,2.890132427215576,3.3194580078125,3.8544221783715895,3.1652822494506836,3.209245022673256,2.8384056091308594,3.728882312774658,3.4116642475128174,3.4200205377736164
audio_748.wav,2.5,3.6186252336937024,3.288991928100586,3.2035365104675293,3.6623181967726985,3.824835777282715,3.6478370122219337,3.3342442512512207,3.6255409717559814,3.467709541320801,3.583933727459215
audio_505.wav,3.0,2.7765601631713097,3.379110336303711,2.608574390411377,2.5652421030586123,2.326993465423584,3.0702319765905703,3.1019985675811768,2.6794371604919434,2.756768226623535,2.906827882832491
audio_361.wav,4.0,3.596666541610076,3.33492374420166,2.8550221920013428,1.537654282094392,3.225787878036499,3.8063646751963947,3.4749631881713867,4.171133518218994,3.5751965045928955,3.268231239667171
audio_5052.wav,0.0,0.39302870739326834,0.0,2.869774580001831,2.888198432117428,1.5687212944030762,2.0458462398906456,0.3383753299713135,0.49386072158813477,0.7997651100158691,0.1543490196280595
audio_16.wav,4.0,4.354860721655001,3.8192455768585205,3.8435118198394775,3.6682859768044085,4.797821998596191,2.7787354477891433,4.1307220458984375,4.435072898864746,4.241998672485352,4.236817922231323
audio_327.wav,5.0,4.721846164063842,4.237405300140381,3.9606244564056396,4.308772921719204,4.366493225097656,4.139840659054979,4.376220226287842,4.681201457977295,4.205447196960449,4.800758263731632
audio_313.wav,3.0,3.4620846694736116,2.9621779918670654,2.8361220359802246,2.845320712586627,3.7598471641540527,3.150286912134485,2.560439348220825,3.1896252632141113,3.1596052646636963,3.6000760275948
audio_589.wav,2.5,3.0170050251544343,4.133060455322266,2.863786220550537,2.9043077718619448,3.355154514312744,3.7217073286539706,3.7601864337921143,3.3734841346740723,3.2066330909729004,2.7302837848397306
audio_416.wav,3.5,3.2918123921225173,3.5197739601135254,3.299055576324463,3.2357878831924616,3.118324041366577,3.6827501563305653,3.3057799339294434,3.110297679901123,3.2158682346343994,3.437997938538307
audio_762.wav,5.0,4.0236697808102075,4.187683582305908,3.644242525100708,3.5093897751121634,3.236203193664551,3.6959528285855123,4.084019184112549,3.7846732139587402,3.831984519958496,4.297713092559485
audio_714.wav,3.0,3.7101490193859314,3.264878034591675,3.002096176147461,2.812379297959205,3.555551528930664,4.259632858232881,3.218759536743164,3.610696792602539,3.480905294418335,3.798931672446005
audio_455.wav,3.0,2.5679933248594136,2.3302595615386963,2.645338296890259,3.381515674165002,3.164086103439331,2.622174538550253,2.1955504417419434,2.1191980838775635,2.6087803840637207,2.7798829917441985
audio_42.wav,3.0,3.5213428423411104,2.8700575828552246,2.383430004119873,3.2261962303251797,3.9147307872772217,3.7070042240588403,2.995880603790283,3.9318573474884033,3.011059045791626,3.1905792618959365
audio_561.wav,4.0,3.4328200528162442,2.994370698928833,4.331035614013672,4.221951006851612,2.8051886558532715,3.227911251574316,3.7289249897003174,3.141111135482788,3.452782392501831,3.718645330813973
audio_226.wav,3.0,3.1252128087621953,3.070101499557495,3.395935535430908,3.008046432812117,3.5114052295684814,3.4888873653287513,3.0354113578796387,3.5716750621795654,3.2957561016082764,2.7715608834686107
audio_110.wav,3.5,3.1280441493725077,2.8879079818725586,3.6539340019226074,3.691545965141479,3.1513290405273438,3.389606102311945,3.066612720489502,3.0916507244110107,3.327249526977539,3.1488818318404577
audio_739.wav,5.0,3.3771196128825824,3.2573251724243164,2.844794273376465,3.445811662548776,3.5756912231445312,4.374920719444161,2.531907081604004,3.2861881256103516,3.0293731689453125,3.40870064732548
audio_504.wav,3.5,2.4029486486410927,2.514023542404175,2.7224206924438477,2.9053228959936397,2.4562644958496094,3.2959859371857374,2.1586084365844727,2.044424533843994,2.404546022415161,2.633916729928883
audio_379.wav,4.0,4.6755471114553995,4.47307014465332,3.9451892375946045,4.504155716160627,3.7450432777404785,4.187203909780188,4.4646077156066895,4.532851219177246,4.3692946434021,4.906331474427246
audio_520.wav,2.5,2.4248739271290134,2.31089186668396,2.366284132003784,2.575262149930826,2.446188449859619,2.891467152884805,2.0745363235473633,2.1339550018310547,2.460355758666992,2.6154916489786015
audio_5068.wav,0.0,0.7352664960101807,0.35065698623657227,2.449183225631714,1.3479889617682497,2.939547061920166,2.1623669537297285,0.6575944423675537,1.245162010192871,0.6773014068603516,0.07411351779805807
audio_30.wav,2.0,2.5787790962328305,3.084115505218506,3.0894296169281006,3.738024707290656,1.8625494241714478,2.5196628902223344,3.0172507762908936,2.44553804397583,2.5134403705596924,2.7720046394289746
audio_5041.wav,0.0,0.15456171994923312,0.13943958282470703,2.1443161964416504,0.7228947842890178,1.4506816864013672,1.6941670360342749,0.03269076347351074,0.0,0.19555091857910156,0.06838235831327863
audio_485.wav,3.0,1.885668893119998,2.833651304244995,2.8681344985961914,2.46952048840221,1.1869828701019287,2.014462331054272,2.579833507537842,1.4411966800689697,1.719826102256775,2.283588569570404
audio_475.wav,2.0,2.690084118876146,2.755025863647461,3.425122022628784,2.7359655203958635,2.925534248352051,3.2618774519916376,2.809792995452881,2.6855628490448,2.933765411376953,2.658742629216099
audio_145.wav,4.0,3.6434380423597394,3.310464382171631,3.787667989730835,4.190106427324811,3.5089683532714844,3.7910603417744766,3.6126708984375,3.8030524253845215,3.866267204284668,3.55676748206809
audio_308.wav,5.0,3.9629568013553045,4.326852321624756,3.42507004737854,2.894353629961556,3.571399211883545,4.07791091955848,3.9499597549438477,3.8319544792175293,4.096263408660889,4.107321742645058
audio_184.wav,3.0,4.063790925209395,3.582693338394165,3.4299395084381104,4.107669480602545,2.9015231132507324,3.261369300680323,3.6753592491149902,3.665409564971924,3.7695038318634033,4.498654754578377
audio_586.wav,2.5,3.450739551721302,3.2183997631073,3.196718215942383,2.887707574850647,4.053015232086182,3.494083102349294,3.044806480407715,3.548290491104126,3.2839837074279785,3.29790655618894
audio_398.wav,3.5,4.306697752097637,3.8784117698669434,3.847121477127075,4.0871358973917316,4.175664901733398,4.747399753691629,4.275229454040527,4.277395725250244,4.108768463134766,4.345328184906055
audio_726.wav,5.0,3.345942767705945,4.065138816833496,3.4198341369628906,3.105463391450234,3.3844869136810303,3.0423243743747244,3.7807791233062744,3.7217581272125244,3.7938802242279053,3.090057760318355
audio_466.wav,3.0,3.6231079334075273,3.061605453491211,3.5721800327301025,4.0771315108773045,3.754276752471924,3.17289089492383,3.1443769931793213,3.8376712799072266,3.5288023948669434,3.4610892158296913
audio_218.wav,5.0,4.816606500796772,4.068232536315918,3.948514699935913,3.8440634614871376,4.802237510681152,3.3027872098429594,4.178746223449707,4.7439374923706055,4.685711860656738,4.867094386239927
audio_644.wav,3.0,3.501814718788722,4.179224491119385,2.7395551204681396,2.468856294674229,3.1364662647247314,3.857965613092944,3.6468405723571777,3.68392276763916,4.019599914550781,3.4338505809816104
audio_351.wav,3.0,2.7161197137706514,2.993267059326172,3.0219485759735107,3.489553673497318,1.925269365310669,3.475077461273112,2.9021799564361572,2.7763607501983643,3.25848126411438,2.7913896584745217
audio_248.wav,5.0,2.967527832485387,2.84757399559021,3.5200138092041016,3.876016454075621,2.8707849979400635,3.0898181427786864,3.3503334522247314,2.841395616531372,2.767404317855835,3.065636093780678
audio_83.wav,3.0,3.551882559559547,3.929459810256958,3.6182990074157715,3.6810840042007253,2.557387590408325,3.0779513105170477,4.099836349487305,3.130216598510742,3.405792713165283,3.977773843680654
audio_71.wav,2.0,2.699894563852074,2.9300994873046875,3.0048766136169434,3.495269452817366,1.9166572093963623,2.703424458805113,3.0760104656219482,2.1612508296966553,2.314225673675537,3.1728606231811978
audio_287.wav,5.0,3.7393038479454273,3.8735368251800537,4.171024799346924,4.677594359210919,2.490940570831299,2.813533169690648,4.308823108673096,3.3471827507019043,3.4337470531463623,4.182560234320717
audio_367.wav,2.0,3.4220013002481084,2.64876127243042,2.9986157417297363,3.4821566052049246,3.6908695697784424,2.8887286583390868,3.054840564727783,3.768143892288208,2.8497233390808105,3.152271470280447
audio_166.wav,3.0,3.6429179115532273,3.1177072525024414,4.03862190246582,4.187763244395484,2.610546827316284,3.194630162117588,3.7132279872894287,3.290525197982788,3.682037115097046,4.028205184478179
audio_94.wav,2.0,2.9519095973044576,3.0054545402526855,3.198690176010132,2.663733945424872,2.7432844638824463,3.2481571160892124,3.1487295627593994,2.9510085582733154,2.9608657360076904,2.9829481098868182
audio_108.wav,1.0,3.311380102594049,2.714160442352295,3.829556941986084,3.964019810722994,3.3950634002685547,3.581011474703073,2.932922601699829,3.0638225078582764,3.027252197265625,3.464023196669679
audio_511.wav,4.0,3.62524777582202,3.886096715927124,4.611229419708252,4.764138925353162,2.8808493614196777,3.3327378226266795,4.555253982543945,3.6521079540252686,3.422549247741699,3.715969205598246
audio_5059.wav,0.0,0.13148547281589662,0.10723733901977539,2.2503294944763184,1.6046681965631655,1.0218307971954346,2.7596357031518592,0.2610461711883545,0.0,0.28781914710998535,0.08914196700566286
audio_310.wav,5.0,3.866751749708427,3.7182071208953857,2.9082162380218506,2.8719902051230424,3.986361503601074,4.077882270384935,3.5176777839660645,3.975314140319824,3.783423662185669,3.7770072200374636
audio_50.wav,3.0,2.7432042270026638,2.1940150260925293,3.3333044052124023,3.68903930511687,2.8629233837127686,3.214790047545175,2.455388069152832,2.4997878074645996,2.839419364929199,2.8878319996424247
audio_6.wav,3.0,3.313742269272359,3.2915210723876953,2.6736342906951904,2.5575376936481464,3.244453191757202,3.651053753417254,2.939920663833618,3.172234058380127,3.223141670227051,3.418084134195681
audio_515.wav,2.5,3.6592174653128935,4.431756496429443,3.50093674659729,3.5337815080441493,3.572216272354126,2.9525211962442817,4.191408634185791,3.945162534713745,4.226923942565918,3.4814956262314327
audio_742.wav,4.5,3.744447127206355,3.78654408454895,3.1684112548828125,3.0162529158765365,4.643298149108887,3.954538972643142,3.492100238800049,3.9875481128692627,3.7479608058929443,3.4514195811750707
audio_545.wav,2.5,3.3065959967004734,2.773831844329834,3.5544021129608154,3.683299330280921,3.458170175552368,3.6580322626286654,2.8364036083221436,3.0239386558532715,3.332817792892456,3.472707258938277
audio_489.wav,3.0,3.1448874161066818,3.0846617221832275,2.7706551551818848,2.9653564393926835,3.6819992065429688,3.46640392247105,2.5285627841949463,3.1551334857940674,3.2711124420166016,3.0596995554983835
audio_697.wav,5.0,4.794609255236696,4.247534275054932,4.397561073303223,4.99332646428998,5.0,3.801142767766821,4.548366546630859,5.0,4.911190509796143,4.6278697076438995
audio_225.wav,3.0,2.966837355597855,3.0695693492889404,3.5782485008239746,4.125021364678035,2.051165819168091,2.5107076761195573,3.135129690170288,2.5051486492156982,2.783447265625,3.4078800470742454
audio_553.wav,2.0,2.451839442785941,3.393003225326538,2.3594884872436523,2.434416813890838,2.3266782760620117,2.343085022347408,2.6895580291748047,2.4613428115844727,2.448146343231201,2.4637720668830307
audio_237.wav,3.0,3.419329997396404,3.5043137073516846,3.5382511615753174,3.2477644366638705,3.4136314392089844,3.9070348934312378,3.36687970161438,3.4858484268188477,3.3470606803894043,3.3758657438251514
audio_197.wav,4.5,4.2413895841635965,3.221531867980957,4.690930366516113,4.663416748186163,4.809669494628906,4.516972623890376,4.1607890129089355,4.17819356918335,4.259470462799072,4.200560528815805
audio_449.wav,4.0,4.370269088015986,4.147058486938477,4.296972274780273,4.331913135147068,4.74369478225708,3.9230887529890173,4.228399276733398,4.724936008453369,4.428276062011719,4.079607799664742
audio_567.wav,3.0,2.4219683903481135,2.4989190101623535,3.221024513244629,3.700194174711504,2.245297431945801,3.1599579933268247,2.522773027420044,2.381309986114502,2.6735825538635254,2.4748198342489895
audio_477.wav,2.0,3.9645054091127054,4.305919647216797,3.6125071048736572,3.77789879704726,3.9699134826660156,3.549060658288666,4.283707141876221,4.2304511070251465,3.8938136100769043,3.7866189166426993
audio_728.wav,3.0,3.6609595286400753,3.3663008213043213,3.093127965927124,3.253185696151973,4.291298866271973,3.624544799974565,3.1717610359191895,3.852205991744995,3.7091057300567627,3.4416387003070152
audio_377.wav,4.0,3.5702704681331037,3.3846182823181152,3.364391565322876,3.3349981943238993,4.516025066375732,3.940226324026586,3.2557592391967773,3.9203341007232666,3.321268081665039,3.199171549566518
audio_633.wav,5.0,4.0116873220803155,4.1702704429626465,3.4557578563690186,2.8875156819267045,4.594374656677246,3.4587016251322504,4.010793685913086,4.527133464813232,4.0547404289245605,3.5834292401666965
audio_690.wav,4.0,3.235065194773145,3.5041139125823975,3.17523193359375,3.3359787561689225,2.591832399368286,3.74344346015856,3.5053675174713135,3.5286314487457275,3.883220672607422,3.133422717482316
audio_525.wav,4.5,4.2082834378444876,3.901310920715332,4.112648963928223,4.550367855557028,3.6274516582489014,3.2457647596267787,4.127902984619141,3.840217113494873,4.206480503082275,4.538128238262552
audio_31.wav,3.0,4.125387515784217,3.4857258796691895,3.9325499534606934,3.9178363310433135,4.57145881652832,2.566619983923141,3.895113229751587,4.330138206481934,3.9126994609832764,3.9239587940134744
audio_676.wav,4.0,4.321151486893157,3.9676883220672607,3.7795631885528564,4.847676050027691,3.7278363704681396,4.435227294461236,4.2095441818237305,4.438845157623291,4.237156391143799,4.3293423374413775
audio_263.wav,4.0,3.2937444219928196,3.784315824508667,4.031914234161377,3.228428489325808,3.0204575061798096,3.03879078350906,4.030163288116455,3.4735891819000244,3.392613410949707,3.2138556262331948
audio_5070.wav,0.0,0.18320807397691444,1.12734055519104,0.0,0.0,0.05067753791809082,0.0,0.0,0.2104814052581787,0.3028831481933594,0.1843825927664603
audio_510.wav,3.0,3.592397487550915,3.2314112186431885,3.7523598670959473,4.459964366844635,3.589996576309204,2.6843341747941922,3.7320332527160645,3.689967632293701,3.7199668884277344,3.5277742768553844
audio_577.wav,4.0,3.873488888619651,2.6983838081359863,3.3255200386047363,3.8138124215117415,4.189385890960693,4.027550311737675,2.7721540927886963,3.7595772743225098,3.8373115062713623,3.9032549285903704
audio_230.wav,4.5,4.537754174055389,4.6145853996276855,4.811909198760986,4.664639520931199,4.575498580932617,4.165011350234277,4.98567008972168,4.66358757019043,4.713414669036865,4.448452797504459
audio_314.wav,3.5,3.196262955414757,4.0866217613220215,1.8102824687957764,0.8044224044705516,3.0881271362304688,3.4834999008820042,3.2267279624938965,3.340383291244507,3.075772762298584,3.1160680036305335
audio_641.wav,4.0,2.928940645150967,3.0396368503570557,3.1191577911376953,3.0989390774490917,3.0146119594573975,3.0202637301713793,3.244408369064331,2.9682931900024414,3.24312424659729,2.890235680787175
audio_689.wav,4.0,4.229197830971515,3.922379970550537,3.6330721378326416,3.0151970801446395,4.519530296325684,3.4485361128693617,3.9610509872436523,4.706557273864746,4.205504417419434,3.8689569864677305
audio_352.wav,4.5,3.7462416573192483,4.14475679397583,3.6472558975219727,3.714986344264375,3.851318359375,3.4630000298987635,3.964766025543213,3.935194730758667,4.096187114715576,3.6050840772406003
audio_193.wav,4.0,3.549366425205335,3.4511771202087402,2.43546199798584,3.4090208842993115,3.6598992347717285,4.106961210011706,3.510913610458374,3.8250539302825928,3.6038825511932373,3.349654964996066
audio_5049.wav,0.0,0.015077165137334703,0.0,0.07961082458496094,0.038299752657465665,0.03046703338623047,0.0,0.0,0.0,0.0,0.022871899814141148
audio_300.wav,5.0,4.801046164394244,4.31346321105957,3.720179796218872,3.4283535183104745,4.947614669799805,3.9528027832658843,4.154820442199707,4.864165782928467,4.145047664642334,4.73762940295527
audio_581.wav,1.5,2.013961254602993,2.1947731971740723,2.3954944610595703,2.9599729064648512,0.8771724700927734,1.3048774625423452,2.083634853363037,1.3431729078292847,1.7692580223083496,2.626507809588792
audio_164.wav,2.5,2.063844111068884,2.210139751434326,2.3495004177093506,1.942970963272649,1.7754547595977783,2.45458383304303,1.8837878704071045,1.6774293184280396,1.896329641342163,2.363239971462831
audio_502.wav,3.0,3.2216083627634173,3.03853178024292,2.476086378097534,2.62477384807513,2.9544291496276855,3.4299042865285627,2.5044751167297363,3.170297622680664,3.321676731109619,3.2947585589891717
audio_380.wav,4.0,3.914155290106531,3.3688759803771973,3.8035545349121094,3.883052078696113,3.847919225692749,3.653825749381134,3.4824705123901367,3.656813383102417,3.6191599369049072,4.095187211894573
audio_15.wav,2.0,2.8495702973974844,3.555293560028076,2.845529317855835,2.340505346612568,3.0965569019317627,3.709535902576829,3.120699882507324,3.10032320022583,3.12038516998291,2.646554516538778
audio_238.wav,4.0,3.0701443485873416,4.822885036468506,1.8112200498580933,1.39525755081401,2.739812135696411,2.268597482587845,3.914010524749756,3.274299383163452,2.9554338455200195,2.9823898892094927
audio_53.wav,3.0,2.910735195871897,3.3143818378448486,3.188063144683838,2.876311020041618,3.2016618251800537,3.0881766627628746,3.314969062805176,3.0357449054718018,2.9509503841400146,2.7850429304172466
audio_283.wav,4.0,3.8914067821890628,3.6954965591430664,2.7964298725128174,3.338407147629869,4.293330669403076,3.478297729313792,3.675809383392334,4.294296741485596,3.623032569885254,3.5644751099431033
audio_614.wav,4.5,4.21810315468975,3.7189745903015137,3.9530553817749023,4.437474615693806,3.991732120513916,3.3955328931461946,3.920041084289551,4.071969509124756,4.069572448730469,4.348443494648914
audio_121.wav,2.5,3.0580150404947104,3.1496059894561768,2.962667942047119,2.207595192987213,2.6024231910705566,3.8811178915400943,3.066818952560425,2.95697021484375,3.055816650390625,3.191773436398574
audio_216.wav,4.0,3.754457021443662,3.873310089111328,2.863689422607422,2.913399944924094,3.898024559020996,3.8983805444820714,3.29663348197937,3.633798837661743,3.571415662765503,3.8138586516856345
audio_552.wav,2.0,2.898990413250194,2.9824042320251465,3.600398302078247,3.334858279156836,2.6727328300476074,2.6987912675975347,3.3448526859283447,2.62222957611084,2.7809066772460938,3.1163009163730604
audio_514.wav,2.5,2.3745104205018497,3.1062352657318115,2.44197416305542,2.047747169507783,2.8078434467315674,3.034973005467377,2.5211355686187744,2.119542360305786,2.5083038806915283,2.4810742155726158
audio_593.wav,5.0,3.941397947720966,3.9888436794281006,4.772793292999268,3.985198516892513,3.5308895111083984,3.517215590886792,4.697503566741943,3.7256195545196533,3.978428840637207,4.1449815541172494
audio_565.wav,3.0,2.532701201592216,2.0407121181488037,2.1901209354400635,2.580783377420102,3.009976863861084,3.198167094060598,1.711607813835144,1.8816578388214111,2.3492448329925537,2.8966065641466714
audio_140.wav,3.0,3.5089783027098287,3.3181517124176025,2.769228935241699,3.107046667900374,3.2697014808654785,3.4968578907655252,3.0852696895599365,3.758662223815918,3.749622106552124,3.377620416120168
audio_117.wav,2.5,2.8332456449603685,2.6895503997802734,3.434849262237549,2.879336977230792,3.463766574859619,3.3157283158683017,2.92448353767395,2.748406410217285,2.914856433868408,2.7977481610091393
audio_495.wav,4.0,3.7835156284634035,3.3644590377807617,3.778815507888794,3.621817245735365,3.6464827060699463,3.3868158342855708,3.284846067428589,3.4725353717803955,3.6487789154052734,4.01059546874875
audio_652.wav,3.0,3.3093535428229393,3.4663984775543213,3.2736196517944336,3.341479089413841,3.4085347652435303,2.5025656674082106,3.398852586746216,3.4912285804748535,3.5943498611450195,3.1737694918819552
audio_645.wav,3.0,3.0391470121933604,4.099246501922607,2.5865068435668945,2.4439799377749285,2.5424318313598633,2.1763977534999848,3.5400590896606445,3.252702474594116,3.3891489505767822,2.9694080054104552
audio_242.wav,2.0,3.0486382231573126,3.124847412109375,2.8028674125671387,3.0193891540149926,2.8468172550201416,2.9695079963519224,3.3647172451019287,3.170438289642334,2.6863059997558594,2.9969753956352356
audio_4.wav,2.5,3.5763868904467238,3.1715660095214844,2.8361148834228516,3.1195054316574957,3.894439697265625,3.6930552227745523,3.1083271503448486,3.577362060546875,3.3877499103546143,3.529333468342153
audio_93.wav,2.0,3.0900934180468838,3.216054677963257,2.3865280151367188,1.9089530004795705,2.93289852142334,3.3190627416674077,2.6243131160736084,2.894888401031494,2.8235278129577637,3.2430183333042666
audio_582.wav,2.0,2.600722111597607,2.93190336227417,1.9291255474090576,1.7861419099412237,2.145390272140503,2.3533818850060864,2.4842376708984375,2.1809909343719482,2.1566710472106934,2.946660860722132
audio_222.wav,5.0,4.412770403830791,4.217392921447754,3.8391785621643066,4.765997992469376,5.0,4.0263709219909245,4.282552242279053,5.0,4.30359411239624,3.936047865474972
audio_5042.wav,0.0,0.0025464822358488505,0.0,0.0,0.0,0.03162264823913574,0.0,0.0,0.0,0.0,0.0
audio_253.wav,3.5,3.126996781427353,3.3254778385162354,2.8915328979492188,3.0423828455585933,3.020712375640869,3.9598321570623294,3.1200008392333984,2.7781448364257812,3.171701669692993,3.3748097570087383
audio_167.wav,3.0,3.583626235513886,3.6313929557800293,3.153351306915283,2.969611720802309,3.8117403984069824,3.8236793223214085,3.6629064083099365,3.875246286392212,3.626431941986084,3.356149870852905
audio_583.wav,3.0,3.44389195020889,3.518355369567871,3.2060046195983887,3.4263063939077534,3.051264524459839,3.0147472721099464,3.4103527069091797,3.2253215312957764,3.3483221530914307,3.646725963593996
audio_682.wav,5.0,3.8330473096367212,3.0766818523406982,3.665743589401245,3.4949162765006525,4.5236968994140625,4.244296526612277,3.545799732208252,3.8155367374420166,3.7150442600250244,3.7439418057020903
audio_5045.wav,0.0,0.6091775911749433,0.26876091957092285,1.2686488628387451,1.3325693118165187,3.1573433876037598,1.9083856698973882,0.0,0.7435667514801025,0.06911826133728027,0.1479072385985513
audio_173.wav,3.0,2.63772722498084,3.7051656246185303,2.567535638809204,3.0262818795366386,2.293410301208496,2.8948104116323568,3.1922364234924316,2.5004732608795166,2.8410592079162598,2.7793628002845034
audio_338.wav,5.0,4.913174823773024,3.7845513820648193,5.0,4.469544679182119,5.0,4.710069567861613,4.897548198699951,5.0,4.996382713317871,4.842688733367953
audio_188.wav,5.0,3.9254569048529597,4.314640045166016,4.230845928192139,4.543711759935833,3.0760324001312256,3.268228089210717,4.338872909545898,3.8684260845184326,3.603803873062134,4.087366030810581
audio_59.wav,3.0,3.6352917770153583,3.88815975189209,3.1921775341033936,2.588231932087825,3.8304922580718994,3.1589996130487967,3.6110501289367676,3.7875471115112305,3.4469716548919678,3.505422704508877
audio_318.wav,5.0,4.252877747158777,3.485661268234253,3.4694736003875732,3.8884660023441695,4.11260461807251,3.7528309353265215,3.696704626083374,4.184444427490234,4.311840057373047,4.3189144882358
audio_17.wav,2.0,2.8014794025412337,2.4130899906158447,3.0116465091705322,2.6304244626474063,2.836313247680664,3.030164099644883,2.54258394241333,2.5675296783447266,2.9151201248168945,2.952187956177464
audio_551.wav,2.0,3.3215341658723263,3.3753161430358887,3.4134602546691895,3.4248434224719353,3.251438617706299,3.510678628326677,3.6145718097686768,3.5900521278381348,3.397510051727295,3.1529507728138144
audio_275.wav,4.0,2.949556154826515,3.2510204315185547,2.2993946075439453,2.724360429474651,3.5851340293884277,3.588910128578942,2.7970094680786133,3.009671688079834,3.0657527446746826,2.816793184715408
audio_368.wav,5.0,4.404520639135856,3.7002828121185303,4.078739166259766,5.0,4.39802360534668,4.406838619721861,3.8159382343292236,3.758364677429199,4.049732208251953,4.835754047704471
audio_730.wav,3.0,3.1959115080764264,2.6945905685424805,2.605510950088501,3.054843346727113,3.6863112449645996,3.3918277611613514,2.3553543090820312,3.1669297218322754,3.7394468784332275,3.1436614066556507
audio_5060.wav,0.0,0.024749255406208186,0.0,0.0,0.0,0.009991645812988281,0.0,0.0,0.0,0.0,0.043383318121022516
audio_685.wav,3.0,3.929262078326526,3.919405460357666,3.32265043258667,3.121655512266239,4.083746910095215,4.223970758158361,3.7608790397644043,4.158897876739502,4.075682163238525,3.7538045600549528
audio_7.wav,3.0,3.2603882538436286,3.6135952472686768,2.6572763919830322,3.3788314506499777,2.969315767288208,3.34563885169825,3.239617347717285,3.2731754779815674,3.2578699588775635,3.2943406393646497
audio_204.wav,5.0,4.546868560728162,3.7780284881591797,4.2421135902404785,4.678532122814805,4.652016639709473,4.459089041226417,4.082025527954102,4.510392189025879,4.269233226776123,4.555817604539098
audio_5064.wav,0.0,0.5292627547030224,0.3469374179840088,2.6243538856506348,2.6966888402419507,2.086852788925171,3.056682565126363,0.8582241535186768,0.7807049751281738,1.2114887237548828,0.13457034398396542
audio_127.wav,3.5,3.4031662118839945,2.790231466293335,4.069383144378662,3.778243745685644,3.2723910808563232,3.025181407272156,3.6587073802948,3.597275495529175,3.656850576400757,3.2929859133426262
audio_412.wav,2.0,3.182731323830612,2.1997015476226807,2.1807262897491455,2.835772512249634,4.126063346862793,3.2533342813100297,1.6999661922454834,3.1207435131073,3.0376996994018555,3.086377442093573
audio_132.wav,2.0,2.550831357520375,2.3966150283813477,2.8387060165405273,2.7771018832752112,2.6068472862243652,2.385297446347646,2.138498544692993,2.1324830055236816,2.0930304527282715,2.8212434027923727
audio_156.wav,3.5,3.1383341560794826,3.874945640563965,3.2964086532592773,3.4112690501054037,2.4979605674743652,3.2559334526457935,3.943335771560669,3.214172124862671,3.067960500717163,3.181263232722984
audio_426.wav,2.0,2.8019443832575264,2.961292266845703,3.061830759048462,2.80421453906359,2.5876004695892334,3.2788687819978435,2.686135768890381,3.0034897327423096,2.9779245853424072,2.6990050119231683
audio_709.wav,4.0,4.063836991413458,4.038169860839844,3.735934257507324,3.929525321440698,4.287576198577881,4.561278685543677,4.25367546081543,4.567524433135986,3.9396867752075195,3.6957799004370644
audio_291.wav,5.0,4.239393043304499,4.287380218505859,3.4576923847198486,3.60267603979033,4.7265472412109375,4.250798011795391,4.343079566955566,4.292848587036133,4.248668670654297,4.132720143760612
audio_523.wav,3.5,3.7009299166869,2.418327808380127,4.667103290557861,4.620432991043686,3.3847432136535645,3.4103728992315467,3.3015451431274414,3.7089788913726807,3.8212947845458984,3.7417017525139595
audio_632.wav,4.5,3.9058408086568903,3.8594212532043457,3.6778855323791504,3.53045742744725,2.847963333129883,2.859461716641413,3.7835357189178467,3.282747983932495,3.6227893829345703,4.475112966304152
audio_684.wav,3.0,3.9171737823340647,3.9324097633361816,3.615588903427124,3.389998083831485,4.1297287940979,4.454187199660424,3.803393840789795,4.000707149505615,3.7510018348693848,3.830535722798238
audio_512.wav,2.5,3.087889171147151,3.570977210998535,2.1702167987823486,1.5366884987840688,2.9229485988616943,3.32132641533564,3.1560776233673096,3.3361752033233643,2.8400020599365234,2.9466164702505684
audio_764.wav,5.0,4.607042462640748,4.389726638793945,4.580524444580078,4.1487473414061435,4.175112247467041,4.15731937300576,4.918338775634766,4.531789779663086,4.607090950012207,4.72017321966628
audio_585.wav,3.0,3.0442346887145506,3.097726821899414,3.52496337890625,3.2541234079858903,3.1277194023132324,3.002447140496814,3.1335289478302,2.6465234756469727,3.0092108249664307,3.2968964288336613
audio_562.wav,2.0,2.836354700114351,3.9213266372680664,2.392241954803467,2.8890078719881664,2.432939052581787,2.224799077777423,3.2946360111236572,2.980090856552124,2.447399139404297,2.799497033038645
audio_465.wav,3.5,3.2057739552152325,2.833688259124756,3.4315319061279297,2.499837983950822,3.2558560371398926,4.140181750225416,2.761641502380371,2.909907579421997,3.2297279834747314,3.3954890634846375
audio_37.wav,3.0,3.4616521037704366,3.5777478218078613,3.199615955352783,3.2764939765606496,3.149299383163452,3.2113849410079625,3.2402193546295166,3.5930397510528564,3.6933841705322266,3.4197313844291632
audio_47.wav,3.0,3.680796515409467,3.792074680328369,3.6987464427948,3.5179525204249367,3.6552417278289795,3.1072892489606474,4.1223649978637695,3.671471357345581,3.6841278076171875,3.6907347403191135
audio_233.wav,3.0,3.0435452631068376,3.112687349319458,2.7601521015167236,2.953687077626027,3.273791790008545,3.3439877073894486,2.685153007507324,2.902040719985962,2.856874704360962,3.1041823124830485
audio_621.wav,5.0,4.699516073470083,4.754718780517578,4.68878173828125,4.611213465174911,4.317280292510986,3.9252013289532575,5.0,5.0,4.815191268920898,4.555187432144387
audio_590.wav,3.0,3.4376673056188443,4.024104595184326,3.242885112762451,3.4008440817436143,2.8845255374908447,3.783140867599527,3.7104854583740234,3.64526629447937,3.5258612632751465,3.3801274721844856
audio_349.wav,3.5,2.789996761900688,3.456207036972046,2.5880048274993896,2.186927937490368,1.9211642742156982,3.009681618566406,3.1147055625915527,3.1170096397399902,3.294334650039673,2.698996739894848
audio_387.wav,5.0,3.9588575859624564,3.853320598602295,4.052932262420654,4.164789843041542,4.060581684112549,4.129634863403679,4.012007713317871,3.808976173400879,3.889516830444336,4.043824402832983
audio_630.wav,3.5,4.141787741986644,3.7352168560028076,3.610706090927124,3.400234637928483,3.9477007389068604,4.038479414086117,3.661067008972168,3.7875003814697266,3.8963675498962402,4.406030683437732
audio_5046.wav,0.0,1.1875749899471526,0.0,3.6242620944976807,2.7250888431743827,3.9289560317993164,4.033692541938512,0.736870527267456,1.7765635251998901,1.7353135347366333,0.3953895266101904
audio_183.wav,3.0,3.244580948177225,3.2984094619750977,3.3295669555664062,3.0120550014788328,3.5343379974365234,3.9126996173610404,3.476595163345337,3.2405972480773926,3.8338499069213867,3.2049580794368127
audio_607.wav,4.0,3.5110202876766987,3.5127954483032227,3.5125508308410645,3.6570536882195404,3.873382568359375,3.2189136649577303,3.1145973205566406,3.5922133922576904,3.2295258045196533,3.4040837012943945
audio_133.wav,3.0,2.2728572316632376,2.5638656616210938,3.1472742557525635,3.3852736784147304,2.2310938835144043,3.2597429882939135,2.447338819503784,2.2066128253936768,1.7960323095321655,2.3230637213623764
audio_443.wav,3.0,2.8420426744442597,3.1502981185913086,3.0373921394348145,3.177648661492962,3.0022952556610107,3.392720266257985,3.2028920650482178,3.131941318511963,2.991126298904419,2.625613655706117
audio_55.wav,2.0,3.365946834435653,3.318122148513794,3.438385009765625,3.4487662878985565,3.3157291412353516,3.349315752418061,3.242744207382202,2.9951345920562744,3.646063804626465,3.6202033624357255
audio_686.wav,3.0,2.9610995455017406,3.813812494277954,2.269908905029297,2.529199120069402,3.095334768295288,3.2267367065979533,2.8533148765563965,2.9984354972839355,3.070929527282715,2.9166519673294364
audio_740.wav,4.0,3.665632841756748,3.388399600982666,3.3679850101470947,3.253198801953325,4.450098037719727,4.464987672169569,3.2363133430480957,3.7157607078552246,3.6747567653656006,3.5177980933534547
audio_699.wav,2.5,3.2844209786866294,3.387540817260742,3.0491702556610107,4.203432923996471,3.6532044410705566,3.3962946023920897,3.574208974838257,3.345717430114746,3.5338833332061768,3.1897970355934144
audio_44.wav,4.0,4.162721439953956,3.5948829650878906,4.180047988891602,4.216420466380107,3.794022560119629,4.372778799487711,4.008213996887207,3.956890344619751,4.067009449005127,4.353580950896625
audio_500.wav,3.5,2.5609374981778883,3.407541275024414,3.1573662757873535,2.7937395589155565,2.588639259338379,3.307977905196178,3.090022087097168,2.6126232147216797,2.536269426345825,2.5224774621148978
audio_265.wav,2.5,3.6676973817050733,3.381080150604248,3.639029026031494,3.461070399237582,3.2208549976348877,3.340838988440387,3.62562894821167,3.8296234607696533,3.4778122901916504,3.625062736546312
audio_125.wav,2.0,2.7957404006468725,3.192619562149048,2.551038980484009,2.3785288481684312,3.5288569927215576,3.3509023807374767,2.821622133255005,3.275770425796509,2.7527246475219727,2.3691187791759
audio_413.wav,4.0,4.206911131188233,3.2112433910369873,4.234302997589111,3.885937247450811,4.395909309387207,3.7816321744803885,3.4948060512542725,3.9895918369293213,3.8624446392059326,4.324052575844159
audio_256.wav,4.5,3.791456090875972,3.683459997177124,3.4691858291625977,3.5419186214095904,4.137818336486816,3.846719252513272,3.683804512023926,3.755664348602295,3.8621511459350586,3.764755978767728
audio_350.wav,4.5,3.915814024241283,4.145912170410156,4.4037604331970215,4.777404468282537,3.6027541160583496,3.2178355520919473,4.628274917602539,3.507572889328003,3.8595187664031982,4.233343836437021
audio_364.wav,5.0,4.941972593763433,4.505660533905029,4.424170970916748,4.102912765825921,4.888966083526611,4.380538161556089,5.0,5.0,4.951001167297363,4.911064897499138
audio_131.wav,2.5,1.8661166887624292,1.0250122547149658,2.9801788330078125,2.478269302910599,2.062818765640259,2.9968741847441094,1.1091384887695312,1.3020825386047363,1.6580376625061035,2.21301704502183
audio_168.wav,3.5,3.218407532230662,3.4434306621551514,3.9772469997406006,3.704339725918235,3.1176724433898926,3.2108317951290037,3.9664509296417236,3.3188257217407227,3.6633896827697754,3.166234762093687
audio_557.wav,3.5,3.705748730025694,3.6475183963775635,3.530803918838501,3.436791546757507,3.716341733932495,3.655921533836621,3.692140817642212,3.548542022705078,3.4730989933013916,3.8088896424179284
audio_670.wav,3.0,3.253228380788375,2.886178493499756,4.180161952972412,3.821879796448596,3.9074087142944336,3.7381578992391367,3.4064271450042725,3.0208754539489746,3.402554512023926,3.312510683557153
audio_342.wav,4.5,4.384892904986594,3.7454473972320557,3.7381057739257812,3.3660758766625487,4.052242755889893,3.848491463058317,4.218520164489746,4.552298069000244,4.181253910064697,4.321948954337629
audio_2.wav,2.5,1.8945216907036475,2.4451754093170166,3.4268274307250977,3.2791733626978985,0.549034595489502,2.199968810091954,2.557391881942749,1.3424603939056396,1.8540085554122925,2.4584551957599494
audio_5048.wav,0.0,0.38968170591260987,0.5631706714630127,3.679025650024414,3.6450312768882402,1.3826088905334473,2.116882609607294,1.4466913938522339,0.6311099529266357,1.2278759479522705,0.08404231056119996
audio_741.wav,4.0,3.176547061013872,3.43631649017334,2.5739893913269043,3.4272094111709452,2.984436273574829,3.3974412310521465,2.9693803787231445,3.2015252113342285,3.229421377182007,3.187942761379123
audio_294.wav,4.0,3.6602030694934875,3.8456356525421143,3.1457815170288086,2.9896910338290352,3.1827757358551025,3.2640676475568715,3.750581979751587,3.5748634338378906,3.6120293140411377,3.7866889371541967
audio_370.wav,5.0,4.628820608471975,4.453119277954102,4.346445083618164,4.545245759986608,4.404369831085205,4.0491420151712925,4.468627452850342,5.0,4.705985069274902,4.414393837670719
audio_417.wav,3.5,2.902414910399272,3.524447441101074,3.2745652198791504,2.610114704330019,3.2220771312713623,2.298062102851385,3.3458268642425537,2.7829999923706055,3.094886541366577,2.935296340486588
audio_753.wav,4.0,4.137092070941148,4.223968982696533,3.8514435291290283,3.6894140508034954,4.167088985443115,3.676849253637484,4.1926469802856445,4.467042922973633,4.089115142822266,3.9129960102077024
audio_533.wav,3.0,3.189058061218844,2.8550238609313965,3.6044046878814697,3.6905171021054604,3.111142873764038,3.1090199108664116,2.7920408248901367,3.2085180282592773,3.1728386878967285,3.1874672202229815
audio_239.wav,4.5,4.874981396011529,3.678638219833374,4.296168327331543,4.84797791608686,5.0,4.319377812775761,4.015138626098633,4.9282050132751465,4.842270374298096,4.821298678405959
audio_566.wav,3.0,2.400691957475849,2.8545970916748047,2.346277952194214,2.6323501010077774,2.3104500770568848,3.138293495126655,2.326606512069702,2.0956451892852783,2.457122802734375,2.6169937607137492
audio_736.wav,4.0,3.471391152947938,4.76416015625,3.5682592391967773,4.2617527897578595,2.9574337005615234,2.5569094731590707,4.669729232788086,3.639190912246704,3.6665725708007812,3.4346372483405014
audio_541.wav,2.0,3.016198642274583,3.2455453872680664,3.015150547027588,3.5669811568762317,2.993919610977173,3.3447753710990464,3.0236189365386963,3.0478572845458984,2.9712817668914795,2.998367171203805
audio_531.wav,3.5,2.4606315436752118,2.631828784942627,2.5995070934295654,2.3778363365197395,2.7544033527374268,3.174555271663278,2.3124442100524902,2.257870674133301,2.561103343963623,2.5527917850714337
audio_280.wav,5.0,4.123428290204149,3.5931649208068848,4.014497756958008,3.892035440635937,5.0,4.01075484203353,4.065976619720459,4.468830108642578,4.364379405975342,3.765527560602624
audio_33.wav,4.0,4.155097813664941,4.0977559089660645,4.3783674240112305,4.2338610373844645,3.953615665435791,4.130082507425292,4.278491973876953,4.24894905090332,4.0704240798950195,4.121997120214736
audio_307.wav,5.0,4.543968894703031,4.224738121032715,4.125287055969238,3.6655003298112456,4.403542518615723,3.7003368140770676,4.377127647399902,4.464331150054932,4.328070640563965,4.6174891986299125
audio_617.wav,4.5,3.469681105444602,3.608018636703491,3.4149739742279053,3.1763890044797116,3.6236732006073,4.276901931045336,3.5395286083221436,3.7297017574310303,3.3803021907806396,3.2740617224330335
audio_613.wav,5.0,4.707068048307829,4.303094387054443,4.49908447265625,4.279302210171527,4.455142021179199,3.999376961599677,4.727130889892578,4.800948619842529,4.565058708190918,4.681307604246007
audio_472.wav,2.5,2.485326033095004,3.308954954147339,2.1827781200408936,1.9928650452555778,1.0602643489837646,2.2097074537538486,2.56294584274292,2.0686683654785156,2.25801682472229,2.970702083631645
audio_568.wav,3.0,3.0231329030619993,2.495950698852539,2.669483184814453,1.5872672550856437,3.4639668464660645,3.0291983212732356,2.4318318367004395,2.9911251068115234,2.7869577407836914,2.9801295401518875
audio_521.wav,4.0,4.378943112293382,2.9775378704071045,4.37843656539917,4.866011538384547,4.155824184417725,4.07832842027578,3.766165256500244,4.208280563354492,4.178671360015869,4.525143153788066
audio_401.wav,5.0,4.063613683850095,4.007862091064453,3.9027016162872314,3.897031587407716,3.045745611190796,3.3186677551300914,4.1016974449157715,3.6978440284729004,3.5257298946380615,4.455692878576923
audio_573.wav,2.5,2.815518794923624,3.471435785293579,2.546658515930176,2.4737998298011483,1.8647682666778564,2.98761802443938,3.0145556926727295,2.595654010772705,3.135098934173584,3.100645146588154
audio_180.wav,3.0,2.812947320522813,2.968493700027466,3.3876793384552,3.5990619318686567,2.8965132236480713,3.2940338520667996,2.878535747528076,2.8258228302001953,3.062318801879883,2.7921810136120415
audio_320.wav,3.5,2.9093549867270836,3.321042537689209,2.250977039337158,3.222428464550424,2.818439245223999,2.2948500018139493,3.2915823459625244,2.836972713470459,2.939913511276245,2.9708201345289487
audio_85.wav,3.0,3.1504322171563715,3.786029815673828,3.3394274711608887,3.385872834035014,1.6811957359313965,2.5853068033883413,3.657027244567871,3.1609342098236084,3.1338531970977783,3.3578010065051482
audio_296.wav,2.0,3.7460651792181014,3.6651642322540283,2.8214986324310303,2.7060795573313485,4.052217483520508,3.4843782854094565,3.319808006286621,4.131031513214111,4.342413902282715,3.4450422479415344
audio_250.wav,3.0,2.985303541575737,2.8724427223205566,2.472158670425415,1.7961180861772743,2.4706709384918213,2.404898847024742,3.30526065826416,3.27239727973938,2.51456618309021,2.869208391870978
audio_346.wav,5.0,4.457380004492723,4.038580894470215,4.523532867431641,3.285864843824821,4.182779788970947,4.168019733525077,4.482937812805176,4.490689277648926,4.43822717666626,4.475263121142698
audio_335.wav,4.0,3.27928668897022,3.7451679706573486,2.721511125564575,2.597235105413954,2.5812511444091797,3.545365479354137,3.4334876537323,3.5041089057922363,3.1749281883239746,3.231417699368745
audio_20.wav,2.0,2.5570377918980474,3.3695380687713623,3.275672435760498,3.230882230315101,2.2758266925811768,2.46025413151024,3.249847412109375,2.5728683471679688,3.0578620433807373,2.587524794392287
audio_5071.wav,0.0,0.01755771922226004,0.10178232192993164,0.0,0.0,0.009991645812988281,0.0,0.0,0.0,0.0,0.030353575881632972
audio_558.wav,4.0,2.853905661185632,3.6817421913146973,4.240050315856934,3.9216401551256355,2.5879440307617188,2.963316680092263,4.069207191467285,3.077627658843994,3.4372663497924805,2.7437295556118424
audio_289.wav,2.5,2.2580374442477176,3.3223729133605957,2.4689102172851562,2.6057606832123454,1.427715539932251,2.419271326913941,3.023937702178955,2.1948635578155518,2.5960564613342285,2.4212502576219266
audio_620.wav,5.0,4.299003379529291,3.846686840057373,3.911440372467041,4.486995639726751,3.9081614017486572,4.386837447209553,4.20937442779541,4.465046405792236,4.599063396453857,4.245456710738337
audio_665.wav,3.0,3.0925309842361965,3.7263410091400146,3.0991125106811523,2.56910811545589,3.320056438446045,3.103250355562583,3.496048927307129,3.350581407546997,3.3607215881347656,2.8874950590889017
audio_751.wav,4.0,4.29519158901611,4.00743293762207,3.712376117706299,3.489048627832017,4.458610534667969,4.181433000826419,4.002740383148193,4.704842567443848,4.4031453132629395,3.9985556202920787
audio_442.wav,2.0,1.98390388777112,2.3221325874328613,2.6321163177490234,2.0650115733844046,0.7471516132354736,2.0554267165886593,2.423447370529175,1.0905756950378418,1.860538363456726,2.75922796676775
audio_362.wav,5.0,4.863044783717505,4.412573337554932,4.364971160888672,4.689674069712067,4.662829399108887,4.330689905233675,4.690931797027588,5.0,5.0,4.801055646596651
audio_311.wav,3.5,3.0838825490937403,3.4567489624023438,3.351330280303955,3.4069395709058474,3.735757827758789,3.7678596760036727,3.892270803451538,3.3887524604797363,3.5230820178985596,2.785755963980288
audio_724.wav,5.0,4.284063457923639,3.946524143218994,4.193676948547363,4.510651757108604,3.5709805488586426,3.8020052369886335,4.364491939544678,4.344722270965576,4.088749408721924,4.347708895810405
audio_39.wav,3.0,2.619513300363691,2.8200578689575195,2.4369962215423584,2.3210889943523565,3.2881855964660645,2.851723947608276,2.364182949066162,2.643986463546753,2.518272638320923,2.5056566586840243
audio_290.wav,2.0,1.8642821361431086,2.991607666015625,1.8476576805114746,1.9302857735082612,1.0741631984710693,1.304791094552371,2.66668963432312,1.6298868656158447,2.051881790161133,2.1356483508750284
audio_23.wav,2.5,2.8106144985686266,2.965564489364624,2.412156581878662,2.565083656688999,3.0234670639038086,2.353231346500209,2.610909938812256,2.4727797508239746,3.2731335163116455,3.004528727082051
audio_624.wav,3.0,3.7204252782244973,3.5221688747406006,2.7922189235687256,2.4148403160025795,3.6281685829162598,3.6952888294537374,2.9840691089630127,3.5993995666503906,3.832399845123291,3.8144785077394303
audio_206.wav,5.0,4.699077148581573,4.130356311798096,3.9024429321289062,3.726685364137556,4.515766143798828,4.585538087344079,4.281380653381348,4.821348190307617,4.547271251678467,4.644400079597153
audio_288.wav,4.5,3.7225324259435535,3.636845111846924,3.1422526836395264,2.879608113856486,3.8410110473632812,4.448582551244186,3.506943941116333,3.840536594390869,3.7170791625976562,3.6266654995880034
audio_60.wav,3.0,3.1207534373966306,3.007800579071045,3.1456406116485596,3.2449510144908316,2.8378329277038574,3.829256541029345,3.067976713180542,3.0157358646392822,3.01737642288208,3.231964526012714
audio_80.wav,2.0,3.386068566745481,2.644805431365967,3.549490213394165,2.8426499786564214,3.259101629257202,2.915258989590414,2.932250499725342,3.093766927719116,3.2663872241973877,3.5992413881923264
audio_214.wav,4.0,3.9338732166444275,3.966923952102661,4.048572063446045,4.312696596443884,3.458811044692993,3.0544662768253086,4.035160064697266,3.8868298530578613,3.8748340606689453,4.034511912103562
audio_599.wav,2.0,2.562316293190882,3.01835036277771,2.78054141998291,3.0036561352833377,2.984198570251465,3.5043062481758303,2.5628294944763184,2.518670082092285,2.8118443489074707,2.5298281913000236
audio_5063.wav,0.0,0.4287165254855321,0.0,1.603155255317688,2.043471627680238,3.124021053314209,1.8987617829825503,0.0,0.4671444892883301,0.43575382232666016,0.009880649467128555
audio_207.wav,4.0,3.7445820008733435,3.8802459239959717,3.4952261447906494,4.008501443719949,3.793968915939331,4.096615277656321,3.9273147583007812,3.826479434967041,3.696104049682617,3.6828396303554034
audio_438.wav,3.0,3.2031826295663377,3.363706350326538,2.278140068054199,1.920699810046497,3.876389741897583,2.1744108958630544,2.7982990741729736,3.505147695541382,3.039412498474121,2.9038781033396184
audio_332.wav,5.0,4.625848563920011,4.115750789642334,4.540176868438721,4.996915166697843,4.552773475646973,4.655619516302986,4.315878391265869,4.483930587768555,4.6474175453186035,4.731015678612157
audio_159.wav,5.0,3.97706177164088,4.344979763031006,3.996711015701294,3.6662369701461675,4.087292671203613,2.9801200219359334,4.411513805389404,4.254330635070801,4.140036582946777,3.7763413086584126
audio_478.wav,2.0,3.2017535663487577,3.7587244510650635,2.959256887435913,3.1028021060143787,2.7251083850860596,3.5914418704178357,3.2755467891693115,3.2624056339263916,3.457566261291504,3.230907130280298
audio_46.wav,3.0,3.066148292001215,3.3555314540863037,4.213444232940674,3.9768827831605926,1.9001524448394775,2.958225065944383,3.919090747833252,2.470726728439331,2.554262161254883,3.632768235370803
audio_130.wav,3.0,2.4871863065949507,3.212067127227783,2.419894218444824,2.9996585229348387,2.2140088081359863,2.7277953468564724,2.7076451778411865,2.2085623741149902,2.6478865146636963,2.7125831101667015
audio_437.wav,2.5,2.308783289272296,3.0259275436401367,2.4162802696228027,3.1735699129626935,2.0763251781463623,2.8146307753481845,2.5633513927459717,2.088380813598633,2.3190460205078125,2.48946852658857
audio_771.wav,5.0,4.460599799649709,4.2940473556518555,4.593833923339844,4.567595451008128,4.452505111694336,3.609607032953663,4.77540922164917,4.769407272338867,4.664918899536133,4.256141031215951
audio_759.wav,4.0,4.5630393589481555,3.48679256439209,4.293355941772461,4.064566322041905,5.0,4.125162732054068,3.9886527061462402,4.838899612426758,4.817792892456055,4.315586902262185
audio_25.wav,3.0,3.0215705101604264,2.9722635746002197,3.060222864151001,2.904648095692059,3.5787458419799805,3.9460591948945636,3.2072641849517822,3.4046239852905273,3.5109825134277344,2.68519701454898
audio_191.wav,3.0,2.2728623627404962,3.0727059841156006,2.449383497238159,2.2987552100940274,2.207604169845581,2.9689572827756496,2.8302698135375977,2.1904220581054688,2.416132926940918,2.3372818655903203
audio_182.wav,3.0,3.409649383288212,3.5605642795562744,2.641132354736328,3.104046727697873,3.0673413276672363,2.5263593420146733,3.626951217651367,3.6115667819976807,3.5645430088043213,3.3251322816624094
audio_236.wav,3.0,2.6647995769158914,3.3137083053588867,2.1770644187927246,1.4446085259156518,2.2619097232818604,2.9259822754856137,2.897557258605957,2.4951539039611816,2.7596147060394287,2.83655111973848
audio_24.wav,3.0,3.211177377804631,3.528470277786255,2.8153955936431885,2.836865608447237,4.081198215484619,3.6597528701840054,2.8679094314575195,3.6042776107788086,3.3931851387023926,2.8224692935790916
audio_428.wav,3.0,3.309300704598792,3.3698036670684814,3.6261470317840576,3.4146291143951997,3.8010988235473633,3.3592784931151023,3.4595189094543457,3.32910418510437,3.244382619857788,3.224359696858608
audio_678.wav,5.0,4.290389955933739,4.558422088623047,4.871624946594238,4.685844342361168,3.4917428493499756,3.881631904196117,5.0,4.478463172912598,4.734709739685059,4.281671977388665
audio_591.wav,2.0,2.4223250198802977,3.0935158729553223,2.3019509315490723,3.057770324749081,1.1268322467803955,1.7113155584271802,2.3828556537628174,1.8897709846496582,2.649331569671631,2.965974137474717
audio_597.wav,2.0,3.1571037407638105,2.8950164318084717,3.6859514713287354,4.107891655958844,3.440399646759033,3.8636310644636254,3.0356199741363525,2.932384490966797,3.303074359893799,3.2654148540924615
audio_580.wav,1.5,2.2056308945635568,3.310842752456665,2.152186155319214,2.7909756825677254,1.6663517951965332,2.14826824710432,2.8296926021575928,2.019918441772461,2.233018636703491,2.4079808099745144
audio_19.wav,3.0,3.004419981419413,3.756431818008423,3.5443308353424072,3.6198606183011743,2.850487232208252,3.453852924279111,3.599994659423828,3.0084407329559326,3.280306100845337,3.024201353405205
audio_476.wav,2.0,2.999529486881395,3.5321083068847656,2.220583915710449,0.9686651512656295,2.623225450515747,2.903404892209644,2.903446912765503,2.7209556102752686,2.8285303115844727,3.239939163553438
audio_375.wav,3.5,3.092620358833617,3.757378101348877,2.504122734069824,1.8801050229730507,2.95939302444458,1.9640635972058618,3.077223062515259,2.9474339485168457,2.9859509468078613,3.2087402141016304
audio_642.wav,3.0,2.140955270036409,2.5235488414764404,1.6044390201568604,1.9754456686685917,1.1630079746246338,1.6170968084846502,2.3380630016326904,1.8197712898254395,2.0735716819763184,2.497519699015805
audio_66.wav,2.0,2.806158444115215,2.916130781173706,2.963883638381958,3.2029639080009975,2.501948356628418,3.059840683072019,2.860023021697998,2.7947559356689453,2.814819097518921,2.8581359372839072
audio_186.wav,5.0,4.405890312434914,4.221662998199463,4.0990753173828125,4.347888983379933,4.071648597717285,4.282549180880963,4.226035118103027,4.400647163391113,4.178119659423828,4.458147817917164
audio_713.wav,4.0,4.8655654888195565,4.128174781799316,4.606107711791992,4.974015678212398,4.745199203491211,4.000439864525367,4.658754825592041,4.919004917144775,4.444828033447266,4.847540819778199
audio_354.wav,3.5,4.161436449473878,3.712219715118408,3.6821670532226562,3.6361811486860014,4.950963973999023,4.22274744105529,3.624799966812134,4.35878849029541,4.380511283874512,3.914824195515901
audio_768.wav,5.0,4.360424050530822,4.309970855712891,3.997887372970581,4.446807797442355,4.2111005783081055,4.336283509308986,4.623806953430176,4.522789001464844,4.508087158203125,4.274089016833983
audio_14.wav,3.5,3.611412239127924,3.185267686843872,4.0649614334106445,3.535324523253421,4.555850982666016,3.041524906992059,3.8987255096435547,4.417770862579346,3.5652174949645996,2.9366512432293264
audio_208.wav,4.0,3.939858090951038,3.999843120574951,3.7544474601745605,4.392939102847209,4.140276908874512,4.085217024468203,3.9400691986083984,4.117901802062988,4.002910614013672,3.7920547724397937
audio_418.wav,2.5,2.9766765707659237,4.459961414337158,3.3596737384796143,3.7266232305389337,1.9982011318206787,2.9317797655109707,4.510225772857666,3.3739683628082275,3.6601481437683105,2.854873660334737
audio_212.wav,5.0,4.521246522139602,4.938148498535156,3.8669958114624023,4.166970843188368,3.2396745681762695,3.8755670201970407,4.772919654846191,4.619657516479492,4.553696632385254,4.642694979999567
audio_177.wav,2.0,4.056912050863983,3.3085975646972656,3.5227253437042236,3.973431942513592,3.748291492462158,4.454360801315795,3.489102363586426,3.6058521270751953,3.940791130065918,4.402307869688344
audio_503.wav,2.5,2.5609333379496553,2.258251667022705,3.231901168823242,3.494690369092786,2.320347309112549,2.676947343532176,2.500387191772461,2.116318702697754,2.343216896057129,2.8921108700229614
audio_564.wav,2.0,2.5832061296628512,2.8261616230010986,2.1138181686401367,2.497883737730723,2.783191442489624,2.8908494487482748,2.4044017791748047,2.617337465286255,2.6748239994049072,2.5312995898162334
audio_257.wav,4.5,3.9538739589351377,3.518583297729492,3.484659194946289,2.935774898553699,5.0,4.064411696900578,3.2243399620056152,4.3692169189453125,3.8876500129699707,3.5246602658170185
audio_408.wav,4.0,2.6888177818662062,2.9794507026672363,3.1158699989318848,3.541668198002604,2.173158645629883,2.5288098111012363,2.9645533561706543,2.2002151012420654,2.6209659576416016,3.0894209343403807
audio_468.wav,2.5,3.2735235981902533,2.9318912029266357,3.428399085998535,4.115838172619796,3.7068302631378174,3.4694078729908737,2.885120153427124,2.744168281555176,3.1377696990966797,3.562810059121164
audio_574.wav,2.5,2.6371744056734787,3.015629529953003,3.497164726257324,3.4033265576518392,2.416494607925415,2.3155540638682357,3.10082745552063,2.6968417167663574,2.492243766784668,2.629638275336251
audio_26.wav,4.0,3.301885159902671,3.070106029510498,3.2705605030059814,2.4757806876666355,5.0,3.5007424296224223,3.135732650756836,3.7566916942596436,3.2903082370758057,2.7512666022727568
audio_480.wav,3.0,3.0064806229546606,3.5074048042297363,2.88728928565979,2.9388164990190218,3.2928781509399414,3.7571390590878035,3.2889673709869385,2.883497476577759,3.0897281169891357,3.04659152576726
audio_706.wav,3.0,3.084179844514511,4.055854797363281,1.3921574354171753,0.8512469552598252,3.113598346710205,2.822733328756962,2.5490286350250244,3.308389902114868,3.1104326248168945,2.9305826440925173
audio_57.wav,2.5,3.148797831617572,2.7979588508605957,4.481649875640869,4.188117197926824,2.3802366256713867,3.3858053998736124,3.4804556369781494,2.7762227058410645,3.2111384868621826,3.5090349181147094
audio_209.wav,5.0,4.2731863626823685,3.6158525943756104,3.942277669906616,4.395292893594886,4.76651668548584,3.8105703059728095,3.7917165756225586,4.360297679901123,4.0825581550598145,4.143200451271202
audio_712.wav,4.0,4.228975244020372,4.199136257171631,4.4409284591674805,4.647601666130606,4.397251129150391,4.023694524947301,4.660898685455322,4.221829414367676,4.362849235534668,4.2091822413656805
audio_353.wav,3.0,3.3131264198069235,3.2020082473754883,2.8631653785705566,3.3462916573292953,3.9511682987213135,3.4630982034652393,3.0520830154418945,3.6397690773010254,3.3388736248016357,3.0025193171840536
audio_575.wav,2.0,2.8134897893180986,2.926069736480713,3.503598928451538,3.4977874895700998,2.3452868461608887,3.3636001330810665,3.3155570030212402,2.5334246158599854,2.8762760162353516,3.0683006340881978
audio_383.wav,3.5,3.629479776841326,3.8273050785064697,3.094231605529785,3.1717850765163007,3.363164186477661,3.9250288294317084,3.4764442443847656,3.676325798034668,3.4485132694244385,3.637139828218952
audio_781.wav,5.0,3.8519891430314495,3.965169668197632,3.353275775909424,3.802646357723766,4.072657585144043,3.375881369226684,3.8538453578948975,4.30613899230957,4.215705871582031,3.5173679453652293
audio_118.wav,4.5,3.8861206374760306,3.2503714561462402,3.55417537689209,3.286136972487947,4.411460876464844,3.9817896052035207,3.483450412750244,4.047983169555664,3.7428054809570312,3.7016864477016886
audio_337.wav,5.0,4.7445481891996755,5.0,4.55455207824707,4.818979237775953,4.193322658538818,3.9640534254683453,5.0,5.0,5.0,4.654862823886772
audio_715.wav,3.0,3.5404956688754514,3.529467821121216,4.354939937591553,4.962179890902896,3.5690572261810303,2.3869576907279373,3.921470880508423,3.5327234268188477,3.616272449493408,3.5415041844981383
audio_323.wav,3.5,3.400700937510532,3.8370862007141113,2.867492437362671,3.1543438492155254,3.1900765895843506,3.6101885286160003,3.1248769760131836,3.414170265197754,3.3068463802337646,3.4224616815543363
audio_374.wav,4.0,4.175300432596623,3.1155576705932617,3.2645227909088135,3.826442779270596,3.8522586822509766,3.618486945141473,3.2975380420684814,4.357942581176758,3.985328197479248,4.100808063107688
audio_348.wav,3.5,3.227888556881434,3.3709070682525635,3.4300742149353027,3.2400343379449668,3.041818380355835,3.2372695640532427,3.129507541656494,3.210231065750122,3.3890416622161865,3.266794678419332
audio_547.wav,3.0,2.4339319258210557,2.5946590900421143,3.6899232864379883,3.8770868476317615,2.9961752891540527,2.832611712082563,2.7921383380889893,2.328996419906616,2.932596206665039,2.421778593360672
audio_41.wav,4.0,2.732559563937431,3.538275718688965,3.5793511867523193,3.2220628306417063,2.3025622367858887,2.951151697771761,3.304612159729004,2.6100502014160156,2.624180316925049,2.8768772831191045
audio_284.wav,4.5,3.919143531418327,3.235542058944702,4.0071539878845215,4.303337302056179,4.0485358238220215,3.8119300666997225,3.3207976818084717,3.56727933883667,3.854914426803589,4.134577079050482
audio_13.wav,3.0,3.702611771659016,3.617342472076416,3.592562437057495,3.572793228966719,4.080593109130859,3.4294226605597244,3.816976547241211,3.892481803894043,3.835569143295288,3.521026670871847
audio_548.wav,3.5,3.2459606311694698,3.0636980533599854,3.807149887084961,4.281691832073421,3.794799566268921,3.6370710805819635,3.4287991523742676,3.523266553878784,3.4074745178222656,2.9812223893736194
audio_687.wav,4.5,4.537545212260426,4.128418445587158,3.923311948776245,4.37556695070479,4.792028427124023,4.073433314669282,4.236316680908203,4.8528218269348145,4.091292858123779,4.290468311111967
audio_104.wav,2.5,2.1330330177316292,2.2996292114257812,2.6741902828216553,2.9779393354482098,2.040942668914795,2.3952832249563003,2.21748685836792,1.9097142219543457,2.1580286026000977,2.2951805620846835
audio_181.wav,3.0,4.015631191646553,3.5810322761535645,3.7981677055358887,4.1075438137739875,3.599363327026367,3.2615415397388228,3.805450677871704,3.8113327026367188,3.577328681945801,4.212410451041805
audio_755.wav,4.0,3.606262566466925,2.922574758529663,3.2080020904541016,3.6046154460153312,4.3210954666137695,3.7005112113075143,2.636134147644043,3.429140090942383,3.393641233444214,3.619916801499752
audio_733.wav,5.0,3.901212486363515,3.7139639854431152,3.521317481994629,3.6000117665197227,3.8982961177825928,3.1034115950761993,3.6288256645202637,4.187137126922607,3.760821580886841,3.7112362392404914
audio_5072.wav,0.0,0.13370809942275108,0.0,1.7893962860107422,1.0531077889818088,1.2726669311523438,2.292100788167084,0.0,0.0,0.09196090698242188,0.05657185854789385
audio_776.wav,4.5,3.566570922147245,3.4540836811065674,3.0608060359954834,3.6501564892344884,3.6381850242614746,3.9377141094291437,3.6161038875579834,3.5129873752593994,3.382490396499634,3.591804526456995
audio_70.wav,2.0,2.802574911697013,2.6911988258361816,2.9420249462127686,3.32709197747713,3.4281976222991943,2.6826949151554174,2.841195821762085,2.9698498249053955,2.920375347137451,2.5999052760013632
audio_49.wav,3.0,2.63678102213927,2.98602557182312,2.5847301483154297,2.9950797783850382,2.409029483795166,2.9683173184506035,2.870659828186035,2.5293774604797363,2.8431472778320312,2.741531801978734
audio_527.wav,5.0,3.9492886234012268,3.839688539505005,4.402317523956299,4.414659736485806,3.0273783206939697,3.14524470050717,4.192555904388428,3.623910427093506,3.5420069694519043,4.3004702260430925
audio_273.wav,3.5,4.02358749163977,3.6171207427978516,3.426650285720825,3.1932699686882704,3.9031174182891846,3.795748171456507,3.687574625015259,3.881387948989868,3.864367961883545,4.135857054567567
audio_139.wav,4.0,3.742008454499965,3.8788270950317383,4.597565174102783,4.183280286657411,3.5851123332977295,2.5985751425204753,4.393503665924072,3.981879234313965,3.7583675384521484,3.605165914567628
audio_467.wav,3.0,3.2349614331816507,3.491096258163452,3.879509925842285,3.900954161535138,2.683723211288452,2.9046245077218127,3.6993987560272217,3.1750328540802,3.1055538654327393,3.3552947160743556
audio_407.wav,4.5,4.391835036219897,3.652691602706909,3.7375545501708984,3.1338017059747494,4.906917572021484,4.553499988057887,3.675123929977417,4.304337978363037,4.17315149307251,4.374949949970874
audio_404.wav,4.5,4.855180673638008,4.167803764343262,4.421524524688721,4.042886874714361,5.0,4.260818561135247,4.457022190093994,5.0,5.0,4.737613988789965
audio_534.wav,3.0,3.110640051044963,3.239570140838623,4.037396430969238,3.9707426096576324,2.7309741973876953,3.1343689316628494,3.3076751232147217,2.796494722366333,2.62221622467041,3.3752278116079624
audio_96.wav,3.0,3.3765685792208293,4.418968677520752,3.0323753356933594,3.5183481055269987,2.6885719299316406,3.4986194084622038,3.9766244888305664,3.6129462718963623,3.5858895778656006,3.3195399361111675
audio_137.wav,2.5,3.59103003800889,3.433701753616333,3.547072649002075,3.403662889434601,3.0895161628723145,3.3301893897873054,3.5751664638519287,3.606783866882324,2.9836316108703613,3.6537104032798147
audio_150.wav,2.5,3.457708294056981,3.431394338607788,2.759835720062256,2.831313889793126,3.3972411155700684,3.032908925072499,3.4081053733825684,4.089582920074463,3.8080978393554688,3.045755160392091
audio_339.wav,5.0,4.247751522583592,3.979275703430176,4.2102556228637695,4.296729524942959,3.640005588531494,3.5604544423453324,4.436333656311035,4.652501583099365,4.4874420166015625,4.066892439327507
audio_409.wav,5.0,4.242218627369727,4.293532371520996,3.595932960510254,3.6340326021982445,4.262807369232178,4.586996456504104,4.04719352722168,4.225151538848877,4.071862697601318,4.250579965654109
audio_78.wav,2.0,3.0724767709216154,3.2549140453338623,3.0641231536865234,3.185383596141547,3.453535318374634,3.1003966788815647,3.033632516860962,3.032036781311035,2.988751173019409,3.0438097950168213
audio_244.wav,3.5,3.839780559701849,3.776989459991455,3.61081862449646,3.8929289892976016,3.3871567249298096,3.703540606640022,3.770381212234497,3.6756627559661865,4.030487060546875,4.015107216035599
audio_752.wav,4.0,3.480157616630019,3.510011911392212,3.0381431579589844,3.1800059759742907,3.0580010414123535,3.840254065687077,3.466611862182617,3.204355478286743,3.4785735607147217,3.7254114539740297
audio_508.wav,3.0,3.2226503086378164,2.9027416706085205,2.781238555908203,2.4620720817656374,3.0014781951904297,3.556400835051734,2.6529366970062256,2.7389206886291504,3.2376086711883545,3.577042629974046
audio_664.wav,2.5,3.0418961150825754,3.9279720783233643,3.0776004791259766,3.152599589922071,2.5193848609924316,3.117708504805656,3.6143112182617188,3.0642781257629395,3.157440185546875,3.103226195705457
audio_701.wav,2.5,3.1906320039793297,3.400495767593384,3.032759666442871,2.916308846517073,3.069572925567627,3.1087690197760542,3.350458860397339,3.219590425491333,3.182219982147217,3.189010703906723
audio_5044.wav,0.0,0.9822688028564982,0.5075933933258057,2.121030569076538,2.889476444800758,4.048829555511475,3.8398437005593364,0.7540543079376221,1.6420549154281616,1.9122180938720703,0.09549425227144945
audio_734.wav,4.5,3.7938181649980747,3.2933802604675293,3.338654041290283,3.49221209832668,3.566938638687134,3.7131690975487808,3.288095235824585,4.0192670822143555,4.117048263549805,3.676789980592349
audio_51.wav,3.0,2.7025135496514077,2.8886210918426514,2.853724956512451,3.1697023616226083,2.6068732738494873,2.8995912408744537,2.725131034851074,2.5669033527374268,2.7487802505493164,2.8067724847843527
audio_704.wav,2.0,3.376600137305128,3.78157377243042,2.904663324356079,2.642750259737854,2.5417046546936035,3.245161484644475,3.7684555053710938,3.138871669769287,3.2393271923065186,3.6567188978214533
audio_129.wav,3.5,3.6933258164002947,2.3200323581695557,3.7580747604370117,3.5342987021644907,4.3216233253479,4.216282942485293,2.86405086517334,3.7145185470581055,3.234344959259033,3.5875443654517296
audio_107.wav,4.0,3.3107826270531113,3.527928590774536,3.454211711883545,2.8042508512213815,3.8638744354248047,3.262516483178713,3.5683135986328125,3.4105911254882812,3.681309223175049,3.1636222352061445
audio_143.wav,5.0,4.0739178123007935,3.141810655593872,4.212222099304199,3.551108853928244,4.956716537475586,4.113828851636051,3.55800199508667,4.51555061340332,4.325439453125,3.651026823047786
audio_458.wav,3.0,4.241811747689316,4.408951282501221,4.2266926765441895,4.392103927438592,3.7513046264648438,4.184875647370738,4.510752201080322,3.9715750217437744,4.062549114227295,4.493331862744018
audio_424.wav,3.0,2.8457230484862532,3.3902909755706787,2.7561728954315186,3.0098453405498717,2.546431303024292,3.2631753024162595,2.900507926940918,2.8597798347473145,3.1505424976348877,2.8800292058812267
audio_563.wav,2.0,3.337152614379014,3.414262056350708,2.79010272026062,3.1060564803383834,4.355020046234131,3.327416525494813,3.24391508102417,3.5001115798950195,2.9960579872131348,3.0801283635880776
audio_625.wav,2.5,3.38541292704726,4.001725196838379,2.66298246383667,2.741752312638129,2.994955539703369,3.6775008080325553,3.6423630714416504,3.47767972946167,3.5267221927642822,3.380938902256343
audio_302.wav,5.0,3.7169284879511397,3.101933240890503,3.170178174972534,3.1654124083978257,3.8526229858398438,3.5854747623505774,2.9099175930023193,3.6291685104370117,3.7578420639038086,3.7555713614724255
audio_154.wav,3.0,3.64901352882642,2.965292453765869,3.501326560974121,3.87856201017031,3.9246490001678467,4.201502893142123,3.053086519241333,3.454465866088867,3.397061586380005,3.738350565182965
audio_754.wav,4.0,3.62349502504641,3.426079034805298,3.3210694789886475,3.09607674489298,3.57328462600708,3.415215990221548,3.4546008110046387,3.4122719764709473,3.4151041507720947,3.771477517138497
audio_749.wav,3.0,2.958467939788817,3.0904440879821777,1.9879956245422363,2.5593765534272532,3.5870749950408936,3.206701099257826,2.5139615535736084,2.9137539863586426,2.7102954387664795,2.89652963064906
audio_366.wav,5.0,4.678438318973103,4.551266670227051,3.961609363555908,3.7851236145335005,5.0,3.8291557716493654,4.639045715332031,4.980952262878418,4.769148349761963,4.430073505446374
audio_693.wav,3.0,3.0700424786064335,2.3981194496154785,2.725111961364746,2.3651701699821057,2.8617262840270996,2.4737918398606586,2.3814494609832764,3.087038516998291,2.7321956157684326,3.0891179695738797
audio_608.wav,5.0,4.518897434450377,4.278489112854004,3.7986457347869873,3.732745154866667,4.071576118469238,3.5023980348720496,4.1613664627075195,4.347805023193359,4.380277156829834,4.698094952629424
audio_220.wav,4.0,4.61977242102413,4.184240341186523,4.23003625869751,4.7764485731648225,4.339286804199219,4.332018576125387,4.551979064941406,4.628658771514893,4.796716690063477,4.654777831254697
audio_761.wav,4.0,4.139331190541684,3.757451057434082,4.013698577880859,4.296678133391641,4.48380184173584,4.23560874247823,4.059204578399658,4.2585296630859375,4.2097344398498535,4.009696624127362
audio_640.wav,3.0,2.8777318154656797,2.8837316036224365,3.4933502674102783,3.111115561212725,3.233377456665039,3.312997919716379,3.0437231063842773,3.1467056274414062,3.171560764312744,2.6467290425871046
audio_67.wav,4.0,3.3608439176702722,3.6909573078155518,3.504462957382202,3.5929747563852863,3.3517041206359863,3.047794761122872,3.5222320556640625,3.473527669906616,3.2860233783721924,3.2871395227059947
audio_299.wav,4.0,3.702442264918389,3.27510404586792,3.4028263092041016,2.9277078415239184,3.5553808212280273,3.6842396019127164,3.3166298866271973,3.928394079208374,3.921177387237549,3.5734337009075805
audio_102.wav,2.0,2.8451383525098484,3.607811450958252,2.995788812637329,2.716953581537102,2.7628674507141113,2.62450444368995,3.397343397140503,2.611211061477661,3.0467312335968018,3.0129176003369853
audio_258.wav,3.5,3.4373769470825337,3.0191738605499268,3.2940900325775146,3.264406156584807,3.2703096866607666,3.813973457121416,2.8206753730773926,3.4103822708129883,3.678121566772461,3.4797283144762567
audio_679.wav,4.5,4.718452466618729,4.415515899658203,3.8501110076904297,4.218525709186958,4.8359174728393555,4.279041502742346,4.594202041625977,4.8718366622924805,4.735040664672852,4.599173306685461
audio_82.wav,4.0,4.121092655048891,3.900477170944214,4.615277290344238,4.158496894732367,3.7102251052856445,2.595927866994158,4.561673164367676,4.924558639526367,3.8230743408203125,3.645997682580336
audio_325.wav,5.0,4.081209946671674,4.010117053985596,3.520017385482788,3.699154574956988,5.0,3.6374775837731907,3.8905014991760254,4.36584997177124,3.894186496734619,3.7576117831603266
audio_399.wav,3.0,3.2389692228407374,3.4762840270996094,2.983488082885742,3.2804920507243285,2.6402158737182617,3.1349392203454247,3.268507242202759,3.0099730491638184,3.3334507942199707,3.478819772046885
audio_285.wav,4.0,3.7039135184971723,3.589770555496216,3.3022186756134033,3.313166499418024,3.268036365509033,3.431152497705349,3.7804152965545654,3.555455446243286,3.5905487537384033,3.866368763569438
audio_784.wav,4.5,4.452219724063037,4.114162921905518,3.5549380779266357,3.775312793385827,4.71228551864624,4.737150550499429,4.210297107696533,4.3531599044799805,4.444424629211426,4.480241515866049
audio_0.wav,3.0,2.5669632846256154,3.188054323196411,2.639275550842285,3.286781684282291,2.383018970489502,2.434549272474534,2.8370518684387207,2.5229246616363525,2.626459836959839,2.6231268554511677
audio_435.wav,3.5,3.143200609385141,3.140007972717285,3.336880683898926,3.434985511951844,3.3093600273132324,3.4887153627166083,2.913022994995117,3.1264235973358154,3.1872665882110596,3.1301299570968277
audio_91.wav,5.0,4.018975735594593,3.104586124420166,4.36074161529541,3.6561210675492486,3.822284460067749,3.919273509527624,3.477412223815918,3.719357967376709,3.521728992462158,4.2471932941574595
audio_109.wav,2.0,2.31025446608894,2.2694923877716064,3.0136303901672363,2.992184082152512,2.1635923385620117,2.7274619330277674,2.3522934913635254,1.8024958372116089,2.2264437675476074,2.6697770461017156
audio_772.wav,3.0,2.7938479305497754,2.926072597503662,1.9470915794372559,1.496790753457511,3.575497627258301,2.3867053042402055,2.602415084838867,3.1060845851898193,2.775043249130249,2.4718815711933058
audio_270.wav,3.5,3.0881543190678102,3.1369118690490723,2.99784255027771,3.086301269270478,2.646937608718872,2.9383044954929476,3.1051523685455322,3.2148337364196777,3.0149102210998535,3.068170195963017
audio_528.wav,2.5,3.5467186816572447,3.873891592025757,3.2844173908233643,3.6585114717959586,3.3857295513153076,3.620700762139758,3.791018009185791,3.3666787147521973,3.5199289321899414,3.690098530192389
audio_441.wav,2.0,2.737703594342838,2.7224068641662598,3.1673195362091064,2.8794415714354953,2.862617015838623,3.3154970739633844,2.7906525135040283,2.75502347946167,2.771289348602295,2.70794508677737
audio_381.wav,5.0,3.373826333216182,4.508999824523926,3.058328628540039,2.435776321421338,3.307321548461914,3.418817222143261,4.020456790924072,3.4274237155914307,3.691005229949951,3.347838064042642
audio_86.wav,2.0,2.3807607397732027,3.471007823944092,2.4331374168395996,2.4747467034221895,2.4389641284942627,2.782645051704045,2.610029697418213,2.5335114002227783,2.8080098628997803,2.2705497563830206
audio_101.wav,4.0,3.1887484970679743,3.5673818588256836,3.044854164123535,1.9939558436522864,3.8701424598693848,3.762444145162551,3.4490911960601807,3.5664029121398926,3.5869035720825195,2.8378467695351604
audio_333.wav,4.5,3.836208134696808,3.485997200012207,3.4005494117736816,3.6319692026176122,4.842866897583008,3.523445902370998,3.305828094482422,3.7312090396881104,3.43438982963562,3.7592567498689977
audio_149.wav,2.5,2.5957539314464704,3.194413900375366,3.0948691368103027,2.307287974851311,1.9397858381271362,2.4981547606423056,3.037222385406494,2.2928318977355957,2.924251079559326,2.89318053737906
audio_719.wav,3.0,3.999254033230013,4.122263431549072,3.8313326835632324,3.4696224015515713,4.177168369293213,3.3127756398552797,4.517108917236328,4.277337551116943,3.9019415378570557,3.788116036535436
audio_638.wav,3.0,3.7278231811400158,3.6814169883728027,3.7314844131469727,2.738660558721836,3.2897095680236816,3.6589440973728555,3.844834327697754,4.010834217071533,3.6679201126098633,3.603282614066139
audio_147.wav,3.0,2.9237513856118005,3.5379765033721924,3.0884623527526855,3.308526041905944,2.1717958450317383,3.2509026444828946,3.409355878829956,2.5024538040161133,3.1508285999298096,3.3140107533955585
audio_62.wav,4.0,2.3249421023488335,2.0713448524475098,3.0463171005249023,3.76657770551687,3.4727931022644043,3.1983622563351886,2.326157331466675,2.472712516784668,2.3379008769989014,2.059067489959849
audio_763.wav,5.0,4.4588299540194765,4.415716171264648,4.3892903327941895,4.671442710603528,4.371079921722412,3.2905590603116877,4.50454568862915,4.594082832336426,4.181244850158691,4.3815656875856295
audio_498.wav,2.0,2.8559390037842833,2.7336041927337646,2.9935455322265625,3.3833947738684564,4.2033233642578125,2.689757411889954,2.696552276611328,3.4337518215179443,2.535679340362549,2.274580341276084
audio_1.wav,3.5,3.654046421282754,3.341275930404663,3.61801815032959,3.465245280937963,3.1837096214294434,3.7917537746973986,3.5661399364471436,3.699185371398926,3.7272093296051025,3.692610020272106
audio_304.wav,5.0,4.852208308555095,4.353363037109375,4.406192302703857,4.821669657631317,5.0,4.5656121313059455,4.614713668823242,4.874056816101074,4.686900615692139,4.8160961701968485
audio_347.wav,5.0,3.6183058714540253,3.9724631309509277,2.8208060264587402,2.9711774263829587,4.296563625335693,4.213723192260635,3.206871509552002,3.754070281982422,3.6547374725341797,3.4289401031647744
audio_560.wav,4.0,4.306965267273855,3.1959855556488037,4.46223258972168,3.931841231352138,5.0,4.118048607079226,3.663207530975342,4.292289733886719,4.011651039123535,4.215623872717709
audio_452.wav,3.5,2.8289781459108765,3.6043872833251953,2.6262412071228027,3.150198166040024,3.6173148155212402,3.138080736137095,2.8242859840393066,3.019052743911743,3.1992480754852295,2.5873858026281393
audio_716.wav,4.5,3.6717938402409516,3.4980080127716064,4.152799129486084,4.292035786048992,3.717979669570923,3.5638272767272974,3.7802791595458984,3.6344592571258545,3.6467487812042236,3.68991699812993
audio_473.wav,2.0,2.316877430291264,2.83288311958313,0.0,1.65887830393345,1.2783336639404297,0.0,1.80803382396698,1.858894944190979,1.7329319715499878,2.773379202014747
audio_95.wav,4.0,2.9838016518346624,1.9649657011032104,3.774590253829956,3.6334144395159775,2.9775986671447754,2.8324326072897965,2.8378868103027344,2.8998219966888428,3.0440382957458496,3.040630052370502
audio_732.wav,4.0,3.823905673836528,3.6795334815979004,2.8712894916534424,3.292482973908586,4.3675127029418945,3.9074747787333477,3.0995256900787354,4.120989799499512,3.6970958709716797,3.5467601507796065
audio_292.wav,5.0,4.337260598920667,4.058310508728027,3.918391227722168,4.699171826901655,4.489202499389648,4.159039781467987,4.363161087036133,4.5217132568359375,4.2593841552734375,4.192262264272506
audio_469.wav,2.5,2.781771685114153,3.258876085281372,3.587996244430542,3.169329314878136,2.6595075130462646,2.448649577775757,3.3050177097320557,2.6946187019348145,2.917651653289795,2.857646632049337
audio_329.wav,2.0,3.205999509916312,4.191927909851074,3.155062437057495,2.85016825156879,3.4002740383148193,3.0871249444245397,3.451996326446533,3.266296863555908,3.9783687591552734,3.1375018101587946
audio_169.wav,2.0,3.037931870264404,3.241039514541626,3.393657684326172,2.8101296046414226,2.728665351867676,3.344401126506662,3.420478582382202,2.88256573677063,3.439981698989868,3.1865147568490895
audio_174.wav,2.5,3.5231546848207462,3.760270595550537,3.499756097793579,2.6985867042745113,3.9791932106018066,3.220316120987969,3.6068265438079834,4.023258686065674,3.7472925186157227,3.123591293419924
audio_513.wav,2.5,3.051295686570123,3.4035589694976807,3.447129964828491,3.1261986214459214,2.7920117378234863,2.9714852770325706,3.6435723304748535,3.1846518516540527,2.556135654449463,3.0003213434785536
audio_584.wav,3.0,3.0302803745974316,3.1579291820526123,2.8415706157684326,2.7662430376683016,2.7732279300689697,2.5440258225392007,3.0456597805023193,2.941380739212036,3.1451661586761475,3.126984111646521
audio_345.wav,5.0,4.535840628277594,3.8113925457000732,4.671225070953369,4.528616058148439,4.248689651489258,3.6150252445659534,4.590604305267334,4.7391252517700195,4.491787910461426,4.442365628562987
audio_750.wav,4.0,3.5907388039423562,4.146190643310547,3.1850039958953857,3.386512984481145,3.6160223484039307,3.552320596974264,3.841703176498413,3.8860695362091064,3.9095499515533447,3.3903845119754012
audio_116.wav,3.0,3.741334556866427,3.9329464435577393,3.6553475856781006,3.068553800106613,3.289569854736328,3.226637821204986,3.97148060798645,3.7808640003204346,3.5682013034820557,3.7809239381628337
audio_114.wav,2.5,3.1536485159637193,3.8893141746520996,3.248023509979248,2.7405445745854853,2.934866189956665,3.015036359099855,3.389998435974121,3.1378252506256104,3.4367237091064453,3.1961059141316692
audio_157.wav,3.0,3.6318826377896096,4.148128032684326,3.477489709854126,3.5353434010501035,3.569225311279297,3.289640758279921,4.060295104980469,3.9278483390808105,3.5736923217773438,3.44393612067511
audio_385.wav,4.5,4.441208700878573,3.3165175914764404,4.2026686668396,4.006163854611204,4.455754280090332,4.77474547697554,3.877532720565796,4.635838508605957,4.428439617156982,4.3094794231720135
audio_264.wav,2.5,3.1729925579400375,2.566380739212036,2.5823564529418945,2.567756652098166,2.6697185039520264,2.933595656277036,2.6421444416046143,3.2574825286865234,3.017756700515747,3.190157248561459
audio_390.wav,5.0,4.858242331360218,4.310131549835205,4.4593305587768555,4.7195586726454515,5.0,4.7790201617470744,4.610477447509766,5.0,4.663978576660156,4.743161150053601
audio_766.wav,4.5,3.7721503000380867,4.050626754760742,3.155196189880371,3.5937919341313656,3.7140092849731445,3.843891785959813,3.5975894927978516,3.7942771911621094,3.700047016143799,3.7658984518263994
audio_571.wav,2.0,2.4028092956001643,3.1277339458465576,2.209308624267578,1.6364717237341457,1.9868803024291992,2.8954576877758416,2.4773690700531006,2.0280442237854004,2.429032564163208,2.71305551080152
audio_393.wav,4.5,3.786787759941924,3.460479736328125,3.4008798599243164,2.9646899289046496,3.5837998390197754,3.651685086233964,3.365835189819336,3.6783719062805176,3.623466968536377,3.888599618657784
audio_691.wav,4.0,4.116789483532938,3.325227975845337,3.873807191848755,3.726463931047644,4.281611442565918,3.6304497545468415,3.9183363914489746,4.738278865814209,4.161503791809082,3.6788822663866054
