num_words,num_chars,num_sentences,avg_words_per_sentence,median_sentence_length,max_sentence_length,min_sentence_length,std_sentence_length,unique_words,ttr,root_ttr,corrected_ttr,bilog_ttr,avg_word_length,lexical_density,pos_noun_ratio,pos_verb_ratio,pos_adj_ratio,pos_adv_ratio,pos_pron_ratio,pos_det_ratio,pos_prep_ratio,pos_conj_ratio,pos_modal_ratio,speech_rate_wps,syllable_rate_sps,repeated_word_ratio,filler_word_ratio,short_sentence_ratio,long_sentence_ratio,fragment_ratio,filename,label
95,393,9,10.555555555555555,9.0,20.0,7.0,3.9189315752329774,60,0.631578947368421,6.155870112510925,4.35285750066007,0.8990898655547692,4.136842105263158,0.5894736842105263,0.14035087719298245,0.17543859649122806,0.11403508771929824,0.06140350877192982,0.05263157894736842,0.09649122807017543,0.12280701754385964,0.05263157894736842,0.02631578947368421,1.5699884316641879,1.8839861179970254,0.010526315789473684,0.042105263157894736,0.0,0.0,0.0,audio_192.wav,3.0
110,468,6,18.333333333333332,13.5,42.0,9.0,10.97977939466707,53,0.4818181818181818,5.053351723001639,3.573259271055183,0.8446566317872072,4.254545454545455,0.5545454545454546,0.21487603305785125,0.14049586776859505,0.06611570247933884,0.08264462809917356,0.04132231404958678,0.14049586776859505,0.14049586776859505,0.049586776859504134,0.01652892561983471,1.8311969369069419,2.430497752621941,0.00909090909090909,0.045454545454545456,0.0,0.16666666666666666,0.0,audio_436.wav,3.0
146,586,12,12.166666666666666,12.5,18.0,7.0,3.460089915337782,78,0.5342465753424658,6.45532593109847,4.564604740649092,0.8742080098601663,4.013698630136986,0.547945205479452,0.2375,0.175,0.05625,0.03125,0.06875,0.14375,0.14375,0.03125,0.00625,2.430497752621941,3.1463292825037454,0.0,0.00684931506849315,0.0,0.0,0.08333333333333333,audio_447.wav,3.5
101,368,3,33.666666666666664,22.0,69.0,10.0,25.460208605237746,46,0.45544554455445546,4.57717107496595,3.2365487057593425,0.8295864392961818,3.6435643564356437,0.4158415841584158,0.18421052631578946,0.11403508771929824,0.03508771929824561,0.03508771929824561,0.08771929824561403,0.17543859649122806,0.18421052631578946,0.043859649122807015,0.0,2.241455836662228,2.6853084775854414,0.009900990099009901,0.009900990099009901,0.0,0.3333333333333333,0.0,audio_126.wav,2.0
75,283,3,25.0,22.0,34.0,19.0,6.48074069840786,41,0.5466666666666666,4.73427220735493,3.347635981803677,0.8601232867466183,3.7733333333333334,0.56,0.1935483870967742,0.17204301075268819,0.021505376344086023,0.06451612903225806,0.12903225806451613,0.11827956989247312,0.0967741935483871,0.010752688172043012,0.0,1.6556291390728477,1.9867549668874174,0.02666666666666667,0.04,0.0,0.3333333333333333,0.0,audio_61.wav,2.0
111,388,9,12.333333333333334,12.0,20.0,4.0,5.011098792790969,61,0.5495495495495496,5.789863774090244,4.094051936805548,0.872884064535311,3.4954954954954953,0.4774774774774775,0.11194029850746269,0.1791044776119403,0.04477611940298507,0.05970149253731343,0.19402985074626866,0.08955223880597014,0.14925373134328357,0.007462686567164179,0.0,1.847844181787914,2.264025303812219,0.0,0.02702702702702703,0.0,0.0,0.0,audio_639.wav,2.5
81,288,24,3.375,3.0,11.0,1.0,2.6269833776913525,47,0.5802469135802469,5.222222222222222,3.6926687461964147,0.876138843844934,3.5555555555555554,0.5802469135802469,0.08849557522123894,0.168141592920354,0.07079646017699115,0.08849557522123894,0.10619469026548672,0.07964601769911504,0.08849557522123894,0.008849557522123894,0.0,1.552914110429448,1.8404907975460123,0.024691358024691357,0.07407407407407407,0.7083333333333334,0.0,0.4583333333333333,audio_703.wav,2.0
134,633,14,9.571428571428571,9.5,22.0,2.0,4.515280179794031,82,0.6119402985074627,7.0837210897671525,5.0089472186085136,0.8997271097573302,4.723880597014926,0.5895522388059702,0.18831168831168832,0.18831168831168832,0.07792207792207792,0.05844155844155844,0.12337662337662338,0.05194805194805195,0.11038961038961038,0.06493506493506493,0.0,2.2307308140502746,3.612452139170967,0.0,0.029850746268656716,0.07142857142857142,0.0,0.07142857142857142,audio_509.wav,3.0
116,461,8,14.5,11.5,27.0,6.0,7.615773105863909,69,0.5948275862068966,6.4064891671082895,4.530071933660428,0.8907176122415805,3.9741379310344827,0.5603448275862069,0.23622047244094488,0.16535433070866143,0.06299212598425197,0.047244094488188976,0.06299212598425197,0.15748031496062992,0.11811023622047244,0.031496062992125984,0.015748031496062992,1.931080406192775,2.430497752621941,0.0,0.017241379310344827,0.0,0.125,0.0,audio_672.wav,4.0
105,466,6,17.5,14.0,31.0,8.0,8.480369488805701,64,0.6095238095238096,6.245760466870613,4.416419579791067,0.8936223711529698,4.438095238095238,0.580952380952381,0.2,0.2,0.10434782608695652,0.02608695652173913,0.08695652173913043,0.11304347826086956,0.13043478260869565,0.02608695652173913,0.0,1.7479607125020808,2.5636757116697186,0.0,0.009523809523809525,0.0,0.3333333333333333,0.0,audio_344.wav,4.0
122,568,4,30.5,35.0,47.0,5.0,16.08570794214541,87,0.7131147540983607,7.876609905699112,5.569604277080975,0.929618766668528,4.655737704918033,0.5245901639344263,0.20610687022900764,0.1984732824427481,0.04580152671755725,0.03816793893129771,0.0916030534351145,0.07633587786259542,0.19083969465648856,0.04580152671755725,0.015267175572519083,2.030963875478608,3.0464458132179124,0.00819672131147541,0.0,0.0,0.75,0.0,audio_592.wav,5.0
108,420,10,10.8,8.5,23.0,5.0,5.173006862551025,65,0.6018518518518519,6.2546279162209455,4.422689813358516,0.8915570853103917,3.888888888888889,0.5462962962962963,0.21428571428571427,0.15079365079365079,0.06349206349206349,0.03968253968253968,0.10317460317460317,0.1349206349206349,0.10317460317460317,0.031746031746031744,0.0,1.7979024471449976,2.413850507740969,0.0,0.037037037037037035,0.0,0.0,0.0,audio_705.wav,3.0
65,327,4,16.25,18.5,20.0,8.0,4.9180788932265,48,0.7384615384615385,5.953667260282006,4.209878492673741,0.9273698774490261,5.030769230769231,0.6153846153846154,0.24,0.18666666666666668,0.10666666666666667,0.0,0.06666666666666667,0.08,0.13333333333333333,0.02666666666666667,0.0,1.082070917263193,1.7812552022640253,0.0,0.0,0.0,0.0,0.25,audio_497.wav,2.0
102,384,7,14.571428571428571,13.0,25.0,5.0,6.388765649999399,66,0.6470588235294118,6.534973783646051,4.620924277292432,0.9058766205052092,3.764705882352941,0.5490196078431373,0.1092436974789916,0.23529411764705882,0.05042016806722689,0.07563025210084033,0.16806722689075632,0.058823529411764705,0.1092436974789916,0.04201680672268908,0.01680672268907563,1.6980189778591643,2.19743632428833,0.0,0.0,0.0,0.0,0.0,audio_702.wav,3.0
135,506,4,33.75,24.0,71.0,16.0,22.30891077574161,68,0.5037037037037037,5.852508167602319,4.138348212261255,0.8601980308469828,3.748148148148148,0.5851851851851851,0.12582781456953643,0.23178807947019867,0.10596026490066225,0.059602649006622516,0.12582781456953643,0.0728476821192053,0.10596026490066225,0.039735099337748346,0.013245033112582781,2.247378058931247,2.8133843848843014,0.007407407407407408,0.037037037037037035,0.0,0.5,0.0,audio_598.wav,2.0
81,279,4,20.25,17.5,43.0,3.0,14.446020213193666,46,0.5679012345679012,5.111111111111111,3.6141013260645765,0.8712448959429321,3.4444444444444446,0.49382716049382713,0.09782608695652174,0.2391304347826087,0.06521739130434782,0.03260869565217391,0.14130434782608695,0.06521739130434782,0.18478260869565216,0.021739130434782608,0.03260869565217391,1.7976031957390146,2.041722148246782,0.0,0.0,0.25,0.25,0.0,audio_99.wav,3.5
53,202,3,17.666666666666668,17.0,20.0,16.0,1.699673171197595,35,0.660377358490566,4.807619738204116,3.3995005182504245,0.8954878227854364,3.811320754716981,0.4716981132075472,0.21052631578947367,0.15789473684210525,0.05263157894736842,0.017543859649122806,0.12280701754385964,0.10526315789473684,0.14035087719298245,0.07017543859649122,0.0,1.99698568198945,2.4868123587038435,0.0,0.0,0.0,0.0,0.0,audio_194.wav,4.0
14,48,3,4.666666666666667,3.0,9.0,2.0,3.0912061651652345,12,0.8571428571428571,3.2071349029490928,2.2677868380553634,0.9415887339401864,3.4285714285714284,0.5,0.05555555555555555,0.2222222222222222,0.1111111111111111,0.0,0.05555555555555555,0.1111111111111111,0.05555555555555555,0.05555555555555555,0.0,0.2330226364846871,0.2829560585885486,0.0,0.0,0.6666666666666666,0.0,0.6666666666666666,audio_5055.wav,0.0
105,404,9,11.666666666666666,10.0,31.0,1.0,8.406346808612328,59,0.5619047619047619,5.757810430396346,4.07138680011989,0.876143571736211,3.8476190476190477,0.5619047619047619,0.14960629921259844,0.1732283464566929,0.07086614173228346,0.07086614173228346,0.10236220472440945,0.11023622047244094,0.08661417322834646,0.015748031496062992,0.015748031496062992,1.7479607125020808,2.313967038455136,0.0,0.047619047619047616,0.1111111111111111,0.1111111111111111,0.1111111111111111,audio_178.wav,3.0
101,364,4,25.25,20.0,46.0,15.0,12.152674602736633,64,0.6336633663366337,6.368238017343931,4.503024286273868,0.9011428993421277,3.603960396039604,0.504950495049505,0.13761467889908258,0.21100917431192662,0.08256880733944955,0.03669724770642202,0.1559633027522936,0.11009174311926606,0.11009174311926606,0.05504587155963303,0.0,2.1970850554709593,2.8061779421361757,0.009900990099009901,0.009900990099009901,0.0,0.25,0.0,audio_609.wav,5.0
93,378,5,18.6,19.0,22.0,14.0,3.2,56,0.6021505376344086,5.806929490490382,4.1061192205978925,0.888088986643463,4.064516129032258,0.5376344086021505,0.18095238095238095,0.20952380952380953,0.06666666666666667,0.01904761904761905,0.06666666666666667,0.09523809523809523,0.17142857142857143,0.02857142857142857,0.02857142857142857,2.3273273273273274,2.952952952952953,0.010752688172043012,0.010752688172043012,0.0,0.0,0.0,audio_77.wav,4.0
100,415,7,14.285714285714286,14.0,18.0,11.0,2.4907993963089563,57,0.57,5.7,4.030508652763321,0.8779374278362456,4.15,0.5,0.16071428571428573,0.1875,0.0625,0.03571428571428571,0.125,0.125,0.16071428571428573,0.008928571428571428,0.0,2.2217285047767166,2.732726060875361,0.0,0.03,0.0,0.0,0.0,audio_18.wav,4.0
78,338,7,11.142857142857142,10.0,20.0,4.0,5.329930887479323,44,0.5641025641025641,4.98201895023622,3.522819383711917,0.8685890621691249,4.333333333333333,0.5769230769230769,0.2608695652173913,0.11956521739130435,0.08695652173913043,0.021739130434782608,0.043478260869565216,0.10869565217391304,0.13043478260869565,0.010869565217391304,0.0,1.7310252996005326,2.6853084775854414,0.0,0.0,0.0,0.0,0.14285714285714285,audio_9.wav,4.0
63,254,3,21.0,19.0,30.0,14.0,6.683312551921141,41,0.6507936507936508,5.165514464459439,3.6525703061364667,0.8963194083574123,4.031746031746032,0.5555555555555556,0.12,0.18666666666666668,0.04,0.12,0.12,0.10666666666666667,0.09333333333333334,0.04,0.0,1.4664804469273742,1.9553072625698324,0.0,0.047619047619047616,0.0,0.3333333333333333,0.0,audio_138.wav,2.0
108,436,11,9.818181818181818,8.0,20.0,4.0,4.876999484000603,54,0.5,5.196152422706632,3.674234614174767,0.8519590445170674,4.037037037037037,0.5740740740740741,0.20588235294117646,0.18382352941176472,0.058823529411764705,0.007352941176470588,0.19852941176470587,0.0661764705882353,0.07352941176470588,0.0,0.0,1.7976031957390146,2.430093209054594,0.018518518518518517,0.0,0.0,0.0,0.0,audio_269.wav,4.0
99,409,5,19.8,22.0,32.0,5.0,10.703270528207721,66,0.6666666666666666,6.6332495807108,4.69041575982343,0.911761799184348,4.1313131313131315,0.5858585858585859,0.19827586206896552,0.14655172413793102,0.05172413793103448,0.10344827586206896,0.13793103448275862,0.0603448275862069,0.14655172413793102,0.02586206896551724,0.017241379310344827,1.6480772432162476,2.313967038455136,0.0,0.010101010101010102,0.0,0.4,0.0,audio_717.wav,4.5
133,475,14,9.5,8.5,20.0,2.0,5.368559264032443,76,0.5714285714285714,6.590035768383312,4.65985898008574,0.8855673136492583,3.5714285714285716,0.49624060150375937,0.14102564102564102,0.16025641025641027,0.0641025641025641,0.057692307692307696,0.1794871794871795,0.08333333333333333,0.12179487179487179,0.03205128205128205,0.02564102564102564,2.2140835691693024,2.7967371400033296,0.0,0.045112781954887216,0.07142857142857142,0.0,0.14285714285714285,audio_529.wav,3.0
154,717,6,25.666666666666668,28.0,36.0,13.0,8.787617550976046,91,0.5909090909090909,7.33298897263096,5.185206228913526,0.8955532963235183,4.6558441558441555,0.551948051948052,0.2571428571428571,0.14285714285714285,0.08,0.005714285714285714,0.09142857142857143,0.06285714285714286,0.18285714285714286,0.06285714285714286,0.0,2.5636757116697186,3.86216081238555,0.0,0.0,0.0,0.6666666666666666,0.0,audio_578.wav,4.0
96,365,1,96.0,96.0,96.0,96.0,0.0,58,0.6041666666666666,5.9196002117260145,4.185789451624787,0.8895997501103509,3.8020833333333335,0.4166666666666667,0.1134020618556701,0.21649484536082475,0.020618556701030927,0.061855670103092786,0.18556701030927836,0.09278350515463918,0.12371134020618557,0.05154639175257732,0.05154639175257732,1.5978695073235687,1.8808255659121171,0.010416666666666666,0.020833333333333332,0.0,1.0,0.0,audio_171.wav,2.0
125,619,7,17.857142857142858,20.0,24.0,8.0,5.540205551332948,87,0.696,7.781516561699267,5.502363128692981,0.9249415762178282,4.952,0.608,0.3233082706766917,0.12781954887218044,0.08270676691729323,0.03759398496240601,0.015037593984962405,0.13533834586466165,0.15789473684210525,0.05263157894736842,0.0,2.080905610121525,3.079740302979857,0.0,0.008,0.0,0.0,0.0,audio_596.wav,3.0
0,0,1,1.0,1.0,1.0,1.0,0.0,0,0.0,0.0,0.0,1.0,0.0,0.0,0.0,0.0,0.0,0.0,0.0,0.0,0.0,0.0,0.0,0.0,0.0,0.0,0.0,1.0,0.0,1.0,audio_5066.wav,0.0
136,539,7,19.428571428571427,18.0,42.0,3.0,11.684631455244876,49,0.3602941176470588,4.201715335991467,2.971061406695079,0.7922030732121179,3.963235294117647,0.5735294117647058,0.1888111888111888,0.2097902097902098,0.09090909090909091,0.055944055944055944,0.15384615384615385,0.04195804195804196,0.11888111888111888,0.04195804195804196,0.02097902097902098,2.264025303812219,2.929915099051107,0.0,0.007352941176470588,0.14285714285714285,0.2857142857142857,0.0,audio_501.wav,3.0
95,376,6,15.833333333333334,17.5,23.0,5.0,6.121455890735652,50,0.5263157894736842,5.129891760425771,3.6273812505500582,0.8590533074452955,3.957894736842105,0.5052631578947369,0.18518518518518517,0.10185185185185185,0.08333333333333333,0.07407407407407407,0.07407407407407407,0.12962962962962962,0.1111111111111111,0.06481481481481481,0.046296296296296294,2.108300044385264,2.64092321349312,0.0,0.031578947368421054,0.0,0.0,0.0,audio_8.wav,2.0
87,316,11,7.909090909090909,8.0,12.0,5.0,2.1086206372260365,51,0.5862068965517241,5.467773927672753,3.8663000222524073,0.8804089847484015,3.632183908045977,0.5057471264367817,0.1414141414141414,0.1919191919191919,0.08080808080808081,0.030303030303030304,0.1717171717171717,0.08080808080808081,0.1111111111111111,0.030303030303030304,0.04040404040404041,1.9307589880159786,2.507767421216156,0.011494252873563218,0.034482758620689655,0.0,0.0,0.0,audio_84.wav,2.5
71,306,3,23.666666666666668,21.0,30.0,20.0,4.4969125210773475,38,0.5352112676056338,4.509770301136642,3.1888891615274186,0.853356635884935,4.309859154929577,0.5492957746478874,0.23170731707317074,0.17073170731707318,0.024390243902439025,0.04878048780487805,0.12195121951219512,0.12195121951219512,0.07317073170731707,0.06097560975609756,0.036585365853658534,1.6643225503985,2.13314580403188,0.0,0.0,0.0,0.3333333333333333,0.0,audio_11.wav,3.0
38,177,3,12.666666666666666,12.0,17.0,9.0,3.2998316455372216,25,0.6578947368421053,4.055535528269064,2.8676966733820217,0.8848933560683879,4.657894736842105,0.5789473684210527,0.32608695652173914,0.08695652173913043,0.021739130434782608,0.043478260869565216,0.043478260869565216,0.10869565217391304,0.13043478260869565,0.043478260869565216,0.0,0.6324900133155792,0.8655126498002663,0.0,0.02631578947368421,0.0,0.0,0.0,audio_142.wav,2.5
110,443,11,10.0,9.0,24.0,3.0,5.624621199366553,68,0.6181818181818182,6.4835456068700275,4.584559064750046,0.8976758494479475,4.027272727272727,0.5818181818181818,0.203125,0.2109375,0.0546875,0.03125,0.0625,0.1328125,0.1328125,0.0390625,0.0078125,2.3871527777777777,3.0598958333333335,0.0,0.00909090909090909,0.09090909090909091,0.0,0.0,audio_610.wav,5.0
89,385,1,89.0,89.0,89.0,89.0,0.0,55,0.6179775280898876,5.82998834003498,4.122424289477237,0.8927729615735412,4.325842696629214,0.5617977528089888,0.25,0.10576923076923077,0.057692307692307696,0.0673076923076923,0.057692307692307696,0.08653846153846154,0.15384615384615385,0.038461538461538464,0.019230769230769232,1.4816047944065258,1.9144331613118029,0.011235955056179775,0.02247191011235955,0.0,1.0,0.0,audio_654.wav,3.0
159,605,11,14.454545454545455,13.0,27.0,5.0,8.22815163562528,76,0.4779874213836478,6.027192051457895,4.261868371099537,0.8543726942776756,3.8050314465408803,0.5471698113207547,0.13186813186813187,0.19230769230769232,0.07142857142857142,0.08241758241758242,0.11538461538461539,0.10989010989010989,0.15934065934065933,0.02197802197802198,0.005494505494505495,2.6464713715046604,3.3288948069241013,0.0,0.031446540880503145,0.0,0.18181818181818182,0.0,audio_170.wav,2.5
94,430,6,15.666666666666666,15.5,25.0,6.0,6.368324391514267,67,0.7127659574468085,6.910522349933915,4.886477215179468,0.9254721123972811,4.574468085106383,0.5319148936170213,0.27450980392156865,0.11764705882352941,0.08823529411764706,0.00980392156862745,0.06862745098039216,0.12745098039215685,0.1568627450980392,0.06862745098039216,0.0,1.5645805592543276,2.396804260985353,0.0,0.010638297872340425,0.0,0.0,0.16666666666666666,audio_255.wav,4.5
93,389,5,18.6,18.0,30.0,9.0,7.1442284397967,56,0.6021505376344086,5.806929490490382,4.1061192205978925,0.888088986643463,4.182795698924731,0.5053763440860215,0.18446601941747573,0.1553398058252427,0.038834951456310676,0.07766990291262135,0.1262135922330097,0.07766990291262135,0.0970873786407767,0.05825242718446602,0.06796116504854369,1.547936085219707,1.9307589880159788,0.0,0.043010752688172046,0.0,0.2,0.0,audio_162.wav,3.0
55,171,8,6.875,6.0,13.0,5.0,2.5708704751503917,13,0.23636363636363636,1.7529196424044293,1.23950136601927,0.640063912557533,3.109090909090909,0.7090909090909091,0.1388888888888889,0.16666666666666666,0.125,0.1111111111111111,0.16666666666666666,0.1388888888888889,0.041666666666666664,0.0,0.0,0.9155984684534709,1.082070917263193,0.0,0.0,0.0,0.0,0.0,audio_5069.wav,0.0
104,429,8,13.0,12.0,30.0,3.0,8.0,55,0.5288461538461539,5.393193716300061,3.8135638490484505,0.8628328821274116,4.125,0.4807692307692308,0.21428571428571427,0.17857142857142858,0.008928571428571428,0.044642857142857144,0.09821428571428571,0.11607142857142858,0.17857142857142858,0.017857142857142856,0.026785714285714284,1.7313134676211086,2.147494589645414,0.009615384615384616,0.009615384615384616,0.125,0.125,0.0,audio_769.wav,3.0
129,513,8,16.125,16.5,24.0,7.0,5.9041828393097715,74,0.5736434108527132,6.515336706809617,4.607038767098708,0.8856442872859208,3.9767441860465116,0.5193798449612403,0.17567567567567569,0.1891891891891892,0.02027027027027027,0.06756756756756757,0.12837837837837837,0.08108108108108109,0.16216216216216217,0.02702702702702703,0.02702702702702703,2.149641726378937,2.932844525912348,0.0,0.023255813953488372,0.0,0.0,0.0,audio_720.wav,3.0
97,404,6,16.166666666666668,14.0,33.0,5.0,8.82074574826616,56,0.5773195876288659,5.685938524748267,4.0205656882593335,0.8799138808222686,4.164948453608248,0.5154639175257731,0.15178571428571427,0.1875,0.05357142857142857,0.05357142857142857,0.10714285714285714,0.09821428571428571,0.16071428571428573,0.008928571428571428,0.05357142857142857,1.6147827534543033,2.147494589645414,0.0,0.08247422680412371,0.0,0.16666666666666666,0.0,audio_623.wav,3.0
95,396,9,10.555555555555555,11.0,16.0,4.0,3.6851386559504444,58,0.6105263157894737,5.950674442093894,4.207762250638067,0.8916453183079581,4.168421052631579,0.5684210526315789,0.21621621621621623,0.14414414414414414,0.04504504504504504,0.08108108108108109,0.08108108108108109,0.14414414414414414,0.10810810810810811,0.04504504504504504,0.009009009009009009,1.5814882636923588,2.264025303812219,0.0,0.05263157894736842,0.0,0.0,0.0,audio_718.wav,4.5
64,279,8,8.0,7.5,12.0,4.0,3.2015621187164243,51,0.796875,6.375,4.5078057300642405,0.945404223661916,4.359375,0.625,0.3076923076923077,0.07692307692307693,0.07692307692307693,0.05128205128205128,0.0641025641025641,0.10256410256410256,0.07692307692307693,0.0641025641025641,0.0,1.420328450954283,1.6866400355082112,0.0,0.015625,0.0,0.0,0.25,audio_136.wav,3.5
76,325,4,19.0,20.0,25.0,11.0,5.477225575051661,50,0.6578947368421053,5.735393346764043,4.055535528269064,0.903316528181691,4.276315789473684,0.618421052631579,0.25925925925925924,0.19753086419753085,0.08641975308641975,0.037037037037037035,0.012345679012345678,0.09876543209876543,0.09876543209876543,0.06172839506172839,0.012345679012345678,1.6866400355082112,2.3302263648468706,0.0,0.013157894736842105,0.0,0.0,0.0,audio_119.wav,2.0
110,423,6,18.333333333333332,19.5,28.0,9.0,6.6248689714505975,63,0.5727272727272728,6.006814312247232,4.247459133518425,0.8814279401192806,3.8454545454545452,0.4909090909090909,0.19658119658119658,0.1623931623931624,0.05982905982905983,0.042735042735042736,0.1452991452991453,0.08547008547008547,0.11965811965811966,0.08547008547008547,0.008547008547008548,1.8311969369069419,2.2973197935741636,0.0,0.01818181818181818,0.0,0.16666666666666666,0.0,audio_542.wav,3.0
0,0,1,1.0,1.0,1.0,1.0,0.0,0,0.0,0.0,0.0,1.0,0.0,0.0,0.0,0.0,0.0,0.0,0.0,0.0,0.0,0.0,0.0,0.0,0.0,0.0,0.0,1.0,0.0,1.0,audio_5073.wav,0.0
101,401,2,50.5,50.5,67.0,34.0,16.5,59,0.5841584158415841,5.8707194222389365,4.151225513908722,0.8835170022161243,3.9702970297029703,0.46534653465346537,0.22115384615384615,0.17307692307692307,0.019230769230769232,0.038461538461538464,0.04807692307692308,0.1346153846153846,0.14423076923076922,0.07692307692307693,0.019230769230769232,1.681371732978192,2.1142000998834694,0.0,0.0,0.0,1.0,0.0,audio_322.wav,4.0
47,187,1,47.0,47.0,47.0,47.0,0.0,37,0.7872340425531915,5.3970046854220985,3.816258611157535,0.9378648005703524,3.978723404255319,0.7021276595744681,0.25862068965517243,0.1206896551724138,0.1206896551724138,0.06896551724137931,0.08620689655172414,0.08620689655172414,0.10344827586206896,0.017241379310344827,0.0,0.7824205094056934,0.9655402030963876,0.0,0.02127659574468085,0.0,1.0,0.0,audio_5039.wav,0.0
99,429,3,33.0,19.0,76.0,4.0,31.016124838541646,65,0.6565656565656566,6.5327457991848785,4.61934885437156,0.9084392586133243,4.333333333333333,0.5555555555555556,0.24509803921568626,0.1568627450980392,0.058823529411764705,0.0784313725490196,0.058823529411764705,0.11764705882352941,0.11764705882352941,0.058823529411764705,0.058823529411764705,1.6480772432162476,2.1142000998834694,0.0,0.010101010101010102,0.0,0.3333333333333333,0.0,audio_707.wav,3.0
129,587,4,32.25,37.5,38.0,16.0,9.390819985496474,70,0.5426356589147286,6.163156344279367,4.3580096445528325,0.8742097201604621,4.550387596899225,0.5348837209302325,0.2446043165467626,0.1079136690647482,0.07913669064748201,0.06474820143884892,0.03597122302158273,0.14388489208633093,0.16546762589928057,0.05755395683453238,0.014388489208633094,2.1471371504660453,3.112516644474035,0.0,0.05426356589147287,0.0,0.75,0.0,audio_148.wav,3.5
84,401,4,21.0,17.0,38.0,12.0,10.246950765959598,50,0.5952380952380952,5.45544725589981,3.8575837490522975,0.8829123800490688,4.773809523809524,0.6071428571428571,0.21212121212121213,0.1717171717171717,0.030303030303030304,0.10101010101010101,0.09090909090909091,0.0707070707070707,0.12121212121212122,0.020202020202020204,0.0,1.3983685700016648,2.147494589645414,0.011904761904761904,0.03571428571428571,0.0,0.25,0.0,audio_316.wav,2.0
123,519,5,24.6,22.0,44.0,14.0,10.947145746723207,70,0.5691056910569106,6.311687442672025,4.463036991443368,0.8828621117364832,4.219512195121951,0.5040650406504065,0.1893939393939394,0.17424242424242425,0.06060606060606061,0.045454545454545456,0.10606060606060606,0.09090909090909091,0.17424242424242425,0.06060606060606061,0.022727272727272728,2.0476111203595804,2.8799733644081904,0.0,0.0,0.0,0.4,0.0,audio_647.wav,4.5
126,522,12,10.5,9.5,19.0,3.0,5.251983752196243,70,0.5555555555555556,6.236095644623235,4.409585518440984,0.8784631094276664,4.142857142857143,0.5793650793650794,0.12903225806451613,0.2064516129032258,0.05161290322580645,0.08387096774193549,0.18064516129032257,0.05161290322580645,0.09032258064516129,0.025806451612903226,0.01935483870967742,2.097552855002497,2.9798568336940234,0.0,0.047619047619047616,0.16666666666666666,0.0,0.0,audio_286.wav,5.0
96,418,4,24.0,26.0,31.0,13.0,7.0,50,0.5208333333333334,5.103103630798288,3.6084391824351614,0.857082510212721,4.354166666666667,0.5208333333333334,0.20588235294117646,0.19607843137254902,0.0392156862745098,0.049019607843137254,0.13725490196078433,0.09803921568627451,0.14705882352941177,0.06862745098039216,0.0,2.318840579710145,3.3333333333333335,0.010416666666666666,0.010416666666666666,0.0,0.5,0.0,audio_92.wav,4.0
91,407,6,15.166666666666666,15.0,24.0,7.0,5.814254514170802,59,0.6483516483516484,6.1848805366593185,4.373370968300497,0.9039380273348996,4.472527472527473,0.5604395604395604,0.3431372549019608,0.08823529411764706,0.0392156862745098,0.029411764705882353,0.0,0.12745098039215685,0.19607843137254902,0.0392156862745098,0.00980392156862745,1.51489928416847,2.1142000998834694,0.0,0.01098901098901099,0.0,0.0,0.16666666666666666,audio_462.wav,3.5
100,419,7,14.285714285714286,13.0,27.0,4.0,7.959079015533782,75,0.75,7.5,5.303300858899107,0.9375306316958498,4.19,0.57,0.17272727272727273,0.19090909090909092,0.11818181818181818,0.03636363636363636,0.10909090909090909,0.09090909090909091,0.1,0.045454545454545456,0.00909090909090909,2.1810250817884405,2.966194111232279,0.0,0.0,0.0,0.14285714285714285,0.0,audio_376.wav,5.0
81,349,3,27.0,34.0,35.0,12.0,10.614455552060438,54,0.6666666666666666,6.0,4.242640687119286,0.9077324383928643,4.308641975308642,0.5802469135802469,0.21052631578947367,0.12631578947368421,0.08421052631578947,0.07368421052631578,0.042105263157894736,0.12631578947368421,0.08421052631578947,0.06315789473684211,0.031578947368421054,1.7976031957390146,2.3524189968930314,0.0,0.012345679012345678,0.0,0.6666666666666666,0.0,audio_76.wav,4.0
70,287,3,23.333333333333332,25.0,27.0,18.0,3.858612300930075,36,0.5142857142857142,4.302822993603817,3.04255531702266,0.8434795696575894,4.1,0.5714285714285714,0.25316455696202533,0.12658227848101267,0.05063291139240506,0.0759493670886076,0.012658227848101266,0.13924050632911392,0.13924050632911392,0.012658227848101266,0.02531645569620253,1.5534842432312472,1.9085663559698178,0.014285714285714285,0.02857142857142857,0.0,0.3333333333333333,0.0,audio_105.wav,2.0
94,364,10,9.4,8.0,19.0,6.0,3.826225293941798,56,0.5957446808510638,5.775958979049243,4.084219761941048,0.8859983522187239,3.872340425531915,0.5425531914893617,0.17142857142857143,0.18095238095238095,0.047619047619047616,0.08571428571428572,0.09523809523809523,0.10476190476190476,0.08571428571428572,0.047619047619047616,0.0380952380952381,1.5614617940199336,1.8770764119601329,0.0,0.02127659574468085,0.0,0.0,0.0,audio_355.wav,3.0
79,334,3,26.333333333333332,23.0,42.0,14.0,11.671427600007732,51,0.6455696202531646,5.737948294722722,4.057342149296223,0.899844961075434,4.227848101265823,0.569620253164557,0.17204301075268819,0.1827956989247312,0.03225806451612903,0.0967741935483871,0.17204301075268819,0.043010752688172046,0.053763440860215055,0.053763440860215055,0.021505376344086023,1.3151323455968038,1.9144331613118029,0.0,0.02531645569620253,0.0,0.3333333333333333,0.0,audio_663.wav,3.0
112,452,4,28.0,29.0,49.0,5.0,18.466185312619388,61,0.5446428571428571,5.763958213390715,4.075733939164472,0.8712249332476778,4.035714285714286,0.5178571428571429,0.17073170731707318,0.17073170731707318,0.08943089430894309,0.04065040650406504,0.14634146341463414,0.11382113821138211,0.14634146341463414,0.04065040650406504,0.0,1.8644914266688863,2.480439487264858,0.0,0.0,0.0,0.5,0.25,audio_767.wav,4.5
96,419,6,16.0,15.5,30.0,5.0,8.32666399786453,62,0.6458333333333334,6.327848502189878,4.4744645862196,0.9042111188537214,4.364583333333333,0.5729166666666666,0.18518518518518517,0.17592592592592593,0.08333333333333333,0.06481481481481481,0.1388888888888889,0.027777777777777776,0.10185185185185185,0.046296296296296294,0.046296296296296294,1.598135508573331,2.180789079407358,0.0,0.010416666666666666,0.0,0.16666666666666666,0.0,audio_655.wav,5.0
120,497,6,20.0,17.0,51.0,5.0,14.910846164230028,73,0.6083333333333333,6.663957782979521,4.71212973788569,0.8961810634173907,4.141666666666667,0.5166666666666667,0.15748031496062992,0.1968503937007874,0.06299212598425197,0.07086614173228346,0.13385826771653545,0.09448818897637795,0.14960629921259844,0.07086614173228346,0.0,1.9996667222129645,2.7995334110981505,0.0,0.016666666666666666,0.0,0.16666666666666666,0.0,audio_372.wav,5.0
128,550,9,14.222222222222221,15.0,19.0,4.0,4.103596736137642,83,0.6484375,7.33623285481043,5.1875,0.9107199187638465,4.296875,0.609375,0.1476510067114094,0.2080536912751678,0.09395973154362416,0.0738255033557047,0.14093959731543623,0.06711409395973154,0.09395973154362416,0.03355704697986577,0.006711409395973154,2.1308473447644416,2.9965040785749957,0.0078125,0.0234375,0.0,0.0,0.0,audio_667.wav,5.0
103,401,1,103.0,103.0,103.0,103.0,0.0,68,0.6601941747572816,6.700239091517194,4.737784497183,0.9104108818211323,3.8932038834951457,0.4854368932038835,0.12264150943396226,0.2169811320754717,0.09433962264150944,0.03773584905660377,0.12264150943396226,0.09433962264150944,0.1509433962264151,0.09433962264150944,0.02830188679245283,1.7146662227401366,2.147494589645414,0.0,0.009708737864077669,0.0,1.0,0.0,audio_517.wav,2.5
95,435,4,23.75,22.5,37.0,13.0,8.642193008721803,71,0.7473684210526316,7.2844462998045945,5.150881375781083,0.9360551412585774,4.578947368421052,0.6,0.19642857142857142,0.16964285714285715,0.08928571428571429,0.05357142857142857,0.08035714285714286,0.08035714285714286,0.0625,0.0625,0.008928571428571428,1.5788598969586172,2.260262589330231,0.0,0.0,0.0,0.25,0.0,audio_765.wav,5.0
82,341,5,16.4,21.0,23.0,5.0,6.8585712797928995,50,0.6097560975609756,5.521576303742327,3.904344047215152,0.887740467663507,4.158536585365853,0.6097560975609756,0.25274725274725274,0.2087912087912088,0.03296703296703297,0.054945054945054944,0.054945054945054944,0.08791208791208792,0.14285714285714285,0.03296703296703297,0.0,1.8197958277851751,2.263648468708389,0.0,0.0,0.0,0.0,0.0,audio_38.wav,4.0
119,493,8,14.875,16.0,24.0,6.0,5.797359312652615,78,0.6554621848739496,7.150248276820048,5.055989043706882,0.9116125232941161,4.142857142857143,0.5630252100840336,0.1590909090909091,0.2196969696969697,0.06818181818181818,0.06060606060606061,0.09090909090909091,0.09848484848484848,0.12878787878787878,0.03787878787878788,0.007575757575757576,1.9810221408356916,2.413850507740969,0.0,0.03361344537815126,0.0,0.0,0.0,audio_371.wav,5.0
102,452,4,25.5,22.0,55.0,3.0,21.86892772862904,48,0.47058823529411764,4.752708206288037,3.3606722016672235,0.8370213549771953,4.431372549019608,0.45098039215686275,0.1532258064516129,0.16129032258064516,0.04838709677419355,0.008064516129032258,0.07258064516129033,0.11290322580645161,0.10483870967741936,0.04838709677419355,0.04838709677419355,1.6980189778591643,2.264025303812219,0.00980392156862745,0.0196078431372549,0.25,0.5,0.0,audio_507.wav,3.0
0,0,1,1.0,1.0,1.0,1.0,0.0,0,0.0,0.0,0.0,1.0,0.0,0.0,0.0,0.0,0.0,0.0,0.0,0.0,0.0,0.0,0.0,0.0,0.0,0.0,0.0,1.0,0.0,1.0,audio_5056.wav,0.0
113,455,6,18.833333333333332,17.5,30.0,12.0,6.439893028787219,68,0.6017699115044248,6.396901905008462,4.523292715616627,0.8925664377426578,4.0265486725663715,0.5398230088495575,0.11627906976744186,0.1937984496124031,0.06976744186046512,0.09302325581395349,0.17829457364341086,0.046511627906976744,0.09302325581395349,0.03875968992248062,0.031007751937984496,1.8811386715498586,2.4970867321458297,0.0,0.02654867256637168,0.0,0.16666666666666666,0.0,audio_282.wav,5.0
114,530,10,11.4,12.5,16.0,4.0,3.7735924528226414,77,0.6754385964912281,7.211710749179043,5.099449574700419,0.9171502142876156,4.649122807017544,0.6228070175438597,0.2846153846153846,0.15384615384615385,0.09230769230769231,0.015384615384615385,0.13076923076923078,0.05384615384615385,0.09230769230769231,0.046153846153846156,0.0,1.8977859164308306,2.8133843848843014,0.0,0.008771929824561403,0.0,0.0,0.0,audio_459.wav,3.0
98,465,9,10.88888888888889,8.0,25.0,5.0,6.690697429922044,62,0.6326530612244898,6.262945776223707,4.428571428571429,0.9001447456813301,4.744897959183674,0.6122448979591837,0.22935779816513763,0.2018348623853211,0.06422018348623854,0.05504587155963303,0.045871559633027525,0.12844036697247707,0.11926605504587157,0.009174311926605505,0.009174311926605505,1.6314299983352756,2.3972032628599966,0.0,0.0,0.0,0.0,0.0,audio_303.wav,5.0
90,348,6,15.0,16.0,22.0,7.0,4.47213595499958,60,0.6666666666666666,6.324555320336758,4.47213595499958,0.9098928315164927,3.8666666666666667,0.5666666666666667,0.1650485436893204,0.21359223300970873,0.06796116504854369,0.04854368932038835,0.1262135922330097,0.06796116504854369,0.13592233009708737,0.038834951456310676,0.0,2.057142857142857,2.6514285714285712,0.0,0.0,0.0,0.0,0.0,audio_297.wav,4.5
97,350,6,16.166666666666668,15.0,27.0,7.0,6.962199524735141,54,0.5567010309278351,5.482869291721543,3.876974056535786,0.8719641667656284,3.6082474226804124,0.4536082474226804,0.13761467889908258,0.1651376146788991,0.045871559633027525,0.05504587155963303,0.2018348623853211,0.07339449541284404,0.14678899082568808,0.045871559633027525,0.0,1.6147827534543033,1.9976693857166639,0.0,0.020618556701030927,0.0,0.16666666666666666,0.0,audio_432.wav,3.5
144,580,7,20.571428571428573,20.0,42.0,10.0,10.404080832018929,63,0.4375,5.25,3.7123106012293747,0.8336600344212133,4.027777777777778,0.5,0.22727272727272727,0.12337662337662338,0.03896103896103896,0.07792207792207792,0.032467532467532464,0.18831168831168832,0.09740259740259741,0.06493506493506493,0.07142857142857142,2.3972032628599966,3.0630930580988847,0.0,0.013888888888888888,0.0,0.2857142857142857,0.0,audio_454.wav,3.5
132,516,9,14.666666666666666,14.0,25.0,5.0,5.981452814975453,62,0.4696969696969697,5.396407334626633,3.8158362203593144,0.8452389530597609,3.909090909090909,0.5606060606060606,0.1476510067114094,0.18120805369127516,0.12080536912751678,0.04697986577181208,0.15436241610738255,0.026845637583892617,0.12080536912751678,0.053691275167785234,0.013422818791946308,2.19743632428833,3.02979856833694,0.0,0.03787878787878788,0.0,0.0,0.0,audio_482.wav,2.0
89,367,6,14.833333333333334,13.5,32.0,2.0,10.221165404307975,57,0.6404494382022472,6.041987916036252,4.27233062727641,0.9007304078133245,4.123595505617978,0.5617977528089888,0.24210526315789474,0.15789473684210525,0.06315789473684211,0.06315789473684211,0.07368421052631578,0.08421052631578947,0.1368421052631579,0.06315789473684211,0.021052631578947368,1.640552995391705,2.0829493087557602,0.0,0.011235955056179775,0.16666666666666666,0.16666666666666666,0.0,audio_484.wav,2.0
96,370,5,19.2,14.0,31.0,11.0,8.158431221748456,54,0.5625,5.511351921262151,3.897114317029974,0.873943853367915,3.8541666666666665,0.4895833333333333,0.16831683168316833,0.21782178217821782,0.04950495049504951,0.0297029702970297,0.10891089108910891,0.1188118811881188,0.1485148514851485,0.0297029702970297,0.04950495049504951,1.598135508573331,2.0642583652405526,0.0,0.041666666666666664,0.0,0.4,0.0,audio_757.wav,4.0
76,291,9,8.444444444444445,7.0,20.0,4.0,4.740162001711454,50,0.6578947368421053,5.735393346764043,4.055535528269064,0.903316528181691,3.8289473684210527,0.5526315789473685,0.15730337078651685,0.21348314606741572,0.011235955056179775,0.0898876404494382,0.16853932584269662,0.056179775280898875,0.15730337078651685,0.02247191011235955,0.011235955056179775,1.265190610953887,1.7313134676211086,0.0,0.013157894736842105,0.0,0.0,0.0,audio_773.wav,3.0
125,541,11,11.363636363636363,11.0,23.0,1.0,6.705123241667555,74,0.592,6.618761213399377,4.680170937049201,0.8914220010087741,4.328,0.64,0.2064516129032258,0.22580645161290322,0.04516129032258064,0.03870967741935484,0.1032258064516129,0.12258064516129032,0.09032258064516129,0.025806451612903226,0.0,2.080905610121525,2.7135009155984684,0.0,0.024,0.09090909090909091,0.0,0.09090909090909091,audio_668.wav,5.0
125,534,5,25.0,27.0,36.0,14.0,7.483314773547883,76,0.608,6.7976466515993605,4.806662043455937,0.8969453055273121,4.272,0.56,0.2631578947368421,0.16541353383458646,0.09774436090225563,0.0,0.09022556390977443,0.07518796992481203,0.17293233082706766,0.045112781954887216,0.015037593984962405,2.0805592543275635,2.96271637816245,0.0,0.016,0.0,0.6,0.0,audio_240.wav,5.0
72,280,6,12.0,8.0,32.0,5.0,9.291573243177568,38,0.5277777777777778,4.478342947514801,3.1666666666666665,0.8505658516459769,3.888888888888889,0.5694444444444444,0.21951219512195122,0.13414634146341464,0.08536585365853659,0.06097560975609756,0.07317073170731707,0.12195121951219512,0.10975609756097561,0.012195121951219513,0.0,1.1986016314299983,1.5648410188113868,0.013888888888888888,0.013888888888888888,0.0,0.16666666666666666,0.0,audio_163.wav,2.0
132,520,7,18.857142857142858,15.0,38.0,7.0,9.598044018423328,73,0.553030303030303,6.353834442382971,4.492839420745645,0.8786879970088523,3.9393939393939394,0.5303030303030303,0.176056338028169,0.19718309859154928,0.07042253521126761,0.04929577464788732,0.15492957746478872,0.09154929577464789,0.11971830985915492,0.02112676056338028,0.014084507042253521,2.19743632428833,2.863326119527218,0.0,0.015151515151515152,0.0,0.2857142857142857,0.0,audio_659.wav,5.0
141,535,1,141.0,141.0,141.0,141.0,0.0,68,0.48226950354609927,5.726633063252329,4.049341072392813,0.8526394083859392,3.7943262411347516,0.475177304964539,0.13793103448275862,0.15862068965517243,0.08275862068965517,0.08275862068965517,0.18620689655172415,0.07586206896551724,0.1103448275862069,0.0896551724137931,0.034482758620689655,2.34726152821708,2.913267854170135,0.0,0.07092198581560284,0.0,1.0,0.0,audio_532.wav,3.5
76,296,10,7.6,8.0,12.0,4.0,2.5377155080899043,50,0.6578947368421053,5.735393346764043,4.055535528269064,0.903316528181691,3.8947368421052633,0.5657894736842105,0.19101123595505617,0.15730337078651685,0.07865168539325842,0.056179775280898875,0.16853932584269662,0.0449438202247191,0.11235955056179775,0.033707865168539325,0.02247191011235955,1.265190610953887,1.6147827534543033,0.0,0.0,0.0,0.0,0.0,audio_464.wav,2.0
105,410,2,52.5,52.5,96.0,9.0,43.5,63,0.6,6.148170459575759,4.347413023856832,0.8902385097138397,3.9047619047619047,0.5238095238095238,0.23148148148148148,0.16666666666666666,0.027777777777777776,0.08333333333333333,0.08333333333333333,0.1111111111111111,0.16666666666666666,0.046296296296296294,0.027777777777777776,2.3302263648468706,2.7962716378162447,0.0,0.05714285714285714,0.0,0.5,0.0,audio_5.wav,2.5
141,523,5,28.2,23.0,41.0,18.0,9.410632284814874,66,0.46808510638297873,5.5582026790390255,3.9302428055577305,0.8466069954560405,3.7092198581560285,0.46099290780141844,0.1513157894736842,0.1513157894736842,0.05263157894736842,0.07236842105263158,0.11842105263157894,0.10526315789473684,0.15789473684210525,0.07236842105263158,0.02631578947368421,2.3492169276907697,2.8823725424858377,0.0,0.0070921985815602835,0.0,0.4,0.0,audio_231.wav,3.5
115,506,9,12.777777777777779,13.0,25.0,3.0,5.652487707545291,83,0.7217391304347827,7.739789908394605,5.472857929185032,0.9312758303501517,4.4,0.5478260869565217,0.13043478260869565,0.16666666666666666,0.07246376811594203,0.08695652173913043,0.10869565217391304,0.07971014492753623,0.12318840579710146,0.050724637681159424,0.014492753623188406,1.9163472754540911,2.8328611898017,0.0,0.008695652173913044,0.1111111111111111,0.0,0.1111111111111111,audio_384.wav,5.0
96,366,4,24.0,26.0,27.0,17.0,4.123105625617661,53,0.5520833333333334,5.409289848646186,3.8249455333812707,0.8698486064174098,3.8125,0.4375,0.1651376146788991,0.1743119266055046,0.03669724770642202,0.009174311926605505,0.11009174311926606,0.08256880733944955,0.1651376146788991,0.045871559633027525,0.03669724770642202,2.6359143327841843,3.020318506315211,0.0,0.0,0.0,0.5,0.0,audio_54.wav,4.0
100,391,5,20.0,19.0,31.0,6.0,9.879271228182775,54,0.54,5.4,3.8183766184073566,0.8661968799114842,3.91,0.58,0.14678899082568808,0.1743119266055046,0.12844036697247707,0.08256880733944955,0.10091743119266056,0.08256880733944955,0.11009174311926606,0.07339449541284404,0.01834862385321101,1.6647244880972198,2.1142000998834694,0.02,0.0,0.0,0.4,0.0,audio_656.wav,5.0
90,436,6,15.0,14.0,27.0,8.0,5.8594652770823155,44,0.4888888888888889,4.638007234913623,3.2795663669996915,0.8409665988473951,4.844444444444444,0.4777777777777778,0.1919191919191919,0.18181818181818182,0.030303030303030304,0.030303030303030304,0.13131313131313133,0.1111111111111111,0.1919191919191919,0.04040404040404041,0.0,1.4982520392874978,2.313967038455136,0.0,0.022222222222222223,0.0,0.16666666666666666,0.0,audio_444.wav,3.0
0,0,0,0.0,0.0,0.0,0.0,0.0,0,0.0,0.0,0.0,0.0,0.0,0.0,0.0,0.0,0.0,0.0,0.0,0.0,0.0,0.0,0.0,0.0,0.0,0.0,0.0,0.0,0.0,0.0,audio_5062.wav,0.0
103,486,4,25.75,25.5,31.0,21.0,3.6996621467371855,65,0.6310679611650486,6.404640308067906,4.528764592895515,0.9006755908483358,4.718446601941747,0.5533980582524272,0.20909090909090908,0.21818181818181817,0.05454545454545454,0.03636363636363636,0.10909090909090909,0.1,0.15454545454545454,0.05454545454545454,0.00909090909090909,1.7146662227401366,2.696853670717496,0.009708737864077669,0.0,0.0,0.5,0.0,audio_312.wav,4.5
68,282,8,8.5,8.0,18.0,2.0,4.8218253804964775,40,0.5882352941176471,4.85071250072666,3.4299717028501764,0.8742440378977755,4.147058823529412,0.5882352941176471,0.12987012987012986,0.16883116883116883,0.1038961038961039,0.11688311688311688,0.12987012987012986,0.07792207792207792,0.03896103896103896,0.05194805194805195,0.03896103896103896,1.511111111111111,2.1333333333333333,0.0,0.0,0.125,0.0,0.125,audio_120.wav,2.5
108,455,6,18.0,19.0,28.0,2.0,8.563488385776752,66,0.6111111111111112,6.3508529610858835,4.490731195102493,0.8948178807452444,4.212962962962963,0.5092592592592593,0.17886178861788618,0.14634146341463414,0.10569105691056911,0.016260162601626018,0.11382113821138211,0.0975609756097561,0.13821138211382114,0.07317073170731707,0.032520325203252036,2.1297574442910667,2.9579964504042593,0.009259259259259259,0.009259259259259259,0.16666666666666666,0.3333333333333333,0.16666666666666666,audio_446.wav,3.0
98,424,4,24.5,17.5,52.0,11.0,16.194134740701646,63,0.6428571428571429,6.363961030678928,4.5,0.9036344850133701,4.326530612244898,0.5510204081632653,0.19230769230769232,0.19230769230769232,0.0673076923076923,0.0673076923076923,0.125,0.0673076923076923,0.19230769230769232,0.009615384615384616,0.009615384615384616,1.6314299983352756,2.413850507740969,0.0,0.030612244897959183,0.0,0.25,0.0,audio_546.wav,2.5
126,496,10,12.6,8.5,31.0,3.0,8.309031231136395,67,0.5317460317460317,5.968834402710811,4.220603281936371,0.8694060231160862,3.9365079365079363,0.5952380952380952,0.16025641025641027,0.1794871794871795,0.09615384615384616,0.04487179487179487,0.1282051282051282,0.038461538461538464,0.10256410256410256,0.057692307692307696,0.00641025641025641,2.097552855002497,2.9632095888130516,0.007936507936507936,0.007936507936507936,0.1,0.1,0.0,audio_430.wav,4.0
69,340,6,11.5,8.0,29.0,1.0,10.641898326896381,39,0.5652173913043478,4.695048270344999,3.3199004699591197,0.8652502345304414,4.927536231884058,0.5942028985507246,0.26506024096385544,0.12048192771084337,0.07228915662650602,0.03614457831325301,0.03614457831325301,0.08433734939759036,0.13253012048192772,0.024096385542168676,0.024096385542168676,1.1486598967870818,1.6147827534543033,0.043478260869565216,0.057971014492753624,0.3333333333333333,0.16666666666666666,0.3333333333333333,audio_179.wav,2.0
127,532,7,18.142857142857142,21.0,31.0,6.0,8.919137873593122,70,0.5511811023622047,6.211495565912797,4.3921906359671095,0.8770295544376424,4.188976377952756,0.5984251968503937,0.22972972972972974,0.10810810810810811,0.10810810810810811,0.06756756756756757,0.0472972972972973,0.07432432432432433,0.12837837837837837,0.060810810810810814,0.02027027027027027,2.1142000998834694,2.9632095888130516,0.0,0.007874015748031496,0.0,0.2857142857142857,0.0,audio_674.wav,4.0
95,409,7,13.571428571428571,11.0,36.0,4.0,9.810448407651084,61,0.6421052631578947,6.25846794771944,4.425405125671071,0.9027195864156249,4.3052631578947365,0.5894736842105263,0.1592920353982301,0.23893805309734514,0.061946902654867256,0.035398230088495575,0.12389380530973451,0.04424778761061947,0.13274336283185842,0.008849557522123894,0.008849557522123894,1.5814882636923588,2.0476111203595804,0.0,0.05263157894736842,0.0,0.14285714285714285,0.0,audio_737.wav,3.5
114,459,17,6.705882352941177,6.0,13.0,3.0,3.443061323920446,49,0.4298245614035088,4.5892704767503005,3.2451042748093575,0.8217181650042342,4.026315789473684,0.5964912280701754,0.22058823529411764,0.22058823529411764,0.022058823529411766,0.03676470588235294,0.19852941176470587,0.029411764705882353,0.08088235294117647,0.022058823529411766,0.022058823529411766,1.8977859164308306,2.480439487264858,0.017543859649122806,0.02631578947368421,0.35294117647058826,0.0,0.0,audio_669.wav,3.0
135,749,7,19.285714285714285,22.0,24.0,10.0,5.091008480344417,93,0.6888888888888889,8.004165582161995,5.659799760886717,0.924025604656583,5.548148148148148,0.7555555555555555,0.30357142857142855,0.16666666666666666,0.10119047619047619,0.03571428571428571,0.023809523809523808,0.05357142857142857,0.10714285714285714,0.017857142857142856,0.005952380952380952,2.247378058931247,3.8288663226236057,0.0,0.007407407407407408,0.0,0.0,0.0,audio_540.wav,4.0
93,333,5,18.6,13.0,43.0,10.0,12.306096050332128,58,0.6236559139784946,6.014319829436467,4.2527663356192456,0.8958309722003773,3.5806451612903225,0.5268817204301075,0.16363636363636364,0.16363636363636364,0.06363636363636363,0.05454545454545454,0.14545454545454545,0.07272727272727272,0.14545454545454545,0.05454545454545454,0.00909090909090909,2.0768200089325592,2.4564537740062526,0.0,0.021505376344086023,0.0,0.2,0.0,audio_692.wav,4.0
116,483,4,29.0,30.5,40.0,15.0,9.027735042633894,66,0.5689655172413793,6.127946159842712,4.333112284370844,0.8813664143503529,4.163793103448276,0.5,0.2047244094488189,0.1732283464566929,0.047244094488188976,0.031496062992125984,0.10236220472440945,0.09448818897637795,0.14173228346456693,0.06299212598425197,0.007874015748031496,2.1148587055606196,2.9717411121239743,0.0,0.008620689655172414,0.0,0.75,0.0,audio_572.wav,2.0
101,490,5,20.2,21.0,25.0,16.0,3.3105890714493698,69,0.6831683168316832,6.8657566124489255,4.854823058639014,0.9174422399472293,4.851485148514851,0.5742574257425742,0.22727272727272727,0.16363636363636364,0.08181818181818182,0.05454545454545454,0.02727272727272727,0.14545454545454545,0.12727272727272726,0.1,0.0,1.6661167931375784,2.55691191026064,0.0,0.009900990099009901,0.0,0.0,0.0,audio_479.wav,2.0
84,374,4,21.0,23.0,26.0,12.0,5.385164807134504,47,0.5595238095238095,5.128120420545821,3.6261287241091598,0.8689475951059765,4.4523809523809526,0.6190476190476191,0.3111111111111111,0.16666666666666666,0.011111111111111112,0.08888888888888889,0.022222222222222223,0.1111111111111111,0.07777777777777778,0.07777777777777778,0.044444444444444446,1.3838550247116967,1.943986820428336,0.011904761904761904,0.03571428571428571,0.0,0.25,0.0,audio_419.wav,3.0
20,58,1,20.0,20.0,20.0,20.0,0.0,18,0.9,4.024922359499621,2.846049894151541,0.9648297958439285,2.9,0.65,0.36363636363636365,0.18181818181818182,0.0,0.045454545454545456,0.09090909090909091,0.09090909090909091,0.13636363636363635,0.0,0.0,0.44385264092321347,0.4882379050155348,0.0,0.05,0.0,0.0,0.0,audio_5037.wav,0.0
122,531,5,24.4,27.0,36.0,13.0,9.748846085563152,58,0.47540983606557374,5.251073270466074,3.713069518053983,0.8452175735154123,4.352459016393443,0.4918032786885246,0.25384615384615383,0.13846153846153847,0.046153846153846156,0.023076923076923078,0.046153846153846156,0.16923076923076924,0.15384615384615385,0.05384615384615385,0.015384615384615385,2.030963875478608,2.64691193607458,0.0,0.040983606557377046,0.0,0.6,0.0,audio_433.wav,3.0
133,531,10,13.3,14.0,25.0,3.0,6.649060083951715,66,0.49624060150375937,5.722925798859191,4.046719640600775,0.8567189442259479,3.992481203007519,0.5112781954887218,0.14864864864864866,0.19594594594594594,0.060810810810810814,0.05405405405405406,0.10810810810810811,0.07432432432432433,0.13513513513513514,0.06756756756756757,0.04054054054054054,2.2140835691693024,2.7301481604794406,0.0,0.03759398496240601,0.1,0.0,0.0,audio_405.wav,5.0
71,292,4,17.75,16.0,24.0,15.0,3.6996621467371855,53,0.7464788732394366,6.289942788427422,4.447661198972452,0.9314074779426934,4.112676056338028,0.5774647887323944,0.23076923076923078,0.19230769230769232,0.07692307692307693,0.02564102564102564,0.11538461538461539,0.07692307692307693,0.10256410256410256,0.07692307692307693,0.0,1.1817576564580559,1.5645805592543276,0.0,0.014084507042253521,0.0,0.0,0.0,audio_267.wav,4.0
135,577,7,19.285714285714285,15.0,35.0,7.0,9.527618286018896,78,0.5777777777777777,6.713171133426189,4.74692883171144,0.8881681503021791,4.274074074074074,0.5555555555555556,0.1949685534591195,0.15723270440251572,0.05660377358490566,0.06289308176100629,0.1069182389937107,0.09433962264150944,0.1320754716981132,0.025157232704402517,0.006289308176100629,2.247378058931247,3.079740302979857,0.0,0.014814814814814815,0.0,0.2857142857142857,0.14285714285714285,audio_358.wav,5.0
127,568,8,15.875,16.5,30.0,4.0,8.146126380065558,82,0.6456692913385826,7.276323377212133,5.1451376021329,0.9096922081277099,4.47244094488189,0.6062992125984252,0.2348993288590604,0.1342281879194631,0.10067114093959731,0.04697986577181208,0.03355704697986577,0.08053691275167785,0.14093959731543623,0.053691275167785234,0.006711409395973154,2.1163139476753874,2.8161973004499252,0.0,0.0,0.0,0.125,0.0,audio_331.wav,5.0
82,320,1,82.0,82.0,82.0,82.0,0.0,41,0.5,4.527692569068708,3.2015621187164243,0.8427067526504531,3.902439024390244,0.5,0.1839080459770115,0.2413793103448276,0.04597701149425287,0.0,0.11494252873563218,0.09195402298850575,0.11494252873563218,0.13793103448275862,0.011494252873563218,1.3650740802397203,1.764607957383053,0.0,0.036585365853658534,0.0,1.0,0.0,audio_487.wav,2.5
128,489,4,32.0,31.0,51.0,15.0,12.84523257866513,55,0.4296875,4.8613591206575135,3.4375,0.8259085305035229,3.8203125,0.53125,0.1865671641791045,0.20149253731343283,0.05223880597014925,0.06716417910447761,0.05970149253731343,0.16417910447761194,0.13432835820895522,0.07462686567164178,0.007462686567164179,2.1308473447644416,2.4970867321458297,0.0,0.0,0.0,0.75,0.0,audio_494.wav,3.0
110,461,7,15.714285714285714,15.0,28.0,6.0,6.583839212458807,76,0.6909090909090909,7.246315678266502,5.12391895472064,0.9213384597461769,4.1909090909090905,0.6,0.27049180327868855,0.13934426229508196,0.07377049180327869,0.05737704918032787,0.04918032786885246,0.13114754098360656,0.13934426229508196,0.01639344262295082,0.01639344262295082,2.029894814541428,2.786491972688688,0.00909090909090909,0.00909090909090909,0.0,0.14285714285714285,0.0,audio_536.wav,2.5
84,337,4,21.0,21.0,31.0,11.0,8.631338250816034,54,0.6428571428571429,5.8918830363717944,4.166190448976481,0.9002818729958816,4.011904761904762,0.5595238095238095,0.2553191489361702,0.11702127659574468,0.07446808510638298,0.05319148936170213,0.0425531914893617,0.13829787234042554,0.14893617021276595,0.07446808510638298,0.0,1.3983685700016648,1.9144331613118029,0.0,0.023809523809523808,0.0,0.5,0.0,audio_634.wav,4.0
135,576,6,22.5,21.5,29.0,17.0,4.645786621588784,80,0.5925925925925926,6.885303726590964,4.868644955601477,0.8933294937799342,4.266666666666667,0.5259259259259259,0.17647058823529413,0.1503267973856209,0.0784313725490196,0.058823529411764705,0.0915032679738562,0.11764705882352941,0.08496732026143791,0.0718954248366013,0.0196078431372549,2.247378058931247,3.013151323455968,0.0,0.022222222222222223,0.0,0.3333333333333333,0.0,audio_317.wav,3.5
91,330,8,11.375,5.5,43.0,1.0,13.123809469814777,51,0.5604395604395604,5.346252667281783,3.780371514971616,0.8716355778857683,3.6263736263736264,0.5054945054945055,0.28846153846153844,0.11538461538461539,0.028846153846153848,0.009615384615384616,0.04807692307692308,0.17307692307692307,0.1346153846153846,0.0673076923076923,0.019230769230769232,1.5510482358956876,1.8748934719618202,0.0,0.01098901098901099,0.25,0.125,0.375,audio_5054.wav,0.0
142,628,6,23.666666666666668,25.5,34.0,11.0,8.29993306532582,79,0.5563380281690141,6.629532730543844,4.68778754986572,0.881678840218032,4.422535211267606,0.5704225352112676,0.21935483870967742,0.18064516129032257,0.05161290322580645,0.07096774193548387,0.07741935483870968,0.04516129032258064,0.15483870967741936,0.07741935483870968,0.0064516129032258064,2.363908773098052,3.3960379557183287,0.0,0.014084507042253521,0.0,0.5,0.0,audio_723.wav,5.0
126,568,8,15.75,17.0,19.0,9.0,2.947456530637899,83,0.6587301587301587,7.394227692910408,5.22850854329431,0.9136854907992716,4.507936507936508,0.5555555555555556,0.20270270270270271,0.16216216216216217,0.08108108108108109,0.02702702702702703,0.08783783783783784,0.0945945945945946,0.10810810810810811,0.060810810810810814,0.02027027027027027,2.097203728362184,2.94607190412783,0.0,0.015873015873015872,0.0,0.0,0.0,audio_155.wav,3.5
103,340,5,20.6,14.0,41.0,4.0,15.041276541570532,49,0.47572815533980584,4.828113463005036,3.4139917700289266,0.8397082780879527,3.3009708737864076,0.5631067961165048,0.1206896551724138,0.20689655172413793,0.07758620689655173,0.09482758620689655,0.1724137931034483,0.06896551724137931,0.12931034482758622,0.06896551724137931,0.0,2.2289547716944385,2.5535598355334344,0.0,0.04854368932038835,0.0,0.4,0.0,audio_410.wav,2.0
28,130,2,14.0,14.0,21.0,7.0,7.0,25,0.8928571428571429,4.72455591261534,3.3407655239053047,0.9659898769835575,4.642857142857143,0.5357142857142857,0.23333333333333334,0.2,0.06666666666666667,0.0,0.06666666666666667,0.16666666666666666,0.1,0.03333333333333333,0.0,1.3958125623130608,1.9441674975074776,0.0,0.0,0.0,0.0,0.0,audio_251.wav,2.0
140,584,7,20.0,10.0,41.0,5.0,13.918127952935542,73,0.5214285714285715,6.169626059518171,4.362584424070537,0.8682253943584464,4.171428571428572,0.5285714285714286,0.23026315789473684,0.14473684210526316,0.039473684210526314,0.07236842105263158,0.05263157894736842,0.13157894736842105,0.1118421052631579,0.06578947368421052,0.0,2.3306142833361077,2.8966206092891627,0.0,0.02142857142857143,0.0,0.42857142857142855,0.0,audio_779.wav,5.0
133,542,3,44.333333333333336,41.0,55.0,37.0,7.717224601860151,84,0.631578947368421,7.283723744002607,5.150370451673713,0.9060328174267719,4.075187969924812,0.518796992481203,0.1780821917808219,0.19863013698630136,0.0547945205479452,0.0410958904109589,0.08904109589041095,0.06164383561643835,0.13013698630136986,0.06164383561643835,0.02054794520547945,2.2140835691693024,2.8966206092891627,0.0,0.007518796992481203,0.0,1.0,0.0,audio_382.wav,4.0
63,280,5,12.6,12.0,25.0,5.0,7.2277243998370615,44,0.6984126984126984,5.543478937468666,3.919831548048891,0.9133638859999382,4.444444444444445,0.5714285714285714,0.23943661971830985,0.16901408450704225,0.07042253521126761,0.028169014084507043,0.11267605633802817,0.08450704225352113,0.14084507042253522,0.056338028169014086,0.0,1.0487764275012486,1.4816047944065258,0.015873015873015872,0.031746031746031744,0.0,0.0,0.2,audio_559.wav,3.0
41,176,1,41.0,41.0,41.0,41.0,0.0,32,0.7804878048780488,4.997560380435394,3.533808834395089,0.9332620561947168,4.2926829268292686,0.5121951219512195,0.23809523809523808,0.19047619047619047,0.047619047619047616,0.023809523809523808,0.14285714285714285,0.023809523809523808,0.16666666666666666,0.09523809523809523,0.047619047619047616,0.6824234354194407,0.9820239680426098,0.0,0.0,0.0,1.0,0.0,audio_161.wav,3.0
88,367,7,12.571428571428571,14.0,19.0,4.0,5.0950155714648595,64,0.7272727272727273,6.822422923379533,4.824181513244218,0.9288742964146091,4.170454545454546,0.5681818181818182,0.3163265306122449,0.11224489795918367,0.061224489795918366,0.02040816326530612,0.09183673469387756,0.10204081632653061,0.14285714285714285,0.04081632653061224,0.0,1.4649575495255536,2.030963875478608,0.0,0.0,0.0,0.0,0.0,audio_535.wav,2.5
77,379,9,8.555555555555555,8.0,25.0,2.0,6.499762578759851,60,0.7792207792207793,6.837634587578276,4.834937784152282,0.9425708945486955,4.922077922077922,0.7142857142857143,0.24210526315789474,0.24210526315789474,0.05263157894736842,0.042105263157894736,0.031578947368421054,0.08421052631578947,0.08421052631578947,0.010526315789473684,0.021052631578947368,1.745240253853128,2.4705349048050773,0.0,0.0,0.1111111111111111,0.0,0.0,audio_363.wav,5.0
158,505,9,17.555555555555557,16.0,36.0,9.0,8.354787198714428,74,0.46835443037974683,5.887123902900402,4.162825233426289,0.8501697380741778,3.1962025316455698,0.5379746835443038,0.0918918918918919,0.2756756756756757,0.05405405405405406,0.03783783783783784,0.15675675675675677,0.06486486486486487,0.14054054054054055,0.03783783783783784,0.005405405405405406,2.6302646911936076,2.9465623439320794,0.0,0.0379746835443038,0.0,0.2222222222222222,0.0,audio_5057.wav,0.0
120,503,18,6.666666666666667,6.0,17.0,2.0,3.415650255319866,77,0.6416666666666667,7.029106154649631,4.970328627632852,0.9073238462296476,4.191666666666666,0.5916666666666667,0.22297297297297297,0.17567567567567569,0.0472972972972973,0.033783783783783786,0.06756756756756757,0.12837837837837837,0.10135135135135136,0.02702702702702703,0.006756756756756757,1.9976693857166639,2.5636757116697186,0.0,0.0,0.1111111111111111,0.0,0.05555555555555555,audio_660.wav,4.5
135,589,6,22.5,22.5,31.0,14.0,6.020797289396148,77,0.5703703703703704,6.627104836843802,4.686070769766421,0.8855376340887704,4.362962962962963,0.5037037037037037,0.16326530612244897,0.17687074829931973,0.05442176870748299,0.06802721088435375,0.16326530612244897,0.027210884353741496,0.17006802721088435,0.05442176870748299,0.013605442176870748,2.247378058931247,3.02979856833694,0.0,0.014814814814814815,0.0,0.3333333333333333,0.0,audio_293.wav,5.0
87,346,4,21.75,17.5,37.0,15.0,8.926785535678562,51,0.5862068965517241,5.467773927672753,3.8663000222524073,0.8804089847484015,3.9770114942528734,0.5287356321839081,0.24468085106382978,0.1276595744680851,0.06382978723404255,0.05319148936170213,0.13829787234042554,0.11702127659574468,0.11702127659574468,0.0425531914893617,0.010638297872340425,1.9307589880159786,2.507767421216156,0.0,0.04597701149425287,0.0,0.25,0.0,audio_74.wav,4.0
145,612,5,29.0,26.0,52.0,17.0,12.537942414925983,95,0.6551724137931034,7.889320586105296,5.578592085389682,0.915033258215987,4.220689655172414,0.5586206896551724,0.18867924528301888,0.18867924528301888,0.05660377358490566,0.07547169811320754,0.08176100628930817,0.0440251572327044,0.1509433962264151,0.06918238993710692,0.018867924528301886,2.413850507740969,3.246212751789579,0.0,0.013793103448275862,0.0,0.6,0.0,audio_215.wav,4.0
77,312,5,15.4,16.0,25.0,5.0,6.406246951218787,46,0.5974025974025974,5.242186517143345,3.7067856345167494,0.8814026008686303,4.0519480519480515,0.5064935064935064,0.19047619047619047,0.15476190476190477,0.023809523809523808,0.09523809523809523,0.09523809523809523,0.13095238095238096,0.15476190476190477,0.05952380952380952,0.011904761904761904,1.278432674746804,1.7101112402457248,0.012987012987012988,0.03896103896103896,0.0,0.0,0.0,audio_228.wav,3.0
122,504,1,122.0,122.0,122.0,122.0,0.0,62,0.5081967213114754,5.613216254636149,3.9691432779197755,0.8590999803320493,4.131147540983607,0.4918032786885246,0.21951219512195122,0.17886178861788618,0.04878048780487805,0.04065040650406504,0.04878048780487805,0.13821138211382114,0.13821138211382114,0.11382113821138211,0.016260162601626018,2.032994500916514,2.482919513414431,0.0,0.040983606557377046,0.0,1.0,0.0,audio_602.wav,2.0
131,554,7,18.714285714285715,16.0,41.0,7.0,10.739969216692858,63,0.48091603053435117,5.504335556964539,3.8921529982558574,0.8498393914589427,4.229007633587786,0.5954198473282443,0.21568627450980393,0.19607843137254902,0.05228758169934641,0.0457516339869281,0.0718954248366013,0.13071895424836602,0.09803921568627451,0.032679738562091505,0.0196078431372549,2.180789079407358,2.846678874646246,0.0,0.022900763358778626,0.0,0.2857142857142857,0.0,audio_396.wav,2.0
120,503,7,17.142857142857142,15.0,37.0,6.0,10.218031281284382,60,0.5,5.477225575051661,3.8729833462074166,0.8552170493860418,4.191666666666666,0.5166666666666667,0.19852941176470587,0.19117647058823528,0.03676470588235294,0.029411764705882353,0.07352941176470588,0.08823529411764706,0.13970588235294118,0.03676470588235294,0.03676470588235294,1.9976693857166639,2.513733977026802,0.016666666666666666,0.05,0.0,0.14285714285714285,0.0,audio_576.wav,2.0
82,283,3,27.333333333333332,22.0,46.0,14.0,13.59738536958076,41,0.5,4.527692569068708,3.2015621187164243,0.8427067526504531,3.451219512195122,0.5609756097560976,0.1308411214953271,0.16822429906542055,0.037383177570093455,0.09345794392523364,0.1308411214953271,0.12149532710280374,0.12149532710280374,0.04672897196261682,0.0,1.3650740802397203,1.6147827534543033,0.012195121951219513,0.0,0.0,0.3333333333333333,0.0,audio_5040.wav,0.0
77,293,6,12.833333333333334,12.0,22.0,5.0,6.865776641348661,48,0.6233766233766234,5.470107670062621,3.8679502273218254,0.891200372703593,3.8051948051948052,0.5194805194805194,0.19047619047619047,0.14285714285714285,0.08333333333333333,0.05952380952380952,0.07142857142857142,0.11904761904761904,0.16666666666666666,0.05952380952380952,0.0,1.2831194800866523,1.7163806032327946,0.0,0.05194805194805195,0.0,0.0,0.3333333333333333,audio_198.wav,4.0
135,486,10,13.5,12.5,24.0,5.0,6.438167441127949,64,0.4740740740740741,5.508242981272771,3.8949159644811813,0.8478389634033165,3.6,0.48148148148148145,0.2191780821917808,0.1232876712328767,0.04794520547945205,0.0547945205479452,0.15753424657534246,0.10273972602739725,0.1232876712328767,0.08904109589041095,0.0,2.247378058931247,2.7967371400033296,0.007407407407407408,0.05185185185185185,0.0,0.0,0.0,audio_600.wav,2.0
79,373,5,15.8,15.0,22.0,11.0,3.54400902933387,56,0.7088607594936709,6.300492245185734,4.455120791384088,0.9212495094688926,4.7215189873417724,0.5949367088607594,0.24719101123595505,0.1797752808988764,0.011235955056179775,0.0898876404494382,0.033707865168539325,0.11235955056179775,0.0898876404494382,0.056179775280898875,0.033707865168539325,1.3151323455968038,1.8311969369069419,0.0,0.012658227848101266,0.0,0.0,0.0,audio_710.wav,4.0
73,342,4,18.25,15.0,37.0,6.0,11.431863365173676,45,0.6164383561643836,5.266851623825876,3.7242264987106557,0.8872388941058076,4.684931506849315,0.5616438356164384,0.21951219512195122,0.14634146341463414,0.04878048780487805,0.08536585365853659,0.04878048780487805,0.08536585365853659,0.12195121951219512,0.06097560975609756,0.04878048780487805,1.215046604527297,1.8308921438082557,0.0,0.0,0.0,0.25,0.0,audio_246.wav,3.0
114,445,4,28.5,26.0,40.0,22.0,7.399324293474371,63,0.5526315789473685,5.900490612964672,4.172276924754888,0.8747806434918276,3.9035087719298245,0.543859649122807,0.14166666666666666,0.2,0.08333333333333333,0.09166666666666666,0.20833333333333334,0.06666666666666667,0.11666666666666667,0.041666666666666664,0.0,1.8977859164308306,2.513733977026802,0.008771929824561403,0.03508771929824561,0.0,0.5,0.0,audio_490.wav,2.5
94,448,6,15.666666666666666,13.0,28.0,5.0,8.178562764256865,61,0.648936170212766,6.291669602178639,4.448882240685784,0.9048221744747458,4.76595744680851,0.6595744680851063,0.21818181818181817,0.13636363636363635,0.09090909090909091,0.11818181818181818,0.03636363636363636,0.05454545454545454,0.11818181818181818,0.07272727272727272,0.00909090909090909,1.5648410188113868,2.2307308140502746,0.010638297872340425,0.031914893617021274,0.0,0.16666666666666666,0.0,audio_657.wav,5.0
68,288,4,17.0,15.5,22.0,15.0,2.9154759474226504,43,0.6323529411764706,5.214515938281159,3.68721958056394,0.8913836348917352,4.235294117647059,0.4852941176470588,0.23684210526315788,0.15789473684210525,0.02631578947368421,0.013157894736842105,0.05263157894736842,0.18421052631578946,0.11842105263157894,0.05263157894736842,0.039473684210526314,1.1142061281337048,1.4255284286416516,0.0,0.014705882352941176,0.0,0.0,0.0,audio_688.wav,5.0
102,443,9,11.333333333333334,10.0,23.0,7.0,4.447221354708778,54,0.5294117647058824,5.346796732074042,3.780756226875626,0.8624881069801641,4.3431372549019605,0.5980392156862745,0.24166666666666667,0.16666666666666666,0.025,0.075,0.058333333333333334,0.1,0.10833333333333334,0.058333333333333334,0.05,1.6980189778591643,2.2806725486931914,0.0,0.0196078431372549,0.0,0.0,0.0,audio_698.wav,5.0
76,314,3,25.333333333333332,25.0,38.0,13.0,10.208928554075703,48,0.631578947368421,5.505977612893481,3.893314107138301,0.8938904122533535,4.131578947368421,0.5263157894736842,0.2839506172839506,0.14814814814814814,0.012345679012345678,0.04938271604938271,0.024691358024691357,0.20987654320987653,0.09876543209876543,0.04938271604938271,0.012345679012345678,1.265190610953887,1.6647244880972198,0.0,0.013157894736842105,0.0,0.3333333333333333,0.0,audio_499.wav,2.5
90,477,9,10.0,9.0,21.0,5.0,4.47213595499958,69,0.7666666666666667,7.273238618387272,5.142956348249516,0.9409523546106998,5.3,0.6555555555555556,0.308411214953271,0.11214953271028037,0.08411214953271028,0.04672897196261682,0.06542056074766354,0.08411214953271028,0.06542056074766354,0.056074766355140186,0.0,1.4982520392874978,2.6136174463126354,0.0,0.0,0.0,0.0,0.1111111111111111,audio_463.wav,4.0
116,468,7,16.571428571428573,17.0,29.0,6.0,7.816779440173972,71,0.6120689655172413,6.592184505285341,4.66137836652015,0.8967285158523955,4.0344827586206895,0.5689655172413793,0.22764227642276422,0.13821138211382114,0.08943089430894309,0.08130081300813008,0.056910569105691054,0.13008130081300814,0.14634146341463414,0.032520325203252036,0.016260162601626018,1.931080406192775,2.4637922423838856,0.0,0.034482758620689655,0.0,0.14285714285714285,0.0,audio_604.wav,4.5
105,414,9,11.666666666666666,9.0,25.0,5.0,6.2182527020592095,61,0.580952380952381,5.952990444986052,4.209399911988361,0.8833065937130664,3.942857142857143,0.5238095238095238,0.14393939393939395,0.17424242424242425,0.03787878787878788,0.06060606060606061,0.15151515151515152,0.045454545454545456,0.12121212121212122,0.03787878787878788,0.0,2.3302263648468706,3.1291611185086547,0.0,0.0380952380952381,0.0,0.0,0.0,audio_97.wav,4.0
63,338,3,21.0,21.0,31.0,11.0,8.16496580927726,48,0.7619047619047619,6.047431568147635,4.27617987059879,0.9343652250187668,5.365079365079365,0.6349206349206349,0.273972602739726,0.1506849315068493,0.0821917808219178,0.0410958904109589,0.0273972602739726,0.0684931506849315,0.136986301369863,0.0684931506849315,0.0136986301369863,1.048601864181092,1.7643142476697737,0.0,0.0,0.0,0.3333333333333333,0.0,audio_234.wav,3.0
107,402,6,17.833333333333332,17.0,29.0,3.0,8.629728977333079,65,0.6074766355140186,6.283787178796813,4.443308525660311,0.8933319446904872,3.7570093457943927,0.5607476635514018,0.15702479338842976,0.19008264462809918,0.04132231404958678,0.10743801652892562,0.11570247933884298,0.05785123966942149,0.1652892561983471,0.04132231404958678,0.0,1.7627677100494232,2.3064250411861615,0.0,0.018691588785046728,0.16666666666666666,0.3333333333333333,0.0,audio_782.wav,5.0
74,314,12,6.166666666666667,6.0,10.0,2.0,2.576604138956718,48,0.6486486486486487,5.579886659703326,3.945575695328575,0.8994290111969397,4.243243243243243,0.581081081081081,0.16129032258064516,0.17204301075268819,0.07526881720430108,0.053763440860215055,0.021505376344086023,0.13978494623655913,0.03225806451612903,0.07526881720430108,0.010752688172043012,1.329978432782171,1.5995686556434219,0.0,0.0,0.25,0.0,0.25,audio_758.wav,4.0
136,526,8,17.0,15.5,35.0,5.0,8.18535277187245,65,0.47794117647058826,5.573704017131537,3.941203906840411,0.8497212539834655,3.8676470588235294,0.5073529411764706,0.17123287671232876,0.1506849315068493,0.07534246575342465,0.07534246575342465,0.1780821917808219,0.08904109589041095,0.0958904109589041,0.0547945205479452,0.0273972602739726,2.264025303812219,2.9465623439320794,0.0,0.014705882352941176,0.0,0.125,0.0,audio_727.wav,4.5
29,167,2,14.5,14.5,18.0,11.0,3.5,25,0.8620689655172413,4.642383454426297,3.2826608214930637,0.9559230870669092,5.758620689655173,0.6896551724137931,0.3142857142857143,0.14285714285714285,0.05714285714285714,0.05714285714285714,0.02857142857142857,0.08571428571428572,0.08571428571428572,0.02857142857142857,0.02857142857142857,0.4827701015481938,0.8823039786915265,0.0,0.0,0.0,0.0,0.0,audio_643.wav,4.0
87,402,5,17.4,13.0,34.0,7.0,10.480458005259122,61,0.7011494252873564,6.539886462510548,4.62439806583131,0.9205012183304319,4.620689655172414,0.5402298850574713,0.15625,0.17708333333333334,0.08333333333333333,0.07291666666666667,0.13541666666666666,0.07291666666666667,0.14583333333333334,0.020833333333333332,0.0,1.449516827724092,2.2159280239920025,0.0,0.0,0.0,0.2,0.0,audio_261.wav,3.0
119,393,14,8.5,8.0,14.0,5.0,1.9910514092523364,56,0.47058823529411764,5.133511583357984,3.629940851892121,0.8422782329306113,3.302521008403361,0.5210084033613446,0.16058394160583941,0.1897810218978102,0.043795620437956206,0.058394160583941604,0.11678832116788321,0.08759124087591241,0.18248175182481752,0.029197080291970802,0.0072992700729927005,1.9810221408356916,2.3805560179790244,0.0,0.05042016806722689,0.0,0.0,0.0,audio_205.wav,4.0
112,501,9,12.444444444444445,11.0,19.0,8.0,3.975231959999626,77,0.6875,7.275816105427624,5.144778906814169,0.9205905395631541,4.473214285714286,0.5892857142857143,0.2857142857142857,0.12698412698412698,0.0873015873015873,0.023809523809523808,0.06349206349206349,0.1111111111111111,0.09523809523809523,0.07142857142857142,0.015873015873015872,2.4855747891699953,3.7061695517088324,0.008928571428571428,0.026785714285714284,0.0,0.0,0.1111111111111111,audio_128.wav,2.0
139,515,6,23.166666666666668,21.5,48.0,9.0,13.483529046787252,70,0.5035971223021583,5.937322507759797,4.19832100732847,0.8609824065589681,3.7050359712230216,0.5107913669064749,0.09868421052631579,0.21710526315789475,0.06578947368421052,0.08552631578947369,0.18421052631578946,0.07894736842105263,0.09868421052631579,0.03289473684210526,0.02631578947368421,2.2775684089791906,2.834671473046043,0.0,0.007194244604316547,0.0,0.5,0.0,audio_650.wav,5.0
116,412,4,29.0,27.0,44.0,18.0,10.319883720275147,60,0.5172413793103449,5.570860145311556,3.9391929857916765,0.8613162678352739,3.5517241379310347,0.45689655172413796,0.16260162601626016,0.17886178861788618,0.024390243902439025,0.06504065040650407,0.17886178861788618,0.06504065040650407,0.2032520325203252,0.024390243902439025,0.016260162601626018,2.5743453173546382,3.062583222370173,0.0,0.034482758620689655,0.0,0.5,0.0,audio_35.wav,2.0
82,306,3,27.333333333333332,33.0,35.0,14.0,9.46337971105226,62,0.7560975609756098,6.846754616640485,4.841386618546788,0.9365548730174423,3.731707317073171,0.5365853658536586,0.19101123595505617,0.16853932584269662,0.07865168539325842,0.056179775280898875,0.14606741573033707,0.06741573033707865,0.11235955056179775,0.033707865168539325,0.011235955056179775,1.3648468708388815,1.5978695073235687,0.0,0.012195121951219513,0.0,0.6666666666666666,0.0,audio_141.wav,3.0
86,387,7,12.285714285714286,12.0,23.0,4.0,6.40790328343023,59,0.686046511627907,6.362133619002867,4.498707824811838,0.9154062700354062,4.5,0.627906976744186,0.32989690721649484,0.12371134020618557,0.05154639175257732,0.05154639175257732,0.0,0.12371134020618557,0.10309278350515463,0.05154639175257732,0.010309278350515464,1.4314247669773636,2.0639147802929427,0.0,0.011627906976744186,0.0,0.0,0.14285714285714285,audio_260.wav,3.5
144,627,8,18.0,19.5,26.0,5.0,7.533259586659682,80,0.5555555555555556,6.666666666666667,4.714045207910317,0.881728622491258,4.354166666666667,0.5625,0.25161290322580643,0.14838709677419354,0.07741935483870968,0.04516129032258064,0.05161290322580645,0.1032258064516129,0.16129032258064516,0.025806451612903226,0.012903225806451613,2.3996000666555575,3.5827362106315617,0.0,0.013888888888888888,0.0,0.25,0.0,audio_722.wav,5.0
79,261,10,7.9,5.5,15.0,4.0,4.060788100849391,26,0.3291139240506329,2.925228542407662,2.068448938856898,0.745654061572548,3.3037974683544302,0.5822784810126582,0.009259259259259259,0.28703703703703703,0.06481481481481481,0.06481481481481481,0.25925925925925924,0.0,0.1574074074074074,0.027777777777777776,0.0,1.3476629136813374,1.6376663254861823,0.0,0.012658227848101266,0.0,0.0,0.0,audio_5047.wav,0.0
111,503,7,15.857142857142858,16.0,30.0,9.0,6.490180966628885,75,0.6756756756756757,7.118684968143743,5.033670414105182,0.9167555847360785,4.531531531531532,0.6756756756756757,0.22962962962962963,0.16296296296296298,0.05185185185185185,0.1111111111111111,0.037037037037037035,0.02962962962962963,0.17037037037037037,0.022222222222222223,0.007407407407407408,1.847844181787914,2.513733977026802,0.0,0.036036036036036036,0.0,0.14285714285714285,0.0,audio_324.wav,5.0
144,579,9,16.0,16.0,41.0,4.0,10.873004286866728,84,0.5833333333333334,7.0,4.949747468305833,0.891545925723473,4.020833333333333,0.5902777777777778,0.15757575757575756,0.16363636363636364,0.09696969696969697,0.09696969696969697,0.08484848484848485,0.07272727272727272,0.09696969696969697,0.03636363636363636,0.01818181818181818,2.3972032628599966,3.0464458132179124,0.0,0.020833333333333332,0.0,0.1111111111111111,0.0,audio_279.wav,5.0
109,424,6,18.166666666666668,17.5,31.0,6.0,7.425556469981821,56,0.5137614678899083,5.3638271972384475,3.7927985842801397,0.8580373470028109,3.889908256880734,0.5045871559633027,0.23387096774193547,0.13709677419354838,0.06451612903225806,0.008064516129032258,0.08870967741935484,0.08870967741935484,0.13709677419354838,0.06451612903225806,0.0,2.1966948810963323,2.8012898024989923,0.009174311926605505,0.03669724770642202,0.0,0.16666666666666666,0.0,audio_450.wav,3.0
108,416,3,36.0,39.0,46.0,23.0,9.626352718795768,65,0.6018518518518519,6.2546279162209455,4.422689813358516,0.8915570853103917,3.8518518518518516,0.5462962962962963,0.20168067226890757,0.17647058823529413,0.05042016806722689,0.06722689075630252,0.1092436974789916,0.10084033613445378,0.17647058823529413,0.008403361344537815,0.0,2.5034770514603615,3.175707000463607,0.0,0.0,0.0,0.6666666666666666,0.0,audio_32.wav,2.5
57,272,1,57.0,57.0,57.0,57.0,0.0,43,0.7543859649122807,5.695489135379688,4.027318989801284,0.9302875146839414,4.771929824561403,0.5087719298245614,0.2698412698412698,0.1746031746031746,0.0,0.015873015873015872,0.09523809523809523,0.12698412698412698,0.1111111111111111,0.07936507936507936,0.015873015873015872,0.9487350199733688,1.3482023968042611,0.0,0.017543859649122806,0.0,1.0,0.0,audio_254.wav,3.5
101,357,2,50.5,50.5,70.0,31.0,19.5,38,0.37623762376237624,3.781141322797959,2.673670669975109,0.7881887691669792,3.5346534653465347,0.40594059405940597,0.16037735849056603,0.1792452830188679,0.02830188679245283,0.018867924528301886,0.0660377358490566,0.29245283018867924,0.08490566037735849,0.08490566037735849,0.0,1.681371732978192,2.014316630597636,0.16831683168316833,0.009900990099009901,0.0,1.0,0.0,audio_544.wav,2.0
153,545,13,11.76923076923077,12.0,21.0,6.0,4.559923180085825,91,0.5947712418300654,7.356913959435434,5.2021237493227686,0.8967130848258703,3.5620915032679736,0.6013071895424836,0.09326424870466321,0.19689119170984457,0.05181347150259067,0.13471502590673576,0.18134715025906736,0.05181347150259067,0.07772020725388601,0.05699481865284974,0.02072538860103627,2.5491502832389203,3.165611462845718,0.0,0.032679738562091505,0.0,0.0,0.0,audio_176.wav,4.5
85,366,7,12.142857142857142,11.0,28.0,3.0,7.567384364656587,63,0.7411764705882353,6.8333094212876695,4.831879429738433,0.9325815796004205,4.305882352941176,0.6,0.18947368421052632,0.14736842105263157,0.1368421052631579,0.06315789473684211,0.08421052631578947,0.08421052631578947,0.1368421052631579,0.031578947368421054,0.0,1.4150158148826368,1.9643748959547196,0.0,0.011764705882352941,0.14285714285714285,0.14285714285714285,0.14285714285714285,audio_301.wav,4.5
146,590,8,18.25,15.0,35.0,8.0,9.56229574945264,80,0.547945205479452,6.620847108818944,4.681645887845223,0.8792882278440671,4.041095890410959,0.5,0.13496932515337423,0.17791411042944785,0.06134969325153374,0.0736196319018405,0.17177914110429449,0.03067484662576687,0.12883435582822086,0.06748466257668712,0.018404907975460124,2.430497752621941,3.346096221075412,0.00684931506849315,0.0273972602739726,0.0,0.25,0.0,audio_213.wav,5.0
124,550,6,20.666666666666668,20.0,30.0,13.0,5.9907335852038095,81,0.6532258064516129,7.274014732084384,5.143505143507715,0.9116581873616862,4.435483870967742,0.5967741935483871,0.2556390977443609,0.17293233082706766,0.06015037593984962,0.06766917293233082,0.07518796992481203,0.07518796992481203,0.15037593984962405,0.03759398496240601,0.0,2.0642583652405526,2.8799733644081904,0.0,0.016129032258064516,0.0,0.3333333333333333,0.0,audio_295.wav,5.0
99,425,8,12.375,13.0,18.0,5.0,4.29934588047996,58,0.5858585858585859,5.82921932850343,4.121880516208469,0.8836424604741245,4.292929292929293,0.6363636363636364,0.21818181818181817,0.15454545454545454,0.09090909090909091,0.10909090909090909,0.08181818181818182,0.08181818181818182,0.10909090909090909,0.045454545454545456,0.0,2.1970705725699067,2.7962716378162447,0.0,0.010101010101010102,0.0,0.0,0.0,audio_40.wav,3.0
89,366,6,14.833333333333334,14.0,24.0,7.0,5.273097339852125,49,0.550561797752809,5.193989612031165,3.672705276079721,0.8670384449838764,4.112359550561798,0.4606741573033708,0.17647058823529413,0.16666666666666666,0.058823529411764705,0.0,0.049019607843137254,0.14705882352941177,0.13725490196078433,0.029411764705882353,0.00980392156862745,1.4816047944065258,1.9810221408356916,0.011235955056179775,0.011235955056179775,0.0,0.0,0.0,audio_496.wav,2.5
81,291,4,20.25,19.0,40.0,3.0,14.600941750448838,54,0.6666666666666666,6.0,4.242640687119286,0.9077324383928643,3.5925925925925926,0.41975308641975306,0.18604651162790697,0.16279069767441862,0.023255813953488372,0.023255813953488372,0.11627906976744186,0.11627906976744186,0.18604651162790697,0.046511627906976744,0.011627906976744186,2.083333333333333,2.5720164609053495,0.012345679012345678,0.024691358024691357,0.25,0.5,0.0,audio_45.wav,2.5
120,539,7,17.142857142857142,12.0,38.0,6.0,10.642617446965241,71,0.5916666666666667,6.4813835971444655,4.58303029301211,0.8903785334915777,4.491666666666666,0.5416666666666666,0.26153846153846155,0.11538461538461539,0.07692307692307693,0.046153846153846156,0.038461538461538464,0.14615384615384616,0.11538461538461539,0.06153846153846154,0.015384615384615385,1.9973368841544608,2.9127829560585887,0.0,0.025,0.0,0.2857142857142857,0.14285714285714285,audio_146.wav,3.0
69,296,5,13.8,8.0,28.0,3.0,10.166612021711067,44,0.6376811594202898,5.296977535773845,3.745528735338494,0.8937398314873533,4.2898550724637685,0.5507246376811594,0.2702702702702703,0.16216216216216217,0.06756756756756757,0.013513513513513514,0.17567567567567569,0.12162162162162163,0.06756756756756757,0.04054054054054054,0.0,1.5685383041600363,2.045919527165265,0.0,0.0,0.2,0.2,0.0,audio_415.wav,2.5
89,497,4,22.25,26.0,32.0,5.0,10.638961415476606,72,0.8089887640449438,7.631984736045792,5.396628160770202,0.9527762480058651,5.584269662921348,0.6741573033707865,0.2972972972972973,0.15315315315315314,0.07207207207207207,0.018018018018018018,0.04504504504504504,0.09009009009009009,0.09009009009009009,0.02702702702702703,0.009009009009009009,1.4816047944065258,2.7301481604794406,0.011235955056179775,0.011235955056179775,0.0,0.5,0.0,audio_595.wav,3.0
136,550,9,15.11111111111111,13.0,28.0,4.0,7.430334887689106,73,0.5367647058823529,6.259698357701573,4.426275156913077,0.873348431945787,4.044117647058823,0.6176470588235294,0.21428571428571427,0.1130952380952381,0.08928571428571429,0.08333333333333333,0.017857142857142856,0.14285714285714285,0.10714285714285714,0.06547619047619048,0.0,2.26628895184136,2.949508415264123,0.007352941176470588,0.03676470588235294,0.0,0.1111111111111111,0.0,audio_783.wav,4.0
105,427,9,11.666666666666666,10.0,20.0,7.0,3.8297084310253524,71,0.6761904761904762,6.928890517934586,4.899465471330715,0.91592526715382,4.066666666666666,0.6285714285714286,0.216,0.12,0.12,0.072,0.064,0.08,0.128,0.024,0.016,1.7479607125020808,2.2973197935741636,0.0,0.0380952380952381,0.0,0.0,0.0,audio_673.wav,5.0
72,259,2,36.0,36.0,63.0,9.0,27.0,49,0.6805555555555556,5.774705379690139,4.083333333333333,0.9100126570100423,3.5972222222222223,0.5,0.22077922077922077,0.18181818181818182,0.012987012987012988,0.05194805194805195,0.12987012987012986,0.11688311688311688,0.12987012987012986,0.09090909090909091,0.0,1.5978695073235685,1.9307589880159786,0.0,0.027777777777777776,0.0,0.5,0.0,audio_48.wav,2.5
65,334,9,7.222222222222222,8.0,11.0,2.0,3.1894889098682944,48,0.7384615384615385,5.953667260282006,4.209878492673741,0.9273698774490261,5.138461538461539,0.7076923076923077,0.33766233766233766,0.16883116883116883,0.06493506493506493,0.025974025974025976,0.07792207792207792,0.05194805194805195,0.05194805194805195,0.05194805194805195,0.0,1.082070917263193,1.6147827534543033,0.0,0.0,0.2222222222222222,0.0,0.2222222222222222,audio_777.wav,4.5
88,358,8,11.0,10.5,20.0,4.0,4.415880433163924,49,0.5568181818181818,5.223417550712456,3.6935139710776044,0.869226609337449,4.068181818181818,0.5681818181818182,0.26732673267326734,0.1485148514851485,0.04950495049504951,0.0297029702970297,0.06930693069306931,0.12871287128712872,0.12871287128712872,0.04950495049504951,0.019801980198019802,1.4622798271851114,1.927550681289465,0.0,0.0,0.0,0.0,0.125,audio_330.wav,3.0
67,299,4,16.75,15.0,30.0,7.0,8.437268515343103,44,0.6567164179104478,5.37545555167743,3.8010210725579845,0.8999919795484091,4.462686567164179,0.5522388059701493,0.21518987341772153,0.16455696202531644,0.06329113924050633,0.02531645569620253,0.0759493670886076,0.13924050632911392,0.0759493670886076,0.06329113924050633,0.02531645569620253,1.1153654070251373,1.51489928416847,0.0,0.029850746268656716,0.0,0.25,0.25,audio_200.wav,3.0
83,322,6,13.833333333333334,9.0,33.0,4.0,10.730279068546581,50,0.6024096385542169,5.488212999484517,3.8807526285316643,0.8853052989795052,3.8795180722891565,0.46987951807228917,0.12087912087912088,0.2087912087912088,0.04395604395604396,0.054945054945054944,0.14285714285714285,0.0989010989010989,0.08791208791208792,0.06593406593406594,0.01098901098901099,1.381491344873502,1.8475366178428763,0.0,0.012048192771084338,0.0,0.16666666666666666,0.0,audio_259.wav,4.0
87,370,5,17.4,18.0,22.0,14.0,3.0724582991474434,64,0.735632183908046,6.861520222961887,4.851827478904982,0.9312513766209306,4.252873563218391,0.6436781609195402,0.205607476635514,0.1308411214953271,0.08411214953271028,0.102803738317757,0.028037383177570093,0.11214953271028037,0.06542056074766354,0.018691588785046728,0.018691588785046728,1.4483103046445813,1.7812552022640253,0.034482758620689655,0.022988505747126436,0.0,0.0,0.0,audio_721.wav,3.0
96,405,4,24.0,21.5,38.0,15.0,9.354143466934854,64,0.6666666666666666,6.531972647421809,4.618802153517007,0.9111669199851793,4.21875,0.5520833333333334,0.19811320754716982,0.1792452830188679,0.07547169811320754,0.04716981132075472,0.08490566037735849,0.08490566037735849,0.1792452830188679,0.05660377358490566,0.0,1.6563146997929605,2.346445824706694,0.010416666666666666,0.0,0.0,0.5,0.0,audio_223.wav,5.0
145,586,9,16.11111111111111,13.0,37.0,5.0,9.757554844488954,97,0.6689655172413793,8.055411545812778,5.696036129292623,0.9192195554906949,4.041379310344827,0.5310344827586206,0.2222222222222222,0.15432098765432098,0.06790123456790123,0.030864197530864196,0.12962962962962962,0.07407407407407407,0.12345679012345678,0.037037037037037035,0.012345679012345678,2.4134487350199736,3.229027962716378,0.0,0.0,0.0,0.2222222222222222,0.0,audio_175.wav,4.0
58,225,5,11.6,9.0,31.0,3.0,9.951884243699782,42,0.7241379310344828,5.514870180108347,3.8996021017180893,0.9205078383258445,3.8793103448275863,0.5862068965517241,0.22727272727272727,0.15151515151515152,0.09090909090909091,0.045454545454545456,0.13636363636363635,0.045454545454545456,0.15151515151515152,0.0,0.030303030303030304,1.689484415962715,2.1846781240897175,0.0,0.017241379310344827,0.2,0.2,0.2,audio_400.wav,4.0
110,463,7,15.714285714285714,15.0,31.0,5.0,7.303898874950981,70,0.6363636363636364,6.674238124719146,4.719399037242694,0.9038427801906453,4.209090909090909,0.5818181818181818,0.2833333333333333,0.14166666666666666,0.075,0.03333333333333333,0.058333333333333334,0.10833333333333334,0.09166666666666666,0.058333333333333334,0.008333333333333333,1.8311969369069419,2.530381221907774,0.00909090909090909,0.02727272727272727,0.0,0.14285714285714285,0.14285714285714285,audio_506.wav,2.0
105,415,1,105.0,105.0,105.0,105.0,0.0,56,0.5333333333333333,5.465040408511786,3.8643671323171835,0.8649303792626646,3.9523809523809526,0.4857142857142857,0.20754716981132076,0.18867924528301888,0.0660377358490566,0.018867924528301886,0.12264150943396226,0.08490566037735849,0.19811320754716982,0.05660377358490566,0.018867924528301886,1.7479607125020808,2.313967038455136,0.0,0.009523809523809525,0.0,1.0,0.0,audio_153.wav,3.0
67,224,7,9.571428571428571,8.0,19.0,4.0,4.894811914003376,44,0.6567164179104478,5.37545555167743,3.8010210725579845,0.8999919795484091,3.343283582089552,0.5970149253731343,0.14285714285714285,0.2261904761904762,0.05952380952380952,0.047619047619047616,0.13095238095238096,0.07142857142857142,0.15476190476190477,0.023809523809523808,0.0,1.1153654070251373,1.3151323455968038,0.0,0.0,0.0,0.0,0.0,audio_5050.wav,0.0
110,471,12,9.166666666666666,8.5,14.0,6.0,2.939198681424733,57,0.5181818181818182,5.434736758699876,3.84293921604048,0.860135763412122,4.281818181818182,0.5272727272727272,0.20491803278688525,0.22131147540983606,0.02459016393442623,0.02459016393442623,0.06557377049180328,0.11475409836065574,0.16393442622950818,0.040983606557377046,0.0,1.8311969369069419,2.2307308140502746,0.0,0.0,0.0,0.0,0.0,audio_281.wav,4.5
123,524,8,15.375,14.5,27.0,3.0,8.092241654819757,75,0.6097560975609756,6.762522260005742,4.781825347975037,0.8971992331748848,4.260162601626016,0.5447154471544715,0.22727272727272727,0.17424242424242425,0.045454545454545456,0.06060606060606061,0.08333333333333333,0.15151515151515152,0.15151515151515152,0.015151515151515152,0.0,2.0476111203595804,2.746795405360413,0.0,0.008130081300813009,0.125,0.25,0.125,audio_543.wav,3.0
87,416,6,14.5,12.5,25.0,7.0,5.937171043518958,50,0.5747126436781609,5.360562674188974,3.790490217894517,0.8759748076963788,4.781609195402299,0.5862068965517241,0.19,0.18,0.12,0.02,0.05,0.09,0.14,0.04,0.0,1.4483103046445813,2.1142000998834694,0.011494252873563218,0.011494252873563218,0.0,0.0,0.0,audio_445.wav,3.0
96,389,5,19.2,21.0,25.0,12.0,5.670978751503131,64,0.6666666666666666,6.531972647421809,4.618802153517007,0.9111669199851793,4.052083333333333,0.59375,0.18811881188118812,0.21782178217821782,0.0891089108910891,0.06930693069306931,0.10891089108910891,0.04950495049504951,0.10891089108910891,0.039603960396039604,0.0297029702970297,2.1333333333333333,2.6222222222222222,0.0,0.0,0.0,0.0,0.0,audio_124.wav,2.0
38,153,2,19.0,19.0,22.0,16.0,3.0,28,0.7368421052631579,4.542199791661352,3.2118202741878643,0.9160482704348776,4.026315789473684,0.47368421052631576,0.225,0.175,0.05,0.0,0.175,0.1,0.15,0.075,0.0,1.8234165067178503,2.399232245681382,0.0,0.0,0.0,0.0,0.0,audio_249.wav,2.0
87,439,4,21.75,25.5,27.0,9.0,7.46240577829965,65,0.7471264367816092,6.968731476445666,4.927637283262872,0.9347230527333886,5.045977011494253,0.5862068965517241,0.23655913978494625,0.17204301075268819,0.10752688172043011,0.03225806451612903,0.06451612903225806,0.07526881720430108,0.13978494623655913,0.08602150537634409,0.0,1.4483103046445813,2.4970867321458297,0.0,0.0,0.0,0.5,0.0,audio_420.wav,2.0
126,562,8,15.75,12.5,31.0,3.0,9.188987974744553,76,0.6031746031746031,6.770618128448084,4.787549991450211,0.8954675148405862,4.4603174603174605,0.5634920634920635,0.2413793103448276,0.19310344827586207,0.041379310344827586,0.013793103448275862,0.05517241379310345,0.15172413793103448,0.1310344827586207,0.034482758620689655,0.006896551724137931,2.097552855002497,2.680206425836524,0.0,0.0,0.125,0.25,0.125,audio_203.wav,5.0
66,284,5,13.2,12.0,25.0,6.0,6.368673331236263,47,0.7121212121212122,5.785300076028638,4.090824914958899,0.9189653655918778,4.303030303030303,0.5757575757575758,0.25,0.19444444444444445,0.06944444444444445,0.013888888888888888,0.06944444444444445,0.1527777777777778,0.125,0.027777777777777776,0.0,1.6148764374847078,2.1531685833129437,0.0,0.015151515151515152,0.0,0.0,0.0,audio_278.wav,5.0
132,526,9,14.666666666666666,12.0,33.0,4.0,9.48683298050514,65,0.49242424242424243,5.65752381856018,4.000473456828313,0.8549163648408875,3.984848484848485,0.5075757575757576,0.22972972972972974,0.12837837837837837,0.060810810810810814,0.033783783783783786,0.08783783783783784,0.11486486486486487,0.14189189189189189,0.060810810810810814,0.006756756756756757,2.19743632428833,2.8966206092891627,0.007575757575757576,0.015151515151515152,0.0,0.1111111111111111,0.1111111111111111,audio_516.wav,2.5
72,266,5,14.4,15.0,16.0,12.0,1.624807680927192,47,0.6527777777777778,5.539003119294623,3.9166666666666665,0.9002684555126956,3.6944444444444446,0.5138888888888888,0.14285714285714285,0.14285714285714285,0.07142857142857142,0.08333333333333333,0.13095238095238096,0.11904761904761904,0.09523809523809523,0.047619047619047616,0.0,2.841357537490134,3.472770323599053,0.0,0.05555555555555555,0.0,0.0,0.0,audio_326.wav,4.0
115,480,8,14.375,11.5,31.0,7.0,7.936269589674988,73,0.6347826086956522,6.8072851001542904,4.813477455789245,0.9042193492087677,4.173913043478261,0.6086956521739131,0.19083969465648856,0.1450381679389313,0.06870229007633588,0.1297709923664122,0.0916030534351145,0.04580152671755725,0.15267175572519084,0.022900763358778626,0.015267175572519083,1.9144331613118029,2.596970201431663,0.0,0.043478260869565216,0.0,0.125,0.0,audio_603.wav,4.5
84,313,6,14.0,12.5,20.0,12.0,2.886751345948129,50,0.5952380952380952,5.45544725589981,3.8575837490522975,0.8829123800490688,3.7261904761904763,0.42857142857142855,0.13043478260869565,0.18478260869565216,0.021739130434782608,0.05434782608695652,0.13043478260869565,0.08695652173913043,0.1956521739130435,0.03260869565217391,0.043478260869565216,1.3983685700016648,1.8311969369069419,0.0,0.023809523809523808,0.0,0.0,0.0,audio_199.wav,4.0
49,182,7,7.0,7.0,12.0,4.0,2.2677868380553634,38,0.7755102040816326,5.428571428571429,3.838579669298401,0.9346747488552685,3.7142857142857144,0.5918367346938775,0.20689655172413793,0.1896551724137931,0.06896551724137931,0.034482758620689655,0.1206896551724138,0.06896551724137931,0.08620689655172414,0.05172413793103448,0.017241379310344827,0.8806613946800863,1.06038820992092,0.0,0.0,0.0,0.0,0.0,audio_406.wav,2.5
141,599,12,11.75,12.0,20.0,4.0,4.548351349665063,83,0.5886524822695035,6.989860944852108,4.942578073655934,0.8929187727188204,4.24822695035461,0.5319148936170213,0.1901840490797546,0.1411042944785276,0.0736196319018405,0.05521472392638037,0.08588957055214724,0.1165644171779141,0.12883435582822086,0.03067484662576687,0.012269938650306749,2.34726152821708,3.3294489761944397,0.0,0.0,0.0,0.0,0.16666666666666666,audio_538.wav,4.0
125,545,8,15.625,14.0,32.0,7.0,7.825239612944769,82,0.656,7.33430296619931,5.186135362676143,0.9126828717071721,4.36,0.576,0.22758620689655173,0.14482758620689656,0.06206896551724138,0.06206896551724138,0.05517241379310345,0.08275862068965517,0.1310344827586207,0.04827586206896552,0.041379310344827586,2.2986392055902902,2.8870908422214048,0.0,0.0,0.0,0.125,0.125,audio_631.wav,5.0
0,0,1,1.0,1.0,1.0,1.0,0.0,0,0.0,0.0,0.0,1.0,0.0,0.0,0.0,0.0,0.0,0.0,0.0,0.0,0.0,0.0,0.0,0.0,0.0,0.0,0.0,1.0,0.0,1.0,audio_5061.wav,0.0
48,207,3,16.0,19.0,23.0,6.0,7.2571803523590805,37,0.7708333333333334,5.340489990004039,3.776296686790733,0.9327642513188371,4.3125,0.5625,0.15,0.16666666666666666,0.08333333333333333,0.05,0.1,0.1,0.13333333333333333,0.05,0.0,1.813373630525123,2.455610124669437,0.0,0.020833333333333332,0.0,0.0,0.0,audio_196.wav,4.0
116,475,10,11.6,10.5,23.0,3.0,5.868560300448484,66,0.5689655172413793,6.127946159842712,4.333112284370844,0.8813664143503529,4.094827586206897,0.5603448275862069,0.16176470588235295,0.14705882352941177,0.029411764705882353,0.13970588235294118,0.11029411764705882,0.07352941176470588,0.14705882352941177,0.04411764705882353,0.0,1.931080406192775,2.7301481604794406,0.0,0.06896551724137931,0.1,0.0,0.0,audio_756.wav,4.0
124,471,4,31.0,18.0,80.0,8.0,29.13760456866693,79,0.6370967741935484,7.094409430057609,5.016505016507525,0.9064714981890425,3.7983870967741935,0.5241935483870968,0.16793893129770993,0.16793893129770993,0.030534351145038167,0.1297709923664122,0.15267175572519084,0.08396946564885496,0.13740458015267176,0.05343511450381679,0.007633587786259542,2.0317876454202852,2.6216614779616583,0.0,0.008064516129032258,0.0,0.5,0.0,audio_649.wav,5.0
63,246,2,31.5,31.5,32.0,31.0,0.5,36,0.5714285714285714,4.535573676110727,3.2071349029490928,0.8649293771764887,3.9047619047619047,0.5873015873015873,0.2465753424657534,0.1095890410958904,0.0958904109589041,0.0547945205479452,0.0547945205479452,0.1095890410958904,0.1506849315068493,0.0,0.0273972602739726,1.4,1.9111111111111112,0.031746031746031744,0.031746031746031744,0.0,1.0,0.0,audio_27.wav,2.0
103,395,11,9.363636363636363,9.0,19.0,4.0,4.715019083596342,55,0.5339805825242718,5.4193110299036125,3.8320315786038974,0.8646316096171967,3.8349514563106797,0.6116504854368932,0.1532258064516129,0.16129032258064516,0.0967741935483871,0.0967741935483871,0.1693548387096774,0.04032258064516129,0.08870967741935484,0.016129032258064516,0.016129032258064516,1.7146662227401366,2.2806725486931914,0.019417475728155338,0.009708737864077669,0.0,0.0,0.09090909090909091,audio_681.wav,5.0
71,324,5,14.2,13.0,25.0,6.0,6.493073232299171,48,0.676056338028169,5.696551959330495,4.028070519824108,0.9081613263426326,4.563380281690141,0.6197183098591549,0.18181818181818182,0.23376623376623376,0.06493506493506493,0.09090909090909091,0.06493506493506493,0.11688311688311688,0.09090909090909091,0.03896103896103896,0.0,1.181954386549026,1.7979024471449976,0.0,0.0,0.0,0.0,0.0,audio_556.wav,2.5
60,276,3,20.0,16.0,32.0,12.0,8.640987597877148,43,0.7166666666666667,5.551276129563964,3.9253449954536905,0.918633021362586,4.6,0.5833333333333334,0.3076923076923077,0.09230769230769231,0.07692307692307693,0.06153846153846154,0.03076923076923077,0.1076923076923077,0.1076923076923077,0.06153846153846154,0.03076923076923077,0.9988346928583319,1.348426835358748,0.0,0.03333333333333333,0.0,0.3333333333333333,0.0,audio_185.wav,3.0
123,583,5,24.6,28.0,34.0,15.0,7.683749084919419,76,0.6178861788617886,6.852689223472485,4.845583019281371,0.8999516686120754,4.739837398373984,0.6178861788617886,0.30597014925373134,0.17164179104477612,0.06716417910447761,0.022388059701492536,0.007462686567164179,0.13432835820895522,0.12686567164179105,0.05223880597014925,0.0,2.0496583902682888,2.7328778536910514,0.0,0.016260162601626018,0.0,0.6,0.0,audio_369.wav,5.0
141,681,6,23.5,20.0,49.0,13.0,11.814539065631521,78,0.5531914893617021,6.568784984318848,4.644832406568227,0.880363752373661,4.829787234042553,0.5531914893617021,0.28662420382165604,0.14012738853503184,0.050955414012738856,0.01910828025477707,0.025477707006369428,0.14012738853503184,0.18471337579617833,0.03821656050955414,0.006369426751592357,2.3468708388814914,3.27896138482024,0.0,0.0070921985815602835,0.0,0.16666666666666666,0.0,audio_241.wav,4.0
75,260,1,75.0,75.0,75.0,75.0,0.0,38,0.5066666666666667,4.387862045841155,3.102687007525359,0.8425237230698385,3.466666666666667,0.48,0.1282051282051282,0.1794871794871795,0.05128205128205128,0.10256410256410256,0.1282051282051282,0.10256410256410256,0.11538461538461539,0.1282051282051282,0.038461538461538464,1.6644474034620504,1.9307589880159786,0.02666666666666667,0.05333333333333334,0.0,1.0,0.0,audio_98.wav,2.5
132,526,7,18.857142857142858,15.0,49.0,5.0,13.7261853136735,82,0.6212121212121212,7.137183894183611,5.046751130152642,0.9024980568800257,3.984848484848485,0.6060606060606061,0.2465753424657534,0.1506849315068493,0.0821917808219178,0.0684931506849315,0.1095890410958904,0.07534246575342465,0.0958904109589041,0.04794520547945205,0.0,2.19743632428833,2.846678874646246,0.0,0.007575757575757576,0.0,0.14285714285714285,0.0,audio_389.wav,5.0
70,289,9,7.777777777777778,8.0,13.0,3.0,2.8588178511708016,46,0.6571428571428571,5.498051602938211,3.8877095717511763,0.9011758701281402,4.128571428571429,0.6428571428571429,0.23255813953488372,0.19767441860465115,0.06976744186046512,0.023255813953488372,0.06976744186046512,0.13953488372093023,0.06976744186046512,0.023255813953488372,0.0,1.1653071416680538,1.4483103046445813,0.0,0.014285714285714285,0.1111111111111111,0.0,0.0,audio_357.wav,5.0
99,382,3,33.0,39.0,40.0,20.0,9.201449161228174,53,0.5353535353535354,5.3267004208738244,3.766545988949118,0.8640235822001102,3.8585858585858586,0.494949494949495,0.17857142857142858,0.14285714285714285,0.026785714285714284,0.08928571428571429,0.15178571428571427,0.044642857142857144,0.15178571428571427,0.03571428571428571,0.05357142857142857,2.1970705725699067,2.8184642698624054,0.0,0.050505050505050504,0.0,0.6666666666666666,0.0,audio_112.wav,3.0
134,545,4,33.5,32.5,53.0,16.0,13.901438774457844,69,0.5149253731343284,5.960692136511385,4.21484583029253,0.8644844824527941,4.067164179104478,0.5298507462686567,0.1793103448275862,0.18620689655172415,0.06896551724137931,0.05517241379310345,0.0896551724137931,0.0896551724137931,0.1310344827586207,0.08275862068965517,0.034482758620689655,2.2307308140502746,2.929915099051107,0.0,0.007462686567164179,0.0,0.75,0.0,audio_675.wav,4.0
90,408,5,18.0,16.0,31.0,12.0,6.663332499583072,48,0.5333333333333333,5.059644256269407,3.5777087639996634,0.8603032782548252,4.533333333333333,0.5444444444444444,0.1919191919191919,0.1919191919191919,0.030303030303030304,0.08080808080808081,0.08080808080808081,0.0707070707070707,0.08080808080808081,0.050505050505050504,0.09090909090909091,1.9973368841544605,2.729693741677763,0.0,0.022222222222222223,0.0,0.2,0.0,audio_113.wav,4.0
132,512,8,16.5,13.5,33.0,8.0,8.5,64,0.48484848484848486,5.570484990582331,3.938927711338647,0.8517411005598919,3.878787878787879,0.4772727272727273,0.1793103448275862,0.15862068965517243,0.07586206896551724,0.020689655172413793,0.19310344827586207,0.0896551724137931,0.08275862068965517,0.041379310344827586,0.006896551724137931,2.19743632428833,2.7800898951223574,0.0,0.0,0.0,0.25,0.0,audio_483.wav,2.0
85,340,6,14.166666666666666,11.5,27.0,9.0,6.202598021976132,56,0.6588235294117647,6.074052818922373,4.295003937545274,0.906069699901488,4.0,0.4588235294117647,0.12,0.17,0.05,0.05,0.11,0.13,0.16,0.03,0.04,1.4150158148826368,1.8977859164308306,0.0,0.07058823529411765,0.0,0.16666666666666666,0.0,audio_474.wav,2.0
99,428,7,14.142857142857142,14.0,20.0,9.0,4.189393799604337,58,0.5858585858585859,5.82921932850343,4.121880516208469,0.8836424604741245,4.3232323232323235,0.5151515151515151,0.1834862385321101,0.22935779816513763,0.045871559633027525,0.009174311926605505,0.09174311926605505,0.10091743119266056,0.11926605504587157,0.045871559633027525,0.05504587155963303,1.680244399185336,2.291242362525458,0.0,0.020202020202020204,0.0,0.0,0.0,audio_725.wav,4.5
89,401,7,12.714285714285714,15.0,17.0,6.0,3.806546455564065,53,0.5955056179775281,5.617988764033708,3.9725179516780655,0.8845207289065944,4.50561797752809,0.5730337078651685,0.24770642201834864,0.1559633027522936,0.03669724770642202,0.027522935779816515,0.05504587155963303,0.09174311926605505,0.10091743119266056,0.06422018348623854,0.027522935779816515,1.4816047944065258,1.931080406192775,0.0,0.0,0.0,0.0,0.0,audio_774.wav,3.0
97,398,1,97.0,97.0,97.0,97.0,0.0,44,0.4536082474226804,4.467523126587924,3.1590158979180476,0.8271975326310689,4.103092783505154,0.5051546391752577,0.16326530612244897,0.17346938775510204,0.05102040816326531,0.11224489795918367,0.11224489795918367,0.10204081632653061,0.10204081632653061,0.061224489795918366,0.08163265306122448,1.6147827534543033,2.2973197935741636,0.0,0.0,0.0,1.0,0.0,audio_588.wav,2.5
131,517,10,13.1,10.0,29.0,5.0,7.8797208072367635,71,0.5419847328244275,6.203298802293369,4.38639464882803,0.874360481114302,3.946564885496183,0.5801526717557252,0.24183006535947713,0.1503267973856209,0.06535947712418301,0.0392156862745098,0.0784313725490196,0.0915032679738562,0.1437908496732026,0.013071895424836602,0.0,2.180789079407358,2.7135009155984684,0.015267175572519083,0.0,0.0,0.2,0.0,audio_395.wav,3.0
144,596,9,16.0,13.0,40.0,6.0,9.249624617007738,86,0.5972222222222222,7.166666666666667,5.067598598503591,0.8962806101053192,4.138888888888889,0.5625,0.20606060606060606,0.1696969696969697,0.030303030303030304,0.08484848484848485,0.10303030303030303,0.06666666666666667,0.1393939393939394,0.06060606060606061,0.01818181818181818,2.3972032628599966,3.196271017146662,0.0,0.020833333333333332,0.0,0.1111111111111111,0.0,audio_210.wav,5.0
108,420,13,8.307692307692308,8.0,17.0,4.0,3.538461538461538,52,0.48148148148148145,5.003702332976757,3.5381518506868126,0.8438985425464665,3.888888888888889,0.5277777777777778,0.1532258064516129,0.20967741935483872,0.056451612903225805,0.04032258064516129,0.21774193548387097,0.04032258064516129,0.10483870967741936,0.024193548387096774,0.0,1.7696214976241194,2.3922660986400133,0.0,0.009259259259259259,0.0,0.0,0.0,audio_309.wav,3.0
118,511,5,23.6,20.0,39.0,13.0,9.604165762834375,57,0.4830508474576271,5.247275322020443,3.7103839629534803,0.8474782103810493,4.330508474576271,0.5423728813559322,0.2727272727272727,0.15151515151515152,0.03787878787878788,0.022727272727272728,0.03787878787878788,0.07575757575757576,0.16666666666666666,0.045454545454545456,0.007575757575757576,1.9643748959547196,2.6136174463126354,0.00847457627118644,0.03389830508474576,0.0,0.4,0.0,audio_457.wav,3.0
114,452,6,19.0,16.0,37.0,6.0,11.120551545074852,56,0.49122807017543857,5.2448805448574864,3.7086905997821225,0.8499119567297031,3.9649122807017543,0.5789473684210527,0.1953125,0.1171875,0.109375,0.09375,0.15625,0.0703125,0.09375,0.0625,0.0,1.8977859164308306,2.6136174463126354,0.008771929824561403,0.0,0.0,0.3333333333333333,0.0,audio_492.wav,2.5
87,313,3,29.0,13.0,61.0,13.0,22.627416997969522,52,0.5977011494252874,5.574985181156533,3.9421098266102974,0.8847570558105871,3.5977011494252875,0.4942528735632184,0.11320754716981132,0.16037735849056603,0.05660377358490566,0.07547169811320754,0.1320754716981132,0.03773584905660377,0.1792452830188679,0.0,0.018867924528301886,1.4255284286416516,1.6713091922005572,0.0,0.10344827586206896,0.0,0.3333333333333333,0.0,audio_738.wav,5.0
148,617,10,14.8,15.5,24.0,7.0,5.878775382679627,95,0.6418918918918919,7.808951897004472,5.521762840331416,0.911283460082108,4.168918918918919,0.5945945945945946,0.22981366459627328,0.16770186335403728,0.09937888198757763,0.049689440993788817,0.062111801242236024,0.12422360248447205,0.11180124223602485,0.024844720496894408,0.012422360248447204,2.4637922423838856,3.262859996670551,0.0,0.006756756756756757,0.0,0.0,0.0,audio_305.wav,5.0
105,531,4,26.25,20.0,51.0,14.0,14.49784466739798,83,0.7904761904761904,8.099970605472826,5.72754414254154,0.9494796421389867,5.057142857142857,0.6190476190476191,0.25663716814159293,0.1504424778761062,0.11504424778761062,0.05309734513274336,0.035398230088495575,0.10619469026548672,0.1504424778761062,0.05309734513274336,0.0,2.3302263648468706,3.9059032401242786,0.0,0.0,0.0,0.25,0.0,audio_123.wav,3.5
47,191,1,47.0,47.0,47.0,47.0,0.0,30,0.6382978723404256,4.375949744936837,3.09426373877638,0.8833940236866503,4.0638297872340425,0.48936170212765956,0.1875,0.1875,0.041666666666666664,0.0625,0.08333333333333333,0.14583333333333334,0.1875,0.0625,0.020833333333333332,0.7822902796271638,0.9820239680426098,0.0,0.0,0.0,1.0,0.0,audio_5053.wav,0.0
83,299,4,20.75,18.0,41.0,6.0,14.184057952504283,43,0.5180722891566265,4.719863179556685,3.337447260537231,0.8511735202798002,3.602409638554217,0.46987951807228917,0.1935483870967742,0.15053763440860216,0.03225806451612903,0.043010752688172046,0.10752688172043011,0.12903225806451613,0.20430107526881722,0.010752688172043012,0.021505376344086023,1.9511048425011754,2.4682651622002822,0.0,0.03614457831325301,0.0,0.5,0.25,audio_89.wav,2.5
77,280,3,25.666666666666668,21.0,45.0,11.0,14.267289706021797,47,0.6103896103896104,5.356147093602983,3.787367930919287,0.8863536065266567,3.6363636363636362,0.6233766233766234,0.20224719101123595,0.1797752808988764,0.0898876404494382,0.06741573033707865,0.14606741573033707,0.06741573033707865,0.06741573033707865,0.0449438202247191,0.011235955056179775,1.2818378558348593,1.6147827534543033,0.0,0.05194805194805195,0.0,0.3333333333333333,0.0,audio_747.wav,3.0
77,367,8,9.625,9.5,20.0,4.0,4.635124054434789,54,0.7012987012987013,6.153871128820449,4.351444005737053,0.918315545741459,4.766233766233766,0.5714285714285714,0.3103448275862069,0.08045977011494253,0.10344827586206896,0.011494252873563218,0.034482758620689655,0.16091954022988506,0.13793103448275862,0.05747126436781609,0.0,1.708832667554372,2.7740790057700844,0.0,0.0,0.0,0.0,0.25,audio_115.wav,2.0
77,321,6,12.833333333333334,11.0,21.0,8.0,4.775516260631467,53,0.6883116883116883,6.039910552360811,4.270861709334516,0.9140123757794454,4.1688311688311686,0.5194805194805194,0.20481927710843373,0.1566265060240964,0.0963855421686747,0.024096385542168676,0.0963855421686747,0.10843373493975904,0.12048192771084337,0.024096385542168676,0.012048192771084338,1.2824783477681545,1.73217854763491,0.012987012987012988,0.012987012987012988,0.0,0.0,0.0,audio_235.wav,3.0
91,312,3,30.333333333333332,29.0,45.0,17.0,11.469767022723502,51,0.5604395604395604,5.346252667281783,3.780371514971616,0.8716355778857683,3.4285714285714284,0.4945054945054945,0.1782178217821782,0.16831683168316833,0.06930693069306931,0.0297029702970297,0.19801980198019803,0.0594059405940594,0.15841584158415842,0.04950495049504951,0.0,1.51489928416847,1.8311969369069419,0.0,0.0,0.0,0.6666666666666666,0.0,audio_414.wav,3.5
92,340,2,46.0,46.0,67.0,25.0,21.0,44,0.4782608695652174,4.587317109255645,3.243723035407737,0.8368789405867925,3.6956521739130435,0.532608695652174,0.2079207920792079,0.1485148514851485,0.0297029702970297,0.09900990099009901,0.0297029702970297,0.13861386138613863,0.1485148514851485,0.0594059405940594,0.009900990099009901,2.041722148246782,2.4189968930315136,0.0,0.05434782608695652,0.0,0.5,0.0,audio_56.wav,2.0
98,428,7,14.0,13.0,19.0,10.0,3.4226138716316967,70,0.7142857142857143,7.0710678118654755,5.0,0.9266140407349684,4.36734693877551,0.5306122448979592,0.21428571428571427,0.16071428571428573,0.0625,0.026785714285714284,0.08928571428571429,0.09821428571428571,0.14285714285714285,0.044642857142857144,0.03571428571428571,2.171985815602837,2.969858156028369,0.0,0.030612244897959183,0.0,0.0,0.0,audio_43.wav,3.5
129,564,6,21.5,22.0,39.0,2.0,11.38346754435279,87,0.6744186046511628,7.659922885032927,5.416383415372806,0.9189466067962706,4.372093023255814,0.5193798449612403,0.14583333333333334,0.18055555555555555,0.05555555555555555,0.08333333333333333,0.13194444444444445,0.0625,0.1388888888888889,0.05555555555555555,0.013888888888888888,2.147494589645414,3.0630930580988847,0.0,0.031007751937984496,0.16666666666666666,0.3333333333333333,0.16666666666666666,audio_394.wav,5.0
127,568,5,25.4,28.0,51.0,5.0,15.831613941730643,74,0.5826771653543307,6.566438169679242,4.643172958022373,0.888501004685745,4.47244094488189,0.5984251968503937,0.2805755395683453,0.1366906474820144,0.05755395683453238,0.07194244604316546,0.04316546762589928,0.11510791366906475,0.09352517985611511,0.050359712230215826,0.03597122302158273,2.1142000998834694,2.846678874646246,0.0,0.07086614173228346,0.0,0.6,0.2,audio_423.wav,3.0
96,435,2,48.0,48.0,80.0,16.0,32.0,71,0.7395833333333334,7.246407155733569,5.123983639057929,0.933907690261135,4.53125,0.6145833333333334,0.2807017543859649,0.09649122807017543,0.11403508771929824,0.02631578947368421,0.017543859649122806,0.12280701754385964,0.15789473684210525,0.017543859649122806,0.0,1.5997333777703717,2.132977837027162,0.03125,0.010416666666666666,0.0,0.5,0.0,audio_579.wav,4.0
111,463,2,55.5,55.5,82.0,29.0,26.5,60,0.5405405405405406,5.694947974514994,4.026936331284146,0.869374308520453,4.171171171171171,0.5495495495495496,0.2288135593220339,0.19491525423728814,0.07627118644067797,0.01694915254237288,0.0847457627118644,0.07627118644067797,0.13559322033898305,0.0847457627118644,0.0,1.847844181787914,2.680206425836524,0.0,0.009009009009009009,0.0,1.0,0.0,audio_172.wav,3.0
133,702,6,22.166666666666668,22.5,27.0,15.0,4.058598553961973,80,0.6015037593984962,6.936879756192959,4.905114715879726,0.8960559910509476,5.2781954887218046,0.5639097744360902,0.2323943661971831,0.14788732394366197,0.11971830985915492,0.028169014084507043,0.035211267605633804,0.11267605633802817,0.14788732394366197,0.08450704225352113,0.014084507042253521,2.2137150466045274,3.978029294274301,0.0,0.0,0.0,0.3333333333333333,0.0,audio_144.wav,5.0
100,386,3,33.333333333333336,23.0,56.0,21.0,16.048537489614297,45,0.45,4.5,3.181980515339464,0.8266062568876718,3.86,0.57,0.21739130434782608,0.16521739130434782,0.05217391304347826,0.06086956521739131,0.11304347826086956,0.034782608695652174,0.0782608695652174,0.043478260869565216,0.08695652173913043,1.6680567139282734,2.1517931609674728,0.01,0.02,0.0,0.3333333333333333,0.0,audio_151.wav,2.5
83,312,5,16.6,14.0,29.0,9.0,7.812809993849844,44,0.5301204819277109,4.829627439546375,3.4150623131078643,0.8563761334231971,3.7590361445783134,0.6024096385542169,0.16326530612244897,0.23469387755102042,0.030612244897959183,0.08163265306122448,0.05102040816326531,0.061224489795918366,0.10204081632653061,0.02040816326530612,0.01020408163265306,1.381951381951382,1.6816516816516816,0.012048192771084338,0.0,0.0,0.2,0.0,audio_65.wav,1.5
109,524,6,18.166666666666668,16.5,30.0,12.0,6.593346814950827,80,0.7339449541284404,7.6626102817692106,5.418283691828771,0.9340655915271231,4.807339449541284,0.6146788990825688,0.3225806451612903,0.12096774193548387,0.07258064516129033,0.024193548387096774,0.016129032258064516,0.0967741935483871,0.12903225806451613,0.08064516129032258,0.008064516129032258,1.7969007583250907,2.5222551928783385,0.009174311926605505,0.009174311926605505,0.0,0.16666666666666666,0.0,audio_481.wav,2.0
115,501,9,12.777777777777779,14.0,21.0,5.0,5.072316538005923,62,0.5391304347826087,5.781529811089945,4.08815893505388,0.8697984024628681,4.356521739130435,0.5391304347826087,0.1889763779527559,0.1732283464566929,0.08661417322834646,0.03937007874015748,0.13385826771653545,0.10236220472440945,0.11811023622047244,0.007874015748031496,0.015748031496062992,1.9141145139813582,2.6964047936085223,0.0,0.0,0.0,0.0,0.0,audio_262.wav,4.0
86,412,5,17.2,18.0,22.0,12.0,3.4292856398964493,68,0.7906976744186046,7.3326285778338125,5.184951391308559,0.9472785628379446,4.790697674418604,0.6395348837209303,0.2828282828282828,0.1717171717171717,0.0707070707070707,0.030303030303030304,0.04040404040404041,0.08080808080808081,0.09090909090909091,0.06060606060606061,0.030303030303030304,1.8466824135709685,2.6626583637534895,0.0,0.011627906976744186,0.0,0.0,0.0,audio_229.wav,4.5
102,455,5,20.4,24.0,32.0,8.0,8.42852300228219,62,0.6078431372549019,6.138914766455381,4.34086826048683,0.892358626020624,4.46078431372549,0.5686274509803921,0.19469026548672566,0.11504424778761062,0.09734513274336283,0.10619469026548672,0.09734513274336283,0.12389380530973451,0.11504424778761062,0.04424778761061947,0.0,2.263648468708389,3.3510874389702616,0.0,0.00980392156862745,0.0,0.2,0.0,audio_22.wav,4.0
128,503,8,16.0,16.0,35.0,5.0,9.096702699330127,66,0.515625,5.833630944789017,4.125,0.8634848741940647,3.9296875,0.5390625,0.23076923076923078,0.15384615384615385,0.04195804195804196,0.055944055944055944,0.06993006993006994,0.0979020979020979,0.11888111888111888,0.06293706293706294,0.03496503496503497,2.1308473447644416,3.02979856833694,0.0078125,0.0078125,0.0,0.125,0.125,audio_434.wav,3.5
130,487,1,130.0,130.0,130.0,130.0,0.0,59,0.45384615384615384,5.174642313911472,3.65902467038165,0.837700787823716,3.746153846153846,0.45384615384615384,0.15671641791044777,0.19402985074626866,0.05970149253731343,0.029850746268656716,0.1791044776119403,0.09701492537313433,0.16417910447761194,0.05970149253731343,0.0,2.164141834526386,2.746795405360413,0.0,0.007692307692307693,0.0,1.0,0.0,audio_488.wav,3.0
96,369,7,13.714285714285714,14.0,23.0,3.0,6.670067159959287,52,0.5416666666666666,5.30722777603022,3.7527767497325675,0.8656753500899672,3.84375,0.4375,0.16216216216216217,0.0990990990990991,0.08108108108108109,0.036036036036036036,0.11711711711711711,0.13513513513513514,0.13513513513513514,0.04504504504504504,0.07207207207207207,1.598135508573331,1.931080406192775,0.0,0.020833333333333332,0.14285714285714285,0.0,0.14285714285714285,audio_439.wav,3.0
98,375,7,14.0,16.0,19.0,4.0,4.840306956027833,47,0.47959183673469385,4.74771695939539,3.357142857142857,0.8397328050026698,3.826530612244898,0.5306122448979592,0.2,0.19090909090909092,0.045454545454545456,0.03636363636363636,0.16363636363636364,0.02727272727272727,0.10909090909090909,0.07272727272727272,0.01818181818181818,1.6311584553928096,2.113848202396804,0.0,0.01020408163265306,0.0,0.0,0.0,audio_160.wav,2.0
105,460,3,35.0,31.0,60.0,14.0,18.991226044325487,74,0.7047619047619048,7.221660539819146,5.106485139133421,0.9248177400261887,4.380952380952381,0.5904761904761905,0.23275862068965517,0.1724137931034483,0.07758620689655173,0.05172413793103448,0.07758620689655173,0.12931034482758622,0.1206896551724138,0.008620689655172414,0.02586206896551724,1.7479607125020808,2.413850507740969,0.009523809523809525,0.009523809523809525,0.0,0.6666666666666666,0.0,audio_594.wav,3.0
105,428,6,17.5,15.5,28.0,9.0,7.632168761236874,70,0.6666666666666666,6.831300510639733,4.83045891539648,0.9128774038449984,4.076190476190476,0.5619047619047619,0.208,0.128,0.056,0.08,0.056,0.112,0.152,0.032,0.008,1.7204653449123382,2.162870719318368,0.009523809523809525,0.009523809523809525,0.0,0.3333333333333333,0.0,audio_651.wav,5.0
118,404,1,118.0,118.0,118.0,118.0,0.0,50,0.423728813559322,4.6028730894916166,3.2547227745205967,0.8200129149946288,3.4237288135593222,0.5508474576271186,0.2796610169491525,0.1440677966101695,0.0847457627118644,0.0423728813559322,0.1271186440677966,0.11016949152542373,0.13559322033898305,0.025423728813559324,0.0,1.9643748959547196,2.247378058931247,0.0,0.01694915254237288,0.0,1.0,0.0,audio_569.wav,3.0
37,156,1,37.0,37.0,37.0,37.0,0.0,30,0.8108108108108109,4.931969619160719,3.4874291623145783,0.9419204379452388,4.216216216216216,0.5675675675675675,0.16666666666666666,0.09523809523809523,0.11904761904761904,0.11904761904761904,0.023809523809523808,0.11904761904761904,0.047619047619047616,0.09523809523809523,0.07142857142857142,0.6159480605959714,0.9155984684534709,0.0,0.0,0.0,1.0,0.0,audio_440.wav,2.0
125,523,7,17.857142857142858,18.0,26.0,9.0,4.823412290324037,72,0.576,6.439875775199394,4.553679830642467,0.8857473543973832,4.184,0.568,0.18620689655172415,0.20689655172413793,0.04827586206896552,0.04827586206896552,0.09655172413793103,0.04827586206896552,0.14482758620689656,0.06206896551724138,0.006896551724137931,2.080905610121525,2.7800898951223574,0.0,0.016,0.0,0.14285714285714285,0.0,audio_658.wav,5.0
51,189,4,12.75,13.0,16.0,9.0,2.8613807855648994,35,0.6862745098039216,4.900980294098034,3.4655164004183603,0.9042486604437607,3.7058823529411766,0.5294117647058824,0.17543859649122806,0.17543859649122806,0.05263157894736842,0.07017543859649122,0.14035087719298245,0.07017543859649122,0.12280701754385964,0.03508771929824561,0.03508771929824561,1.3056835637480797,1.740911418330773,0.0,0.058823529411764705,0.0,0.0,0.25,audio_274.wav,3.0
10,36,1,10.0,10.0,10.0,10.0,0.0,9,0.9,2.846049894151541,2.0124611797498106,0.9542425094393249,3.6,0.5,0.08333333333333333,0.16666666666666666,0.08333333333333333,0.08333333333333333,0.0,0.3333333333333333,0.16666666666666666,0.0,0.0,0.16647244880972198,0.19976693857166639,0.0,0.1,0.0,0.0,0.0,audio_5065.wav,0.0
114,403,6,19.0,13.0,54.0,9.0,15.748015748023622,52,0.45614035087719296,4.870246220224809,3.443784128369114,0.8342648142036454,3.5350877192982457,0.543859649122807,0.17054263565891473,0.20930232558139536,0.03875968992248062,0.06201550387596899,0.14728682170542637,0.07751937984496124,0.11627906976744186,0.05426356589147287,0.007751937984496124,1.8974700399467377,2.3135818908122503,0.0,0.017543859649122806,0.0,0.16666666666666666,0.0,audio_158.wav,2.5
107,528,7,15.285714285714286,14.0,25.0,7.0,6.605501726683939,77,0.719626168224299,7.443870965651609,5.263611638089907,0.929587959614166,4.934579439252336,0.6261682242990654,0.225,0.19166666666666668,0.08333333333333333,0.058333333333333334,0.10833333333333334,0.03333333333333333,0.11666666666666667,0.041666666666666664,0.0,1.7812552022640253,2.863326119527218,0.0,0.0,0.0,0.0,0.0,audio_493.wav,4.0
140,573,8,17.5,12.5,49.0,4.0,14.168627315304754,78,0.5571428571428572,6.592203186882429,4.661391576404135,0.8816317438826637,4.0928571428571425,0.5714285714285714,0.15584415584415584,0.16883116883116883,0.1038961038961039,0.09090909090909091,0.12337662337662338,0.1038961038961039,0.13636363636363635,0.045454545454545456,0.006493506493506494,2.3306142833361077,3.3294489761944397,0.0,0.02857142857142857,0.0,0.25,0.0,audio_646.wav,4.5
34,161,4,8.5,8.0,15.0,3.0,4.5,26,0.7647058823529411,4.458963213705229,3.1529631254723287,0.9239261032098017,4.735294117647059,0.7058823529411765,0.27906976744186046,0.09302325581395349,0.13953488372093023,0.046511627906976744,0.0,0.06976744186046512,0.09302325581395349,0.06976744186046512,0.0,0.566100566100566,0.7659007659007658,0.058823529411764705,0.0,0.25,0.0,0.5,audio_64.wav,2.5
83,348,4,20.75,13.0,48.0,9.0,15.958931668504631,48,0.5783132530120482,5.268684479505136,3.7255225233903975,0.8760671303865425,4.192771084337349,0.5301204819277109,0.24731182795698925,0.11827956989247312,0.07526881720430108,0.03225806451612903,0.053763440860215055,0.15053763440860216,0.13978494623655913,0.053763440860215055,0.010752688172043012,1.3930849278281303,1.7287680429674388,0.0,0.012048192771084338,0.0,0.25,0.0,audio_451.wav,2.5
103,464,6,17.166666666666668,15.5,27.0,10.0,5.6984403324262525,62,0.6019417475728155,6.109041524618617,4.319744688608029,0.8904801975533775,4.504854368932039,0.6019417475728155,0.20353982300884957,0.20353982300884957,0.07079646017699115,0.07079646017699115,0.07079646017699115,0.07964601769911504,0.1504424778761062,0.061946902654867256,0.008849557522123894,1.7146662227401366,2.413850507740969,0.0,0.02912621359223301,0.0,0.16666666666666666,0.0,audio_277.wav,3.5
85,377,4,21.25,20.5,30.0,14.0,6.53356717268599,36,0.4235294117647059,3.9047482407358114,2.7610739598505334,0.8066172048100577,4.435294117647059,0.5764705882352941,0.23076923076923078,0.24175824175824176,0.054945054945054944,0.01098901098901099,0.054945054945054944,0.10989010989010989,0.15384615384615385,0.07692307692307693,0.0,1.4150158148826368,2.030963875478608,0.011764705882352941,0.047058823529411764,0.0,0.25,0.0,audio_491.wav,2.5
114,453,1,114.0,114.0,114.0,114.0,0.0,58,0.5087719298245614,5.432197707173825,3.841143835488627,0.8573211310271114,3.973684210526316,0.5614035087719298,0.15126050420168066,0.15126050420168066,0.1092436974789916,0.12605042016806722,0.09243697478991597,0.1092436974789916,0.18487394957983194,0.04201680672268908,0.0,2.5299600532623168,3.4398579671549046,0.0,0.07894736842105263,0.0,1.0,0.0,audio_52.wav,2.0
33,120,2,16.5,16.5,17.0,16.0,0.5,28,0.8484848484848485,4.874174366759539,3.4465617474213164,0.9530093819610201,3.6363636363636362,0.5454545454545454,0.13513513513513514,0.16216216216216217,0.05405405405405406,0.13513513513513514,0.1891891891891892,0.05405405405405406,0.10810810810810811,0.05405405405405406,0.02702702702702703,1.3675922088686283,1.7820140903439703,0.0,0.030303030303030304,0.0,0.0,0.0,audio_743.wav,4.0
65,265,4,16.25,17.0,25.0,6.0,6.7592529172978875,40,0.6153846153846154,4.9613893835683385,3.5082320772281173,0.8836936334865167,4.076923076923077,0.5076923076923077,0.15714285714285714,0.24285714285714285,0.02857142857142857,0.04285714285714286,0.14285714285714285,0.07142857142857142,0.14285714285714285,0.07142857142857142,0.04285714285714286,1.081890812250333,1.481358189081225,0.0,0.0,0.0,0.0,0.0,audio_243.wav,3.0
81,337,6,13.5,12.5,27.0,5.0,7.342796923970229,58,0.7160493827160493,6.444444444444445,4.55691036764664,0.9239936264205298,4.160493827160494,0.6172839506172839,0.2127659574468085,0.1595744680851064,0.09574468085106383,0.06382978723404255,0.06382978723404255,0.09574468085106383,0.1276595744680851,0.02127659574468085,0.010638297872340425,1.348426835358748,1.8644914266688863,0.0,0.024691358024691357,0.0,0.16666666666666666,0.0,audio_661.wav,5.0
113,460,9,12.555555555555555,13.0,18.0,3.0,5.0135618545237675,57,0.504424778761062,5.362108949786505,3.791583599855114,0.8552400232176864,4.070796460176991,0.5132743362831859,0.1968503937007874,0.14960629921259844,0.07874015748031496,0.031496062992125984,0.11811023622047244,0.10236220472440945,0.16535433070866143,0.031496062992125984,0.0,1.8811386715498586,2.530381221907774,0.0,0.061946902654867256,0.1111111111111111,0.0,0.0,audio_456.wav,3.0
87,434,6,14.5,13.5,29.0,5.0,8.200609733428363,69,0.7931034482758621,7.397576490380784,5.230876500694433,0.9480953015828822,4.988505747126437,0.6551724137931034,0.2828282828282828,0.16161616161616163,0.1111111111111111,0.020202020202020204,0.030303030303030304,0.10101010101010101,0.1111111111111111,0.020202020202020204,0.020202020202020204,2.2137404580152675,3.1297709923664123,0.0,0.0,0.0,0.16666666666666666,0.0,audio_90.wav,4.0
50,219,4,12.5,12.0,17.0,9.0,2.8722813232690143,34,0.68,4.808326112068523,3.4,0.9014161010104346,4.38,0.66,0.21666666666666667,0.2,0.1,0.03333333333333333,0.05,0.1,0.08333333333333333,0.016666666666666666,0.016666666666666666,0.8323622440486099,1.2984851007158316,0.0,0.04,0.0,0.0,0.0,audio_735.wav,4.0
79,298,3,26.333333333333332,29.0,36.0,14.0,9.177266598624136,49,0.620253164556962,5.512930714537517,3.8982306924610772,0.8906892654442087,3.7721518987341773,0.5443037974683544,0.15294117647058825,0.16470588235294117,0.12941176470588237,0.058823529411764705,0.16470588235294117,0.08235294117647059,0.11764705882352941,0.07058823529411765,0.0,1.3151323455968038,1.6980189778591643,0.012658227848101266,0.0,0.0,0.6666666666666666,0.0,audio_775.wav,4.5
112,433,6,18.666666666666668,12.0,51.0,9.0,14.670454056443589,63,0.5625,5.952940449895329,4.209364560120684,0.8780620361268328,3.8660714285714284,0.5357142857142857,0.1951219512195122,0.13821138211382114,0.056910569105691054,0.0975609756097561,0.08130081300813008,0.06504065040650407,0.15447154471544716,0.07317073170731707,0.016260162601626018,1.8644914266688863,2.34726152821708,0.0,0.008928571428571428,0.0,0.16666666666666666,0.0,audio_587.wav,2.5
82,333,5,16.4,15.0,28.0,10.0,6.151422599691879,45,0.5487804878048781,4.969418673368094,3.5139096424936365,0.8638314074883585,4.060975609756097,0.45121951219512196,0.1276595744680851,0.20212765957446807,0.02127659574468085,0.0425531914893617,0.09574468085106383,0.10638297872340426,0.14893617021276595,0.02127659574468085,0.010638297872340425,1.8197958277851751,2.241455836662228,0.0,0.012195121951219513,0.0,0.2,0.0,audio_103.wav,2.5
94,408,1,94.0,94.0,94.0,94.0,0.0,59,0.6276595744680851,6.085385352926881,4.3030172491878895,0.8974846756186985,4.340425531914893,0.5319148936170213,0.2604166666666667,0.125,0.052083333333333336,0.08333333333333333,0.09375,0.08333333333333333,0.19791666666666666,0.07291666666666667,0.010416666666666666,2.1057347670250897,3.270609318996416,0.0,0.0,0.0,1.0,0.0,audio_111.wav,3.5
99,387,5,19.8,14.0,37.0,7.0,11.01635148313633,53,0.5353535353535354,5.3267004208738244,3.766545988949118,0.8640235822001102,3.909090909090909,0.5656565656565656,0.2169811320754717,0.14150943396226415,0.07547169811320754,0.09433962264150944,0.1320754716981132,0.0660377358490566,0.14150943396226415,0.05660377358490566,0.0,1.6480772432162476,2.097552855002497,0.0,0.050505050505050504,0.0,0.4,0.0,audio_421.wav,2.0
136,580,10,13.6,12.0,28.0,6.0,7.323933369440222,71,0.5220588235294118,6.088199772559063,4.305007344394911,0.8676937371314345,4.264705882352941,0.5808823529411765,0.18120805369127516,0.19463087248322147,0.09395973154362416,0.06040268456375839,0.08053691275167785,0.11409395973154363,0.09395973154362416,0.04697986577181208,0.006711409395973154,2.264025303812219,3.079740302979857,0.0,0.022058823529411766,0.0,0.2,0.0,audio_683.wav,4.0
114,396,10,11.4,10.0,21.0,5.0,4.737087712930805,59,0.5175438596491229,5.525856288331995,3.9073704533418794,0.8609304462924157,3.473684210526316,0.4824561403508772,0.14960629921259844,0.16535433070866143,0.08661417322834646,0.031496062992125984,0.14173228346456693,0.06299212598425197,0.16535433070866143,0.031496062992125984,0.015748031496062992,1.8977859164308306,2.247378058931247,0.0,0.03508771929824561,0.0,0.0,0.0,audio_152.wav,3.0
84,355,5,16.8,16.0,28.0,3.0,9.66229786334493,46,0.5476190476190477,5.019011475427825,3.548977049128114,0.8640938161759658,4.226190476190476,0.5476190476190477,0.2222222222222222,0.14444444444444443,0.06666666666666667,0.07777777777777778,0.07777777777777778,0.1111111111111111,0.17777777777777778,0.022222222222222223,0.0,1.8666666666666667,2.6,0.0,0.0,0.2,0.4,0.0,audio_134.wav,3.0
92,400,4,23.0,15.0,50.0,12.0,15.652475842498529,60,0.6521739130434783,6.255432421712244,4.423258684646914,0.9054701458187384,4.3478260869565215,0.5652173913043478,0.2376237623762376,0.16831683168316833,0.04950495049504951,0.0594059405940594,0.0297029702970297,0.13861386138613863,0.13861386138613863,0.039603960396039604,0.039603960396039604,2.041722148246782,2.729693741677763,0.0,0.03260869565217391,0.0,0.25,0.0,audio_12.wav,4.5
65,283,5,13.0,14.0,22.0,7.0,5.366563145999495,44,0.676923076923077,5.457528321925173,3.8590552849509288,0.9065257699515907,4.3538461538461535,0.5538461538461539,0.16901408450704225,0.18309859154929578,0.09859154929577464,0.056338028169014086,0.08450704225352113,0.1267605633802817,0.11267605633802817,0.056338028169014086,0.014084507042253521,1.082791937364651,1.6158587372980175,0.015384615384615385,0.0,0.0,0.0,0.0,audio_232.wav,3.0
87,387,5,17.4,15.0,23.0,14.0,3.8262252939417984,57,0.6551724137931034,6.11104144857543,4.321158848399749,0.9053144758948993,4.448275862068965,0.5747126436781609,0.17525773195876287,0.15463917525773196,0.1134020618556701,0.07216494845360824,0.12371134020618557,0.07216494845360824,0.15463917525773196,0.030927835051546393,0.0,1.9307589880159786,2.929427430093209,0.022988505747126436,0.022988505747126436,0.0,0.0,0.0,audio_36.wav,3.0
64,281,4,16.0,16.0,20.0,12.0,3.1622776601683795,52,0.8125,6.5,4.596194077712559,0.9500732863568488,4.390625,0.609375,0.273972602739726,0.1643835616438356,0.0547945205479452,0.0410958904109589,0.0547945205479452,0.0410958904109589,0.1506849315068493,0.0684931506849315,0.0136986301369863,1.0652463382157125,1.31491344873502,0.0,0.03125,0.0,0.0,0.0,audio_268.wav,5.0
65,253,6,10.833333333333334,10.0,20.0,2.0,6.542595475463507,33,0.5076923076923077,4.093146241443879,2.8942914637131967,0.8376097701049898,3.8923076923076922,0.5846153846153846,0.23376623376623376,0.07792207792207792,0.09090909090909091,0.09090909090909091,0.05194805194805195,0.12987012987012986,0.1038961038961039,0.03896103896103896,0.0,1.0987153482082488,1.5382014874915484,0.0,0.0,0.16666666666666666,0.0,0.3333333333333333,audio_68.wav,2.0
67,261,4,16.75,8.5,45.0,5.0,16.37643123516232,45,0.6716417910447762,5.497624996033735,3.8874079151161203,0.905336687922196,3.8955223880597014,0.582089552238806,0.25675675675675674,0.14864864864864866,0.06756756756756757,0.05405405405405406,0.05405405405405406,0.06756756756756757,0.17567567567567569,0.06756756756756757,0.0,1.1153654070251373,1.4816047944065258,0.014925373134328358,0.029850746268656716,0.0,0.25,0.0,audio_729.wav,3.0
97,408,7,13.857142857142858,13.0,21.0,7.0,4.61143211187685,60,0.6185567010309279,6.092076990801715,4.3077489517064285,0.8949952426418785,4.206185567010309,0.4845360824742268,0.24074074074074073,0.12962962962962962,0.046296296296296294,0.018518518518518517,0.14814814814814814,0.09259259259259259,0.1388888888888889,0.06481481481481481,0.009259259259259259,1.8813033359193172,2.5407292474786654,0.0,0.0,0.0,0.0,0.0,audio_247.wav,4.5
56,260,3,18.666666666666668,17.0,24.0,15.0,3.8586123009300755,41,0.7321428571428571,5.4788554592047,3.874135848344579,0.9225459915096508,4.642857142857143,0.6071428571428571,0.27692307692307694,0.16923076923076924,0.06153846153846154,0.015384615384615385,0.046153846153846156,0.06153846153846154,0.1076923076923077,0.046153846153846156,0.03076923076923077,1.0748560460652592,1.381957773512476,0.0,0.017857142857142856,0.0,0.0,0.0,audio_224.wav,5.0
138,492,14,9.857142857142858,11.0,15.0,4.0,3.6421567954234177,56,0.4057971014492754,4.767036572248992,3.3708038864015375,0.8169564524069598,3.5652173913043477,0.4420289855072464,0.13714285714285715,0.14857142857142858,0.045714285714285714,0.017142857142857144,0.13142857142857142,0.08,0.10285714285714286,0.05714285714285714,0.0,2.2973197935741636,2.763442650241385,0.06521739130434782,0.014492753623188406,0.0,0.0,0.07142857142857142,audio_425.wav,3.0
152,615,5,30.4,27.0,53.0,12.0,13.499629624548962,68,0.4473684210526316,5.515528318445926,3.9000674757995495,0.8398901382442366,4.046052631578948,0.5723684210526315,0.16049382716049382,0.2037037037037037,0.08641975308641975,0.08641975308641975,0.06790123456790123,0.07407407407407407,0.14814814814814814,0.04938271604938271,0.037037037037037035,2.5274359827070167,3.2756900565347524,0.0,0.02631578947368421,0.0,0.6,0.0,audio_392.wav,5.0
125,476,12,10.416666666666666,10.0,24.0,3.0,6.10270887029322,61,0.488,5.4560058650994865,3.857978745405423,0.8514098477929809,3.808,0.536,0.18493150684931506,0.14383561643835616,0.06164383561643835,0.0684931506849315,0.13013698630136986,0.10273972602739725,0.10273972602739725,0.03424657534246575,0.0136986301369863,2.080905610121525,2.696853670717496,0.008,0.024,0.16666666666666666,0.0,0.08333333333333333,audio_615.wav,4.0
91,337,3,30.333333333333332,34.0,37.0,20.0,7.408703590297623,55,0.6043956043956044,5.7655666019705505,4.076871241636057,0.8883746389004284,3.7032967032967035,0.45054945054945056,0.1368421052631579,0.2,0.031578947368421054,0.06315789473684211,0.18947368421052632,0.06315789473684211,0.18947368421052632,0.021052631578947368,0.021052631578947368,1.5146471371504662,1.8808255659121171,0.0,0.04395604395604396,0.0,0.6666666666666666,0.0,audio_245.wav,3.5
84,381,7,12.0,13.0,16.0,5.0,3.927922024247863,52,0.6190476190476191,5.673665146135802,4.011887099014389,0.8917641820832942,4.535714285714286,0.7261904761904762,0.2647058823529412,0.22549019607843138,0.0392156862745098,0.06862745098039216,0.00980392156862745,0.06862745098039216,0.10784313725490197,0.00980392156862745,0.00980392156862745,1.3981358189081226,1.9640479360852197,0.0,0.0,0.0,0.0,0.0,audio_271.wav,3.5
162,562,6,27.0,22.5,62.0,3.0,19.356308187943966,67,0.41358024691358025,5.2640171488331875,3.7222222222222223,0.8264595581754051,3.4691358024691357,0.4876543209876543,0.10416666666666667,0.20833333333333334,0.07291666666666667,0.026041666666666668,0.21875,0.041666666666666664,0.11458333333333333,0.026041666666666668,0.020833333333333332,2.696853670717496,3.3793907108373564,0.0,0.012345679012345678,0.16666666666666666,0.3333333333333333,0.0,audio_321.wav,2.0
150,523,18,8.333333333333334,7.0,25.0,4.0,4.9777281743560255,64,0.4266666666666667,5.225578117937447,3.6950417228136043,0.8300111341689237,3.486666666666667,0.52,0.14689265536723164,0.23728813559322035,0.022598870056497175,0.03389830508474576,0.14124293785310735,0.12994350282485875,0.12994350282485875,0.03954802259887006,0.0,2.4970867321458297,2.8966206092891627,0.006666666666666667,0.04666666666666667,0.0,0.0,0.0,audio_5043.wav,0.0
144,566,9,16.0,16.0,31.0,6.0,7.571877794400365,88,0.6111111111111112,7.333333333333333,5.185449728701349,0.9009064414673666,3.9305555555555554,0.5555555555555556,0.1337579617834395,0.15286624203821655,0.1337579617834395,0.08917197452229299,0.08917197452229299,0.10828025477707007,0.1337579617834395,0.050955414012738856,0.025477707006369428,2.3972032628599966,3.1130347927418014,0.0,0.034722222222222224,0.0,0.1111111111111111,0.0,audio_187.wav,5.0
140,552,4,35.0,34.0,49.0,23.0,9.354143466934854,83,0.5928571428571429,7.014780314246687,4.960198728737733,0.894204847274916,3.942857142857143,0.5285714285714286,0.1437908496732026,0.16339869281045752,0.09803921568627451,0.0784313725490196,0.13071895424836602,0.0784313725490196,0.16339869281045752,0.0392156862745098,0.006535947712418301,2.3306142833361077,3.013151323455968,0.0,0.0,0.0,0.75,0.0,audio_221.wav,4.0
146,557,9,16.22222222222222,17.0,22.0,11.0,4.103596736137642,84,0.5753424657534246,6.9518894642598905,4.915728182237484,0.8890783593437935,3.815068493150685,0.4931506849315068,0.18518518518518517,0.1728395061728395,0.05555555555555555,0.030864197530864196,0.13580246913580246,0.11728395061728394,0.13580246913580246,0.024691358024691357,0.018518518518518517,2.430497752621941,3.096387547860829,0.0,0.0136986301369863,0.0,0.0,0.0,audio_219.wav,5.0
135,531,2,67.5,67.5,91.0,44.0,23.5,62,0.45925925925925926,5.336110388107997,3.7731998405911447,0.8413666046163768,3.933333333333333,0.4888888888888889,0.1956521739130435,0.15217391304347827,0.09420289855072464,0.036231884057971016,0.12318840579710146,0.14492753623188406,0.07971014492753623,0.13043478260869565,0.0,2.247378058931247,2.8300316297652737,0.0,0.007407407407407408,0.0,1.0,0.0,audio_601.wav,2.0
95,368,6,15.833333333333334,14.5,30.0,5.0,8.47381587925744,49,0.5157894736842106,5.027293925217255,3.5548336255390574,0.8546169320670365,3.873684210526316,0.5578947368421052,0.2037037037037037,0.1111111111111111,0.06481481481481481,0.1111111111111111,0.07407407407407407,0.14814814814814814,0.1111111111111111,0.06481481481481481,0.009259259259259259,2.108300044385264,2.4855747891699953,0.0,0.05263157894736842,0.0,0.16666666666666666,0.0,audio_100.wav,2.5
125,567,5,25.0,27.0,37.0,11.0,8.67179335547152,84,0.672,7.513188404399293,5.312626469082877,0.9176737552516462,4.536,0.568,0.24812030075187969,0.12030075187969924,0.11278195488721804,0.05263157894736842,0.06766917293233082,0.10526315789473684,0.13533834586466165,0.08270676691729323,0.0,2.261624751221277,3.220553645739099,0.0,0.008,0.0,0.6,0.0,audio_227.wav,4.5
81,351,4,20.25,16.5,33.0,15.0,7.39509972887452,53,0.654320987654321,5.888888888888889,4.1640732669874465,0.9034788602186173,4.333333333333333,0.5925925925925926,0.16304347826086957,0.15217391304347827,0.13043478260869565,0.07608695652173914,0.07608695652173914,0.03260869565217391,0.17391304347826086,0.06521739130434782,0.0,1.348426835358748,1.8811386715498586,0.0,0.09876543209876543,0.0,0.25,0.0,audio_411.wav,2.0
104,398,6,17.333333333333332,17.0,22.0,14.0,2.4267032964268394,57,0.5480769230769231,5.589309851438245,3.9522388981047576,0.8705234670453784,3.826923076923077,0.49038461538461536,0.1721311475409836,0.1885245901639344,0.040983606557377046,0.01639344262295082,0.14754098360655737,0.08196721311475409,0.11475409836065574,0.040983606557377046,0.0,2.358811521887049,2.812429122249943,0.0,0.04807692307692308,0.0,0.0,0.0,audio_28.wav,3.0
68,261,2,34.0,34.0,49.0,19.0,15.0,43,0.6323529411764706,5.214515938281159,3.68721958056394,0.8913836348917352,3.838235294117647,0.5441176470588235,0.17647058823529413,0.10588235294117647,0.07058823529411765,0.08235294117647059,0.11764705882352941,0.11764705882352941,0.10588235294117647,0.047058823529411764,0.0,1.1320126519061096,1.5648410188113868,0.029411764705882353,0.014705882352941176,0.0,0.5,0.0,audio_653.wav,2.5
115,443,14,8.214285714285714,6.5,19.0,3.0,5.440306864094176,70,0.6086956521739131,6.527533657682197,4.615663313770509,0.8953753451295129,3.8521739130434782,0.5217391304347826,0.16312056737588654,0.16312056737588654,0.04964539007092199,0.04964539007092199,0.16312056737588654,0.06382978723404255,0.12056737588652482,0.014184397163120567,0.014184397163120567,2.5521526853084775,3.30670217487794,0.0,0.043478260869565216,0.2857142857142857,0.0,0.07142857142857142,audio_29.wav,3.0
115,470,5,23.0,24.0,32.0,8.0,8.988882021697693,60,0.5217391304347826,5.595028849441883,3.956282840374722,0.8628879089224047,4.086956521739131,0.5478260869565217,0.248,0.152,0.056,0.048,0.024,0.096,0.168,0.088,0.0,1.9144331613118029,2.2973197935741636,0.008695652173913044,0.05217391304347826,0.0,0.4,0.0,audio_470.wav,2.5
89,346,6,14.833333333333334,15.5,26.0,5.0,7.197607627229727,63,0.7078651685393258,6.677986644040068,4.7220496406739265,0.9230274820944729,3.8876404494382024,0.5730337078651685,0.23300970873786409,0.1262135922330097,0.08737864077669903,0.04854368932038835,0.11650485436893204,0.08737864077669903,0.1553398058252427,0.02912621359223301,0.0,1.5056673997631536,1.9286076805955,0.0,0.0,0.0,0.16666666666666666,0.0,audio_356.wav,3.5
68,240,8,8.5,7.5,16.0,1.0,4.873397172404482,33,0.4852941176470588,4.001837813099494,2.8297266548513957,0.8286529628035242,3.5294117647058822,0.5735294117647058,0.13580246913580246,0.18518518518518517,0.08641975308641975,0.07407407407407407,0.14814814814814814,0.07407407407407407,0.09876543209876543,0.012345679012345678,0.037037037037037035,1.1320126519061096,1.4150158148826368,0.04411764705882353,0.014705882352941176,0.125,0.0,0.125,audio_365.wav,2.0
83,367,8,10.375,9.5,28.0,4.0,7.1752613192830825,57,0.6867469879518072,6.256562819412349,4.424057996526097,0.9149574801817912,4.421686746987952,0.5662650602409639,0.21212121212121213,0.1919191919191919,0.04040404040404041,0.030303030303030304,0.09090909090909091,0.10101010101010101,0.15151515151515152,0.0,0.010101010101010102,1.8419884598313359,2.729693741677763,0.0,0.03614457831325301,0.0,0.125,0.125,audio_58.wav,2.5
94,347,7,13.428571428571429,9.0,43.0,3.0,12.815806566860457,60,0.6382978723404256,6.18852747755276,4.375949744936837,0.9011839993742183,3.6914893617021276,0.5319148936170213,0.18627450980392157,0.17647058823529413,0.049019607843137254,0.0784313725490196,0.12745098039215685,0.10784313725490197,0.11764705882352941,0.049019607843137254,0.0,1.5648410188113868,2.0642583652405526,0.0,0.02127659574468085,0.14285714285714285,0.14285714285714285,0.14285714285714285,audio_708.wav,3.0
117,457,8,14.625,16.0,27.0,7.0,6.142831187652807,73,0.6239316239316239,6.748852387406954,4.772159288362478,0.9009455555156243,3.905982905982906,0.5555555555555556,0.13333333333333333,0.25925925925925924,0.06666666666666667,0.022222222222222223,0.14814814814814814,0.05925925925925926,0.15555555555555556,0.044444444444444446,0.007407407407407408,1.9477276510737473,2.5636757116697186,0.0,0.0,0.0,0.125,0.0,audio_319.wav,4.5
86,302,20,4.3,4.0,10.0,2.0,1.9773719933285192,32,0.37209302325581395,3.450648742510029,2.4399771253216747,0.7780569570124699,3.511627906976744,0.7441860465116279,0.008620689655172414,0.19827586206896552,0.15517241379310345,0.1896551724137931,0.12931034482758622,0.0603448275862069,0.04310344827586207,0.008620689655172414,0.0,1.9140885822390385,2.4482528377476074,0.05813953488372093,0.011627906976744186,0.3,0.0,0.2,audio_5067.wav,0.0
79,425,4,19.75,18.5,29.0,13.0,6.609652033201143,59,0.7468354430379747,6.638018615463541,4.693787976636807,0.9331928384506324,5.379746835443038,0.6455696202531646,0.2247191011235955,0.24719101123595505,0.07865168539325842,0.02247191011235955,0.06741573033707865,0.033707865168539325,0.12359550561797752,0.0898876404494382,0.0,1.7532179316466932,3.195739014647137,0.0,0.0,0.0,0.25,0.0,audio_135.wav,4.0
64,349,4,16.0,17.0,19.0,11.0,3.0,52,0.8125,6.5,4.596194077712559,0.9500732863568488,5.453125,0.671875,0.3194444444444444,0.125,0.125,0.027777777777777776,0.041666666666666664,0.08333333333333333,0.1388888888888889,0.06944444444444445,0.0,1.2130401819560273,2.255496588324488,0.0,0.0,0.0,0.0,0.0,audio_612.wav,4.0
116,523,10,11.6,8.0,27.0,6.0,7.323933369440223,88,0.7586206896551724,8.170594879790283,5.777483045827792,0.9418853191962133,4.508620689655173,0.6293103448275862,0.1510791366906475,0.2158273381294964,0.08633093525179857,0.07194244604316546,0.1079136690647482,0.07194244604316546,0.09352517985611511,0.014388489208633094,0.014388489208633094,1.9330111648058657,2.5829028495250794,0.0,0.017241379310344827,0.0,0.1,0.0,audio_373.wav,5.0
103,437,13,7.923076923076923,8.0,16.0,2.0,3.7715848221942347,61,0.5922330097087378,6.010508596802189,4.250071387178868,0.8869717894214079,4.242718446601942,0.6310679611650486,0.21487603305785125,0.21487603305785125,0.04132231404958678,0.06611570247933884,0.1652892561983471,0.04132231404958678,0.09090909090909091,0.01652892561983471,0.0,1.7146662227401366,2.34726152821708,0.0,0.038834951456310676,0.07692307692307693,0.0,0.07692307692307693,audio_680.wav,5.0
109,399,2,54.5,54.5,61.0,48.0,6.5,63,0.5779816513761468,6.034305596893254,4.266898407315157,0.8831437851978009,3.6605504587155964,0.46788990825688076,0.203125,0.15625,0.0390625,0.0,0.109375,0.1171875,0.1484375,0.0546875,0.0,2.421684070206621,3.0882026216396357,0.0,0.03669724770642202,0.0,1.0,0.0,audio_63.wav,4.0
109,414,5,21.8,17.0,51.0,6.0,15.791136754521505,62,0.5688073394495413,5.938522968371139,4.199169861167298,0.879733178747776,3.7981651376146788,0.5045871559633027,0.16806722689075632,0.15126050420168066,0.08403361344537816,0.058823529411764705,0.15966386554621848,0.07563025210084033,0.12605042016806722,0.06722689075630252,0.0,1.8145496920259696,2.313967038455136,0.0,0.045871559633027525,0.0,0.2,0.0,audio_700.wav,2.5
125,534,4,31.25,25.0,57.0,18.0,15.400892831261439,70,0.56,6.260990336999411,4.427188724235731,0.8799128377318536,4.272,0.568,0.24060150375939848,0.15037593984962405,0.07518796992481203,0.06766917293233082,0.06766917293233082,0.13533834586466165,0.10526315789473684,0.06766917293233082,0.03007518796992481,2.080905610121525,2.7967371400033296,0.0,0.016,0.0,0.5,0.0,audio_429.wav,4.0
124,542,7,17.714285714285715,14.0,57.0,6.0,16.54184551557729,76,0.6129032258064516,6.825001477017446,4.826004826007239,0.8984399108940313,4.370967741935484,0.6129032258064516,0.208955223880597,0.14925373134328357,0.08208955223880597,0.12686567164179105,0.1044776119402985,0.07462686567164178,0.09701492537313433,0.05223880597014925,0.0,2.0317876454202852,2.9002130099950842,0.0,0.016129032258064516,0.0,0.14285714285714285,0.0,audio_745.wav,5.0
51,215,4,12.75,11.0,19.0,10.0,3.6996621467371855,34,0.6666666666666666,4.760952285695233,3.366501646120693,0.89687612168416,4.215686274509804,0.47058823529411764,0.21818181818181817,0.18181818181818182,0.01818181818181818,0.01818181818181818,0.05454545454545454,0.16363636363636364,0.2,0.01818181818181818,0.0,0.8498583569405099,1.0831528078653558,0.0,0.0,0.0,0.0,0.0,audio_731.wav,2.0
128,603,8,16.0,15.5,34.0,2.0,10.88577052853862,86,0.671875,7.601397897755385,5.375,0.9180378221002997,4.7109375,0.5546875,0.2465753424657534,0.17123287671232876,0.0273972602739726,0.0410958904109589,0.1095890410958904,0.10273972602739725,0.13013698630136986,0.03424657534246575,0.0,2.1308473447644416,3.3960379557183287,0.0078125,0.0,0.125,0.25,0.125,audio_461.wav,5.0
73,267,7,10.428571428571429,9.0,27.0,4.0,7.208271892310208,43,0.589041095890411,5.032769329433615,3.558705320990182,0.8766427389153535,3.6575342465753424,0.5616438356164384,0.16666666666666666,0.2261904761904762,0.03571428571428571,0.05952380952380952,0.16666666666666666,0.023809523809523808,0.13095238095238096,0.047619047619047616,0.0,1.6200621393697292,2.0639147802929427,0.0,0.0273972602739726,0.0,0.14285714285714285,0.0,audio_79.wav,2.0
10,27,1,10.0,10.0,10.0,10.0,0.0,10,1.0,3.162277660168379,2.23606797749979,1.0,2.7,0.4,0.2727272727272727,0.09090909090909091,0.0,0.0,0.09090909090909091,0.0,0.2727272727272727,0.0,0.0,0.16647244880972198,0.1831196936906942,0.0,0.0,0.0,0.0,0.0,audio_5038.wav,0.0
136,521,11,12.363636363636363,12.0,20.0,5.0,4.558164049716972,73,0.5367647058823529,6.259698357701573,4.426275156913077,0.873348431945787,3.8308823529411766,0.5294117647058824,0.11688311688311688,0.18181818181818182,0.07142857142857142,0.09740259740259741,0.15584415584415584,0.06493506493506493,0.14285714285714285,0.03896103896103896,0.0,2.264025303812219,2.9965040785749957,0.0,0.0,0.0,0.0,0.0,audio_760.wav,4.0
99,399,5,19.8,15.0,57.0,4.0,19.528440797974632,47,0.47474747474747475,4.723677731718297,3.340144556237897,0.8378775151201526,4.03030303030303,0.6060606060606061,0.1891891891891892,0.11711711711711711,0.13513513513513514,0.0990990990990991,0.10810810810810811,0.10810810810810811,0.07207207207207207,0.09009009009009009,0.009009009009009009,2.1970705725699067,3.062583222370173,0.0,0.030303030303030304,0.0,0.2,0.0,audio_72.wav,2.0
119,490,9,13.222222222222221,11.0,21.0,7.0,4.15739709641549,76,0.6386554621848739,6.966908577414406,4.92634829899645,0.906177324467239,4.117647058823529,0.6050420168067226,0.15217391304347827,0.18840579710144928,0.09420289855072464,0.08695652173913043,0.08695652173913043,0.06521739130434782,0.15217391304347827,0.036231884057971016,0.007246376811594203,1.9810221408356916,2.7301481604794406,0.0,0.008403361344537815,0.0,0.0,0.0,audio_696.wav,5.0
60,253,3,20.0,22.0,24.0,14.0,4.320493798938574,41,0.6833333333333333,5.293077239816803,3.742770809618635,0.9070003782702797,4.216666666666667,0.5166666666666667,0.2698412698412698,0.1111111111111111,0.031746031746031744,0.07936507936507936,0.015873015873015872,0.19047619047619047,0.20634920634920634,0.031746031746031744,0.015873015873015872,1.343784994400896,1.8365061590145577,0.0,0.016666666666666666,0.0,0.0,0.0,audio_744.wav,4.0
90,411,10,9.0,8.5,24.0,1.0,5.966573556070519,68,0.7555555555555555,7.167829363048327,5.068420748999523,0.937708039741693,4.566666666666666,0.6222222222222222,0.19444444444444445,0.19444444444444445,0.05555555555555555,0.07407407407407407,0.07407407407407407,0.08333333333333333,0.05555555555555555,0.05555555555555555,0.037037037037037035,1.4982520392874978,2.014316630597636,0.0,0.011111111111111112,0.2,0.0,0.2,audio_662.wav,5.0
109,450,9,12.11111111111111,11.0,26.0,5.0,6.332358599455558,63,0.5779816513761468,6.034305596893254,4.266898407315157,0.8831437851978009,4.128440366972477,0.5596330275229358,0.17647058823529413,0.21008403361344538,0.05042016806722689,0.07563025210084033,0.08403361344537816,0.11764705882352941,0.15966386554621848,0.0,0.025210084033613446,1.8145496920259696,2.3972032628599966,0.009174311926605505,0.009174311926605505,0.0,0.1111111111111111,0.0,audio_570.wav,3.0
77,296,4,19.25,18.5,29.0,11.0,7.8859051477937525,51,0.6623376623376623,5.8119893994415355,4.109697116529439,0.9051569421004246,3.844155844155844,0.5324675324675324,0.17204301075268819,0.17204301075268819,0.043010752688172046,0.053763440860215055,0.08602150537634409,0.10752688172043011,0.13978494623655913,0.053763440860215055,0.0,2.1317829457364343,2.7685492801771874,0.0,0.03896103896103896,0.0,0.25,0.0,audio_10.wav,3.0
108,463,8,13.5,11.0,34.0,4.0,9.539392014169456,63,0.5833333333333334,6.06217782649107,4.286607049870562,0.884882231063878,4.287037037037037,0.5462962962962963,0.23728813559322035,0.1440677966101695,0.0847457627118644,0.03389830508474576,0.05084745762711865,0.11864406779661017,0.13559322033898305,0.03389830508474576,0.00847457627118644,1.7979024471449976,2.3306142833361077,0.0,0.018518518518518517,0.0,0.125,0.125,audio_628.wav,2.5
136,450,4,34.0,27.0,74.0,8.0,25.367301787931645,76,0.5588235294117647,6.516946235415335,4.608176875690327,0.8815464226605176,3.3088235294117645,0.5294117647058824,0.11764705882352941,0.16339869281045752,0.11764705882352941,0.0718954248366013,0.16339869281045752,0.0718954248366013,0.11764705882352941,0.0457516339869281,0.013071895424836602,2.264025303812219,2.480439487264858,0.0,0.022058823529411766,0.0,0.5,0.25,audio_606.wav,3.5
122,478,2,61.0,61.0,68.0,54.0,7.0,62,0.5081967213114754,5.613216254636149,3.9691432779197755,0.8590999803320493,3.918032786885246,0.5081967213114754,0.2125984251968504,0.15748031496062992,0.07086614173228346,0.047244094488188976,0.08661417322834646,0.10236220472440945,0.16535433070866143,0.023622047244094488,0.05511811023622047,2.707501109631602,3.195739014647137,0.0,0.00819672131147541,0.0,1.0,0.0,audio_73.wav,4.0
113,437,9,12.555555555555555,14.0,17.0,8.0,3.531166351571267,58,0.5132743362831859,5.456181036624864,3.858102610378888,0.858918956146148,3.8672566371681416,0.5398230088495575,0.18115942028985507,0.16666666666666666,0.057971014492753624,0.036231884057971016,0.12318840579710146,0.11594202898550725,0.11594202898550725,0.028985507246376812,0.014492753623188406,1.8811386715498586,2.513733977026802,0.0,0.02654867256637168,0.0,0.0,0.0,audio_605.wav,4.0
88,399,5,17.6,18.0,25.0,9.0,5.238320341483518,56,0.6363636363636364,5.9696200579570915,4.221158824088691,0.8990504528760291,4.534090909090909,0.5795454545454546,0.2391304347826087,0.21739130434782608,0.07608695652173914,0.021739130434782608,0.021739130434782608,0.10869565217391304,0.13043478260869565,0.043478260869565216,0.021739130434782608,1.9529516200621393,2.996005326231691,0.0,0.0,0.0,0.0,0.0,audio_106.wav,3.5
126,471,7,18.0,15.0,33.0,8.0,8.366600265340756,58,0.4603174603174603,5.167050676973538,3.6536565724225296,0.8395794721374907,3.738095238095238,0.5396825396825397,0.14482758620689656,0.15172413793103448,0.09655172413793103,0.07586206896551724,0.12413793103448276,0.08275862068965517,0.10344827586206896,0.06896551724137931,0.020689655172413793,2.0996500583236126,2.649558406932178,0.015873015873015872,0.015873015873015872,0.0,0.2857142857142857,0.0,audio_306.wav,5.0
99,418,2,49.5,49.5,90.0,9.0,40.5,61,0.6161616161616161,6.130730673081194,4.335081232564079,0.8946173327890251,4.222222222222222,0.5252525252525253,0.15789473684210525,0.14912280701754385,0.08771929824561403,0.06140350877192982,0.13157894736842105,0.09649122807017543,0.11403508771929824,0.05263157894736842,0.008771929824561403,2.1970705725699067,3.0181979582778515,0.0,0.04040404040404041,0.0,0.5,0.0,audio_75.wav,2.0
127,594,8,15.875,13.0,28.0,6.0,7.253232038202004,82,0.6456692913385826,7.276323377212133,5.1451376021329,0.9096922081277099,4.677165354330708,0.5748031496062992,0.25517241379310346,0.11724137931034483,0.10344827586206896,0.027586206896551724,0.034482758620689655,0.1103448275862069,0.13793103448275862,0.041379310344827586,0.027586206896551724,2.1142000998834694,2.9465623439320794,0.0,0.007874015748031496,0.0,0.125,0.0,audio_550.wav,3.5
92,417,4,23.0,23.0,39.0,7.0,11.313708498984761,62,0.6739130434782609,6.463946835769319,4.570700640801811,0.912721661953177,4.532608695652174,0.5978260869565217,0.25,0.1875,0.07291666666666667,0.0625,0.10416666666666667,0.08333333333333333,0.13541666666666666,0.03125,0.0,1.5315465290494423,2.3306142833361077,0.0,0.0,0.0,0.25,0.0,audio_340.wav,5.0
75,271,7,10.714285714285714,12.0,14.0,5.0,3.010186786529354,47,0.6266666666666667,5.427092530382482,3.8375339303603124,0.8917563871545975,3.6133333333333333,0.5066666666666667,0.15853658536585366,0.14634146341463414,0.08536585365853659,0.07317073170731707,0.14634146341463414,0.10975609756097561,0.10975609756097561,0.04878048780487805,0.012195121951219513,1.6184721622788087,2.006905481225723,0.0,0.02666666666666667,0.0,0.0,0.0,audio_272.wav,3.0
140,583,10,14.0,13.5,20.0,7.0,4.147288270665544,60,0.42857142857142855,5.0709255283711,3.585685828003181,0.8285392207840465,4.164285714285715,0.5071428571428571,0.25165562913907286,0.12582781456953643,0.06622516556291391,0.026490066225165563,0.08609271523178808,0.11258278145695365,0.12582781456953643,0.09271523178807947,0.006622516556291391,2.3306142833361077,2.929915099051107,0.0,0.02857142857142857,0.0,0.0,0.1,audio_518.wav,3.5
94,338,11,8.545454545454545,7.0,17.0,4.0,4.250425355476713,55,0.5851063829787234,5.672816854423363,4.011287266192101,0.8820323965926451,3.595744680851064,0.5,0.13445378151260504,0.15126050420168066,0.025210084033613446,0.08403361344537816,0.13445378151260504,0.09243697478991597,0.09243697478991597,0.01680672268907563,0.04201680672268908,2.1490626428898034,2.5377229080932784,0.0,0.05319148936170213,0.0,0.0,0.0,audio_34.wav,2.0
88,352,2,44.0,44.0,67.0,21.0,23.0,39,0.4431818181818182,4.157413968934403,2.9397356096331952,0.8182457112189808,4.0,0.5,0.18681318681318682,0.17582417582417584,0.06593406593406594,0.054945054945054944,0.13186813186813187,0.07692307692307693,0.13186813186813187,0.10989010989010989,0.0,1.9555555555555555,2.488888888888889,0.0,0.03409090909090909,0.0,0.5,0.0,audio_87.wav,2.0
143,632,7,20.428571428571427,19.0,31.0,11.0,6.715805299167519,75,0.5244755244755245,6.271815075053181,4.43484296991812,0.8699623774662075,4.419580419580419,0.5524475524475524,0.23636363636363636,0.15757575757575756,0.04242424242424243,0.04242424242424243,0.07878787878787878,0.12121212121212122,0.12727272727272726,0.030303030303030304,0.03636363636363636,2.343109945928232,2.883827625757824,0.0,0.013986013986013986,0.0,0.2857142857142857,0.0,audio_211.wav,5.0
98,420,8,12.25,11.0,21.0,4.0,5.379358697837503,49,0.5,4.949747468305833,3.5,0.8488217890782235,4.285714285714286,0.5816326530612245,0.1981981981981982,0.2072072072072072,0.04504504504504504,0.06306306306306306,0.13513513513513514,0.07207207207207207,0.08108108108108109,0.08108108108108109,0.0,1.6314299983352756,2.34726152821708,0.0,0.01020408163265306,0.0,0.0,0.125,audio_431.wav,3.0
121,516,6,20.166666666666668,19.5,29.0,10.0,6.148622248565572,67,0.5537190082644629,6.090909090909091,4.306923121772607,0.8767465091342463,4.264462809917355,0.512396694214876,0.19548872180451127,0.12781954887218044,0.07518796992481203,0.06766917293233082,0.045112781954887216,0.13533834586466165,0.15789473684210525,0.08270676691729323,0.0,2.014316630597636,2.7301481604794406,0.0,0.01652892561983471,0.0,0.3333333333333333,0.0,audio_555.wav,5.0
122,513,8,15.25,12.0,28.0,5.0,8.362864341838865,65,0.5327868852459017,5.884823492763704,4.161198597819119,0.8689360914586542,4.204918032786885,0.5819672131147541,0.15,0.22142857142857142,0.07857142857142857,0.05714285714285714,0.1,0.11428571428571428,0.12857142857142856,0.04285714285714286,0.0,2.030963875478608,2.64691193607458,0.00819672131147541,0.0,0.0,0.25,0.0,audio_648.wav,5.0
18,90,1,18.0,18.0,18.0,18.0,0.0,17,0.9444444444444444,4.00693842672377,2.8333333333333335,0.9802245459658266,5.0,0.6111111111111112,0.2631578947368421,0.21052631578947367,0.05263157894736842,0.05263157894736842,0.10526315789473684,0.10526315789473684,0.10526315789473684,0.0,0.0,0.2996504078574996,0.4494756117862494,0.0,0.05555555555555555,0.0,0.0,0.0,audio_5051.wav,0.0
110,470,6,18.333333333333332,17.5,28.0,12.0,6.073622386096199,65,0.5909090909090909,6.1975068300963505,4.382299106011073,0.8880767379169576,4.2727272727272725,0.5454545454545454,0.23333333333333334,0.16666666666666666,0.041666666666666664,0.058333333333333334,0.1,0.1,0.13333333333333333,0.058333333333333334,0.0,1.8311969369069419,2.430497752621941,0.0,0.0,0.0,0.16666666666666666,0.0,audio_422.wav,2.0
128,601,8,16.0,10.0,40.0,4.0,11.926860441876563,77,0.6015625,6.80590276892052,4.8125,0.8952552200992717,4.6953125,0.578125,0.20394736842105263,0.13815789473684212,0.09210526315789473,0.05263157894736842,0.125,0.07236842105263158,0.125,0.013157894736842105,0.006578947368421052,2.1308473447644416,3.462626935242217,0.0,0.0234375,0.0,0.25,0.0,audio_627.wav,2.5
116,530,6,19.333333333333332,18.0,27.0,15.0,4.496912521077347,75,0.646551724137931,6.963575181639445,4.923991232239596,0.908258377344776,4.568965517241379,0.5775862068965517,0.319672131147541,0.16393442622950818,0.04918032786885246,0.01639344262295082,0.01639344262295082,0.12295081967213115,0.18032786885245902,0.06557377049180328,0.00819672131147541,2.577777777777778,3.7111111111111112,0.0,0.0,0.0,0.16666666666666666,0.0,audio_122.wav,5.0
78,398,4,19.5,17.5,32.0,11.0,7.697402159170326,51,0.6538461538461539,5.774612874137437,4.083267922029722,0.9024761096352382,5.102564102564102,0.6153846153846154,0.2441860465116279,0.1744186046511628,0.023255813953488372,0.11627906976744186,0.06976744186046512,0.09302325581395349,0.12790697674418605,0.05813953488372093,0.0,1.7310252996005326,2.6853084775854414,0.0,0.01282051282051282,0.0,0.25,0.0,audio_88.wav,3.5
81,352,6,13.5,12.0,29.0,4.0,8.077747210701755,50,0.6172839506172839,5.555555555555555,3.928371006591931,0.8902191987518279,4.345679012345679,0.5925925925925926,0.22916666666666666,0.1875,0.052083333333333336,0.03125,0.07291666666666667,0.125,0.11458333333333333,0.010416666666666666,0.0,1.348426835358748,1.9810221408356916,0.0,0.037037037037037035,0.0,0.16666666666666666,0.0,audio_165.wav,2.5
109,411,1,109.0,109.0,109.0,109.0,0.0,69,0.6330275229357798,6.609001368025944,4.673269684202315,0.9025351798437465,3.770642201834862,0.5321100917431193,0.14414414414414414,0.18018018018018017,0.0990990990990991,0.0990990990990991,0.17117117117117117,0.08108108108108109,0.13513513513513514,0.05405405405405406,0.018018018018018018,1.8145496920259696,2.2973197935741636,0.0,0.03669724770642202,0.0,1.0,0.0,audio_276.wav,3.5
131,511,6,21.833333333333332,20.5,35.0,9.0,7.924995618645827,76,0.5801526717557252,6.640150830623888,4.695295680435637,0.8883196008654447,3.900763358778626,0.5267175572519084,0.15217391304347827,0.21739130434782608,0.057971014492753624,0.07246376811594203,0.10144927536231885,0.09420289855072464,0.16666666666666666,0.050724637681159424,0.007246376811594203,2.1464853350811075,2.8019007045715223,0.0,0.007633587786259542,0.0,0.3333333333333333,0.0,audio_746.wav,5.0
52,216,2,26.0,26.0,29.0,23.0,3.0,35,0.6730769230769231,4.853626716970755,3.432032364918221,0.8998047993774102,4.153846153846154,0.5384615384615384,0.22413793103448276,0.1896551724137931,0.06896551724137931,0.0,0.15517241379310345,0.05172413793103448,0.1206896551724138,0.06896551724137931,0.0,0.8655126498002663,1.215046604527297,0.0,0.0,0.0,0.5,0.0,audio_252.wav,3.5
57,257,3,19.0,18.0,26.0,13.0,5.354126134736337,46,0.8070175438596491,6.092848842499201,4.308294733275792,0.9469683026155905,4.508771929824562,0.5789473684210527,0.3333333333333333,0.09523809523809523,0.07936507936507936,0.015873015873015872,0.031746031746031744,0.12698412698412698,0.15873015873015872,0.047619047619047616,0.0,0.9487350199733688,1.281624500665779,0.0,0.017543859649122806,0.0,0.3333333333333333,0.0,audio_266.wav,4.0
68,314,5,13.6,15.0,18.0,7.0,3.8262252939417984,47,0.6911764705882353,5.699587188353825,4.0302167508489575,0.912463697361436,4.617647058823529,0.6617647058823529,0.22727272727272727,0.10227272727272728,0.14772727272727273,0.03409090909090909,0.07954545454545454,0.06818181818181818,0.10227272727272728,0.06818181818181818,0.0,1.13314447592068,1.749708381936344,0.0,0.04411764705882353,0.0,0.0,0.2,audio_611.wav,4.5
0,0,1,1.0,1.0,1.0,1.0,0.0,0,0.0,0.0,0.0,1.0,0.0,0.0,0.0,0.0,0.0,0.0,0.0,0.0,0.0,0.0,0.0,0.0,0.0,0.0,0.0,1.0,0.0,1.0,audio_5058.wav,0.0
99,403,8,12.375,12.0,20.0,6.0,4.328322423295196,62,0.6262626262626263,6.231234454607115,4.406148138015949,0.8981559827920939,4.070707070707071,0.5252525252525253,0.1592920353982301,0.1592920353982301,0.04424778761061947,0.09734513274336283,0.08849557522123894,0.09734513274336283,0.10619469026548672,0.035398230088495575,0.017699115044247787,2.2,2.8666666666666667,0.0,0.010101010101010102,0.0,0.0,0.0,audio_81.wav,3.0
74,315,6,12.333333333333334,11.0,25.0,3.0,7.295356209413097,49,0.6621621621621622,5.696134298447145,4.027775188981254,0.9042196653241954,4.256756756756757,0.6351351351351351,0.14432989690721648,0.21649484536082475,0.041237113402061855,0.08247422680412371,0.09278350515463918,0.07216494845360824,0.1134020618556701,0.020618556701030927,0.010309278350515464,1.6488413547237075,2.384135472370766,0.0,0.05405405405405406,0.16666666666666666,0.0,0.16666666666666666,audio_3.wav,3.0
79,307,3,26.333333333333332,27.0,29.0,23.0,2.494438257849294,46,0.5822784810126582,5.17540434425971,3.659563507208358,0.8762300239668536,3.8860759493670884,0.46835443037974683,0.14942528735632185,0.14942528735632185,0.06896551724137931,0.05747126436781609,0.14942528735632185,0.08045977011494253,0.11494252873563218,0.034482758620689655,0.034482758620689655,1.7532179316466932,2.152685308477585,0.0,0.02531645569620253,0.0,0.6666666666666666,0.0,audio_21.wav,2.0
131,544,10,13.1,13.0,29.0,5.0,6.171709649683789,76,0.5801526717557252,6.640150830623888,4.695295680435637,0.8883196008654447,4.152671755725191,0.5419847328244275,0.18354430379746836,0.13924050632911392,0.06962025316455696,0.056962025316455694,0.08860759493670886,0.15822784810126583,0.0949367088607595,0.0379746835443038,0.0,2.1635012386457473,2.906688687035508,0.0,0.015267175572519083,0.0,0.1,0.0,audio_190.wav,3.0
128,492,10,12.8,12.5,17.0,8.0,3.059411708155671,69,0.5390625,6.098795987733972,4.3125,0.87264635096831,3.84375,0.5390625,0.14184397163120568,0.2198581560283688,0.05673758865248227,0.07092198581560284,0.14184397163120568,0.04964539007092199,0.14184397163120568,0.028368794326241134,0.028368794326241134,2.132622459180273,2.6991002999000333,0.0,0.015625,0.0,0.0,0.0,audio_189.wav,5.0
127,536,2,63.5,63.5,96.0,31.0,32.5,68,0.5354330708661418,6.034024264029574,4.266699474939478,0.8710455706740334,4.2204724409448815,0.48031496062992124,0.21374045801526717,0.1984732824427481,0.03816793893129771,0.015267175572519083,0.07633587786259542,0.16030534351145037,0.16030534351145037,0.061068702290076333,0.030534351145038167,2.1142000998834694,2.8133843848843014,0.007874015748031496,0.015748031496062992,0.0,1.0,0.0,audio_519.wav,3.0
85,308,4,21.25,18.0,34.0,15.0,7.595228765481656,54,0.6352941176470588,5.857122361103717,4.1416109397758,0.8978836771706366,3.623529411764706,0.5058823529411764,0.16483516483516483,0.16483516483516483,0.0989010989010989,0.04395604395604396,0.18681318681318682,0.054945054945054944,0.15384615384615385,0.054945054945054944,0.01098901098901099,1.4150158148826368,1.8145496920259696,0.0,0.0,0.0,0.25,0.0,audio_748.wav,2.5
109,399,7,15.571428571428571,10.0,37.0,5.0,9.955000794391054,46,0.42201834862385323,4.406000912017296,3.115513122801543,0.8161069041569085,3.6605504587155964,0.44954128440366975,0.125,0.203125,0.046875,0.0078125,0.171875,0.0625,0.15625,0.0234375,0.03125,1.8145496920259696,2.363908773098052,0.0,0.0,0.0,0.14285714285714285,0.0,audio_505.wav,3.0
44,177,5,8.8,7.0,22.0,3.0,6.764613810115105,34,0.7727272727272727,5.125692857821981,3.624412178045377,0.9318667576827708,4.0227272727272725,0.5681818181818182,0.17307692307692307,0.25,0.019230769230769232,0.038461538461538464,0.09615384615384616,0.11538461538461539,0.09615384615384616,0.019230769230769232,0.057692307692307696,0.7324787747627768,0.8823039786915265,0.0,0.0,0.2,0.0,0.0,audio_361.wav,4.0
87,291,8,10.875,9.0,22.0,5.0,6.050568155140474,48,0.5517241379310345,5.146140167221414,3.638870609178736,0.8668340028621421,3.3448275862068964,0.5402298850574713,0.0990990990990991,0.18018018018018017,0.09009009009009009,0.05405405405405406,0.21621621621621623,0.05405405405405406,0.12612612612612611,0.02702702702702703,0.036036036036036036,1.4483103046445813,1.681371732978192,0.0,0.0,0.0,0.0,0.0,audio_5052.wav,0.0
94,421,4,23.5,23.0,28.0,20.0,3.570714214271425,66,0.7021276595744681,6.807380225308036,4.813544719430521,0.9221622066823305,4.4787234042553195,0.5638297872340425,0.24074074074074073,0.14814814814814814,0.037037037037037035,0.06481481481481481,0.027777777777777776,0.1574074074074074,0.12962962962962962,0.027777777777777776,0.0,2.122854561878952,3.071364046973803,0.0,0.02127659574468085,0.0,0.5,0.0,audio_16.wav,4.0
131,555,8,16.375,15.5,26.0,7.0,6.122448448129228,76,0.5801526717557252,6.640150830623888,4.695295680435637,0.8883196008654447,4.236641221374046,0.549618320610687,0.26973684210526316,0.11842105263157894,0.013157894736842105,0.07236842105263158,0.039473684210526314,0.14473684210526316,0.1118421052631579,0.02631578947368421,0.02631578947368421,2.180789079407358,2.913267854170135,0.0,0.022900763358778626,0.0,0.125,0.0,audio_327.wav,5.0
76,341,7,10.857142857142858,8.0,22.0,4.0,6.057547156318341,46,0.6052631578947368,5.27656187902292,3.7310926860075386,0.8840630663803374,4.4868421052631575,0.5921052631578947,0.2631578947368421,0.14736842105263157,0.031578947368421054,0.031578947368421054,0.06315789473684211,0.10526315789473684,0.09473684210526316,0.042105263157894736,0.010526315789473684,1.265190610953887,1.5648410188113868,0.02631578947368421,0.013157894736842105,0.0,0.0,0.14285714285714285,audio_313.wav,3.0
83,346,4,20.75,19.0,30.0,15.0,5.584576975922169,43,0.5180722891566265,4.719863179556685,3.337447260537231,0.8511735202798002,4.168674698795181,0.5421686746987951,0.22580645161290322,0.13978494623655913,0.0967741935483871,0.021505376344086023,0.06451612903225806,0.08602150537634409,0.17204301075268819,0.043010752688172046,0.053763440860215055,1.3817213251206926,1.8311969369069419,0.0,0.060240963855421686,0.0,0.25,0.0,audio_589.wav,2.5
127,499,9,14.11111111111111,15.0,23.0,2.0,7.09372875533883,62,0.4881889763779528,5.501610358379906,3.890225991856583,0.8519766704680041,3.9291338582677167,0.5511811023622047,0.21428571428571427,0.18571428571428572,0.03571428571428571,0.06428571428571428,0.12857142857142856,0.05714285714285714,0.15,0.05,0.007142857142857143,2.1142000998834694,2.863326119527218,0.0,0.06299212598425197,0.1111111111111111,0.0,0.1111111111111111,audio_416.wav,3.5
138,517,8,17.25,14.5,29.0,7.0,6.832825184358224,70,0.5072463768115942,5.958795715311241,4.213504858001922,0.8622440640406788,3.746376811594203,0.5,0.1476510067114094,0.18120805369127516,0.0738255033557047,0.06040268456375839,0.1476510067114094,0.10067114093959731,0.12080536912751678,0.03355704697986577,0.013422818791946308,2.2935017450556754,2.8751869702509554,0.0,0.021739130434782608,0.0,0.125,0.0,audio_762.wav,5.0
75,291,3,25.0,26.0,40.0,9.0,12.675435561221029,52,0.6933333333333334,6.004442799572107,4.245782220824175,0.9151718811207324,3.88,0.5333333333333333,0.13095238095238096,0.2261904761904762,0.07142857142857142,0.047619047619047616,0.15476190476190477,0.05952380952380952,0.16666666666666666,0.03571428571428571,0.011904761904761904,1.2485433660729148,1.598135508573331,0.0,0.04,0.0,0.6666666666666666,0.0,audio_714.wav,3.0
98,374,10,9.8,9.5,20.0,4.0,4.955804677345546,52,0.5306122448979592,5.252793231671496,3.7142857142857144,0.8617822780560059,3.816326530612245,0.5306122448979592,0.16071428571428573,0.21428571428571427,0.044642857142857144,0.044642857142857144,0.16071428571428573,0.0625,0.15178571428571427,0.017857142857142856,0.008928571428571428,1.6314299983352756,2.247378058931247,0.0,0.04081632653061224,0.0,0.0,0.1,audio_455.wav,3.0
67,269,7,9.571428571428571,7.0,19.0,4.0,5.499536158548616,39,0.582089552238806,4.764608329895903,3.3690868597673043,0.871303083900649,4.014925373134329,0.6119402985074627,0.16470588235294117,0.12941176470588237,0.12941176470588237,0.058823529411764705,0.11764705882352941,0.08235294117647059,0.047058823529411764,0.011764705882352941,0.023529411764705882,1.7420696827873114,2.3140925637025482,0.029850746268656716,0.014925373134328358,0.0,0.0,0.14285714285714285,audio_42.wav,3.0
105,495,6,17.5,17.5,33.0,9.0,7.847504911329036,77,0.7333333333333333,7.514430561703706,5.313504806936128,0.9333567746675493,4.714285714285714,0.6285714285714286,0.28,0.168,0.056,0.024,0.008,0.112,0.144,0.04,0.0,1.7479607125020808,2.480439487264858,0.0,0.009523809523809525,0.0,0.16666666666666666,0.16666666666666666,audio_561.wav,4.0
68,288,5,13.6,12.0,30.0,6.0,8.522910301065007,46,0.6764705882352942,5.578319375835658,3.9444674582777033,0.9073668456138775,4.235294117647059,0.6764705882352942,0.1125,0.275,0.075,0.1125,0.1625,0.025,0.1125,0.05,0.0,1.1297557733842831,1.661405549094534,0.0,0.029411764705882353,0.0,0.2,0.0,audio_226.wav,3.0
83,346,6,13.833333333333334,13.0,23.0,8.0,4.810289896553937,54,0.6506024096385542,5.927270039443279,4.191212838814197,0.9027218677057767,4.168674698795181,0.5180722891566265,0.18681318681318682,0.16483516483516483,0.054945054945054944,0.06593406593406594,0.10989010989010989,0.06593406593406594,0.13186813186813187,0.10989010989010989,0.01098901098901099,1.8419884598313359,2.5743453173546382,0.0,0.012048192771084338,0.0,0.0,0.0,audio_110.wav,3.5
108,473,10,10.8,9.0,27.0,6.0,6.013318551349164,58,0.5370370370370371,5.581052602166382,3.9464001411506757,0.8672211037195462,4.37962962962963,0.5277777777777778,0.23577235772357724,0.13008130081300814,0.016260162601626018,0.08130081300813008,0.056910569105691054,0.06504065040650407,0.14634146341463414,0.08943089430894309,0.056910569105691054,1.7696214976241194,2.2775684089791906,0.0,0.14814814814814814,0.0,0.1,0.0,audio_739.wav,5.0
124,455,4,31.0,29.5,53.0,12.0,17.421251390184345,56,0.45161290322580644,5.028948456749697,3.556003556005334,0.8350864230541876,3.6693548387096775,0.4435483870967742,0.183206106870229,0.15267175572519084,0.04580152671755725,0.03816793893129771,0.17557251908396945,0.10687022900763359,0.09923664122137404,0.07633587786259542,0.04580152671755725,2.0642583652405526,2.763442650241385,0.016129032258064516,0.0,0.0,0.5,0.0,audio_504.wav,3.5
144,544,2,72.0,72.0,121.0,23.0,49.0,82,0.5694444444444444,6.833333333333333,4.831896338108075,0.8866971416492069,3.7777777777777777,0.5,0.14285714285714285,0.20408163265306123,0.08163265306122448,0.061224489795918366,0.14285714285714285,0.09523809523809523,0.10884353741496598,0.08163265306122448,0.006802721088435374,2.3972032628599966,3.0630930580988847,0.0,0.013888888888888888,0.0,0.5,0.0,audio_379.wav,4.0
116,426,2,58.0,58.0,84.0,32.0,26.0,59,0.5086206896551724,5.4780124762230304,3.873539769361815,0.8577805995002489,3.6724137931034484,0.4482758620689655,0.19166666666666668,0.125,0.075,0.041666666666666664,0.13333333333333333,0.14166666666666666,0.175,0.058333333333333334,0.0,1.931080406192775,2.3972032628599966,0.02586206896551724,0.008620689655172414,0.0,1.0,0.0,audio_520.wav,2.5
40,139,3,13.333333333333334,11.0,25.0,4.0,8.73053390247253,28,0.7,4.427188724235731,3.1304951684997055,0.9033107618789334,3.475,0.55,0.061224489795918366,0.2653061224489796,0.02040816326530612,0.10204081632653061,0.1836734693877551,0.04081632653061224,0.14285714285714285,0.04081632653061224,0.0,0.6658897952388879,0.7491260196437489,0.0,0.0,0.0,0.0,0.3333333333333333,audio_5068.wav,0.0
79,327,4,19.75,20.5,28.0,10.0,6.6473679001541655,44,0.5569620253164557,4.950386764074505,3.500452050373212,0.8660567105250336,4.139240506329114,0.5189873417721519,0.15294117647058825,0.16470588235294117,0.09411764705882353,0.07058823529411765,0.1411764705882353,0.09411764705882353,0.12941176470588237,0.07058823529411765,0.023529411764705882,1.7697132616487454,2.5985663082437274,0.0,0.0,0.0,0.25,0.0,audio_30.wav,2.0
59,194,5,11.8,9.0,19.0,8.0,4.445222154178573,29,0.4915254237288136,3.7754784184438925,2.669666391905138,0.825816041252847,3.288135593220339,0.4745762711864407,0.11594202898550725,0.2898550724637681,0.0,0.0,0.21739130434782608,0.10144927536231885,0.057971014492753624,0.0,0.028985507246376812,0.9820239680426098,1.0319573901464714,0.0,0.0,0.0,0.0,0.0,audio_5041.wav,0.0
135,539,11,12.272727272727273,13.0,19.0,3.0,4.992556442816721,52,0.3851851851851852,4.475447422284127,3.16461922114096,0.805509150261973,3.9925925925925925,0.4962962962962963,0.1643835616438356,0.17123287671232876,0.04794520547945205,0.07534246575342465,0.13013698630136986,0.0821917808219178,0.13013698630136986,0.0410958904109589,0.04794520547945205,2.247378058931247,3.246212751789579,0.022222222222222223,0.007407407407407408,0.09090909090909091,0.0,0.0,audio_485.wav,3.0
86,311,4,21.5,19.0,40.0,8.0,11.926860441876563,48,0.5581395348837209,5.1759731137650435,3.659965687982512,0.8690837856679714,3.616279069767442,0.4069767441860465,0.1276595744680851,0.14893617021276595,0.05319148936170213,0.0425531914893617,0.1276595744680851,0.0425531914893617,0.0425531914893617,0.1276595744680851,0.05319148936170213,1.4091430444043913,1.6385384237260363,0.0,0.0,0.0,0.25,0.0,audio_475.wav,2.0
141,672,15,9.4,8.0,27.0,2.0,6.427026269330682,80,0.5673758865248227,6.737215368532151,4.763930673403309,0.8854797427520819,4.76595744680851,0.5602836879432624,0.2389937106918239,0.11949685534591195,0.11949685534591195,0.018867924528301886,0.08176100628930817,0.11320754716981132,0.11949685534591195,0.025157232704402517,0.050314465408805034,2.3468708388814914,3.312250332889481,0.0,0.0,0.13333333333333333,0.06666666666666667,0.13333333333333333,audio_145.wav,4.0
92,369,8,11.5,10.5,20.0,6.0,4.301162633521313,61,0.6630434782608695,6.359689628740781,4.496979662724363,0.9091256245456979,4.010869565217392,0.5652173913043478,0.2403846153846154,0.18269230769230768,0.028846153846153848,0.04807692307692308,0.09615384615384616,0.08653846153846154,0.10576923076923077,0.08653846153846154,0.028846153846153848,1.5315465290494423,1.9144331613118029,0.0,0.010869565217391304,0.0,0.0,0.0,audio_308.wav,5.0
116,422,11,10.545454545454545,10.0,23.0,4.0,6.998228819606448,68,0.5862068965517241,6.313641498019764,4.464418717230567,0.8876465020208328,3.6379310344827585,0.5172413793103449,0.13970588235294118,0.19117647058823528,0.058823529411764705,0.051470588235294115,0.11029411764705882,0.058823529411764705,0.16911764705882354,0.051470588235294115,0.014705882352941176,1.931080406192775,2.430497752621941,0.0,0.0603448275862069,0.0,0.0,0.0,audio_184.wav,3.0
103,445,7,14.714285714285714,10.0,43.0,6.0,12.162169516453007,53,0.5145631067961165,5.222245174270754,3.6926849757455735,0.8566394979372215,4.320388349514563,0.5631067961165048,0.21052631578947367,0.17543859649122806,0.07017543859649122,0.05263157894736842,0.11403508771929824,0.08771929824561403,0.09649122807017543,0.02631578947368421,0.05263157894736842,1.7146662227401366,2.4637922423838856,0.0,0.02912621359223301,0.0,0.14285714285714285,0.0,audio_586.wav,2.5
83,390,6,13.833333333333334,12.5,24.0,8.0,5.07991688470939,57,0.6867469879518072,6.256562819412349,4.424057996526097,0.9149574801817912,4.698795180722891,0.6506024096385542,0.26,0.17,0.07,0.04,0.05,0.1,0.1,0.04,0.0,1.3817213251206926,1.9144331613118029,0.0,0.0,0.0,0.0,0.0,audio_398.wav,3.5
129,455,7,18.428571428571427,18.0,40.0,6.0,10.458860124413215,65,0.5038759689922481,5.722930891116555,4.046723241370487,0.858960577603599,3.5271317829457365,0.5426356589147286,0.1773049645390071,0.1702127659574468,0.05673758865248227,0.09219858156028368,0.14184397163120568,0.07801418439716312,0.16312056737588654,0.028368794326241134,0.014184397163120567,2.2092824113718104,2.825826340126734,0.0,0.031007751937984496,0.0,0.14285714285714285,0.0,audio_726.wav,5.0
100,394,12,8.333333333333334,7.5,27.0,2.0,6.624868971450596,63,0.63,6.3,4.4547727214752495,0.8996702747267907,3.94,0.62,0.15702479338842976,0.19008264462809918,0.06611570247933884,0.09917355371900827,0.15702479338842976,0.0743801652892562,0.09090909090909091,0.03305785123966942,0.008264462809917356,1.6647244880972198,2.180789079407358,0.0,0.02,0.16666666666666666,0.08333333333333333,0.08333333333333333,audio_466.wav,3.0
102,422,9,11.333333333333334,10.0,23.0,3.0,7.438637868140466,70,0.6862745098039216,6.931032800836721,4.900980294098034,0.9185989655650391,4.137254901960785,0.5392156862745098,0.2033898305084746,0.1694915254237288,0.059322033898305086,0.03389830508474576,0.13559322033898305,0.07627118644067797,0.1016949152542373,0.05084745762711865,0.01694915254237288,1.6980189778591643,2.264025303812219,0.0,0.0196078431372549,0.2222222222222222,0.0,0.0,audio_218.wav,5.0
82,334,13,6.3076923076923075,4.0,11.0,1.0,3.5384615384615388,46,0.5609756097560976,5.079850199442941,3.5919965234379396,0.8688189970046228,4.073170731707317,0.4878048780487805,0.1111111111111111,0.18181818181818182,0.030303030303030304,0.08080808080808081,0.16161616161616163,0.0707070707070707,0.10101010101010101,0.030303030303030304,0.04040404040404041,1.4074836937864745,1.97391005835908,0.0,0.024390243902439025,0.3076923076923077,0.0,0.23076923076923078,audio_644.wav,3.0
97,352,9,10.777777777777779,11.0,17.0,6.0,3.258417399692262,52,0.5360824742268041,5.2798000586948195,3.733382424812238,0.8637143935755428,3.6288659793814433,0.5154639175257731,0.16379310344827586,0.20689655172413793,0.02586206896551724,0.034482758620689655,0.21551724137931033,0.04310344827586207,0.1206896551724138,0.017241379310344827,0.017241379310344827,1.610760544669545,2.1089339090003323,0.0,0.0,0.0,0.0,0.0,audio_351.wav,3.0
65,299,5,13.0,13.0,21.0,5.0,5.403702434442518,50,0.7692307692307693,6.201736729460423,4.3852900965351465,0.9371490358933444,4.6,0.6,0.25,0.13157894736842105,0.05263157894736842,0.07894736842105263,0.05263157894736842,0.07894736842105263,0.11842105263157894,0.05263157894736842,0.013157894736842105,1.789647577092511,2.2852422907488985,0.0,0.015384615384615385,0.0,0.0,0.0,audio_248.wav,5.0
117,565,13,9.0,9.0,15.0,5.0,3.088439984597651,69,0.5897435897435898,6.379052256590135,4.510671108178233,0.8891121077409948,4.829059829059829,0.6068376068376068,0.291970802919708,0.13138686131386862,0.08759124087591241,0.0072992700729927005,0.10948905109489052,0.10218978102189781,0.08759124087591241,0.021897810218978103,0.0072992700729927005,2.596537949400799,3.61739902352419,0.0,0.0,0.0,0.0,0.0,audio_83.wav,3.0
106,380,2,53.0,53.0,72.0,34.0,19.0,67,0.6320754716981132,6.507615277793669,4.601578892281083,0.9016291484753597,3.5849056603773586,0.5377358490566038,0.24545454545454545,0.15454545454545454,0.09090909090909091,0.02727272727272727,0.1,0.1,0.17272727272727273,0.03636363636363636,0.0,2.3524189968930314,2.95162006213937,0.0,0.018867924528301886,0.0,1.0,0.0,audio_71.wav,2.0
122,495,5,24.4,29.0,42.0,10.0,12.563439019631527,78,0.639344262295082,7.061788191316445,4.993438317382943,0.9068879561770317,4.057377049180328,0.5081967213114754,0.13178294573643412,0.21705426356589147,0.10077519379844961,0.031007751937984496,0.15503875968992248,0.05426356589147287,0.17829457364341086,0.06201550387596899,0.015503875968992248,2.030963875478608,2.763442650241385,0.0,0.01639344262295082,0.0,0.6,0.0,audio_287.wav,5.0
71,260,4,17.75,20.5,26.0,4.0,8.437268515343103,51,0.7183098591549296,6.052586456788652,4.279824927313115,0.9223835113448321,3.6619718309859155,0.6056338028169014,0.20987654320987653,0.20987654320987653,0.07407407407407407,0.037037037037037035,0.12345679012345678,0.09876543209876543,0.09876543209876543,0.024691358024691357,0.0,1.179010295582863,1.41149119893723,0.0,0.028169014084507043,0.0,0.25,0.0,audio_367.wav,2.0
98,450,7,14.0,17.0,22.0,5.0,7.131419413913534,66,0.673469387755102,6.667006794044591,4.714285714285714,0.9137806890707174,4.591836734693878,0.673469387755102,0.2796610169491525,0.11016949152542373,0.1271186440677966,0.0423728813559322,0.0423728813559322,0.0423728813559322,0.0847457627118644,0.05084745762711865,0.03389830508474576,1.6314299983352756,2.530381221907774,0.02040816326530612,0.030612244897959183,0.0,0.0,0.0,audio_166.wav,3.0
82,334,5,16.4,13.0,27.0,7.0,8.475848040166836,56,0.6829268292682927,6.184165460191406,4.37286533288097,0.9134577142018154,4.073170731707317,0.5,0.2222222222222222,0.15555555555555556,0.044444444444444446,0.03333333333333333,0.044444444444444446,0.16666666666666666,0.17777777777777778,0.03333333333333333,0.011111111111111112,1.8197958277851751,2.3302263648468706,0.0,0.012195121951219513,0.0,0.4,0.0,audio_94.wav,2.0
140,572,2,70.0,70.0,79.0,61.0,9.0,76,0.5428571428571428,6.423172335936726,4.541868715470696,0.8763752958878804,4.085714285714285,0.5285714285714286,0.2112676056338028,0.19718309859154928,0.02112676056338028,0.09154929577464789,0.1056338028169014,0.11971830985915492,0.19718309859154928,0.014084507042253521,0.0,3.1069684864624945,3.750554815801154,0.007142857142857143,0.02857142857142857,0.0,1.0,0.0,audio_108.wav,1.0
121,591,11,11.0,10.0,17.0,3.0,3.789938833759242,86,0.7107438016528925,7.818181818181818,5.528289380185735,0.928803552595363,4.884297520661157,0.6198347107438017,0.24285714285714285,0.14285714285714285,0.08571428571428572,0.06428571428571428,0.05714285714285714,0.1,0.11428571428571428,0.03571428571428571,0.0,2.014316630597636,3.0630930580988847,0.03305785123966942,0.0,0.09090909090909091,0.0,0.09090909090909091,audio_511.wav,4.0
86,282,1,86.0,86.0,86.0,86.0,0.0,47,0.5465116279069767,5.068140340561605,3.5837164028162096,0.8643572998783383,3.2790697674418605,0.5116279069767442,0.12222222222222222,0.2222222222222222,0.08888888888888889,0.05555555555555555,0.12222222222222222,0.06666666666666667,0.24444444444444444,0.022222222222222223,0.0,1.4330944842526245,1.533077820363273,0.011627906976744186,0.046511627906976744,0.0,1.0,0.0,audio_5059.wav,0.0
88,327,9,9.777777777777779,9.0,17.0,4.0,4.7557632353405985,52,0.5909090909090909,5.5432186252458715,3.9196474795109273,0.8824986554070333,3.715909090909091,0.5568181818181818,0.17757009345794392,0.18691588785046728,0.028037383177570093,0.06542056074766354,0.12149532710280374,0.04672897196261682,0.12149532710280374,0.06542056074766354,0.009345794392523364,1.9900497512437811,2.600633197648123,0.0,0.056818181818181816,0.0,0.0,0.0,audio_310.wav,5.0
96,402,6,16.0,12.0,29.0,9.0,7.659416862050705,55,0.5729166666666666,5.613413993878117,3.9692831006786773,0.8779639539164439,4.1875,0.5625,0.23809523809523808,0.19047619047619047,0.047619047619047616,0.0380952380952381,0.009523809523809525,0.13333333333333333,0.14285714285714285,0.047619047619047616,0.0,2.127659574468085,2.770390070921986,0.0,0.020833333333333332,0.0,0.16666666666666666,0.0,audio_50.wav,3.0
73,262,4,18.25,18.0,34.0,3.0,11.321991874224253,42,0.5753424657534246,4.915728182237484,3.4759447321299453,0.8711583618380362,3.589041095890411,0.4931506849315068,0.1411764705882353,0.17647058823529413,0.03529411764705882,0.07058823529411765,0.11764705882352941,0.12941176470588237,0.1411764705882353,0.023529411764705882,0.023529411764705882,1.6200621393697292,2.108300044385264,0.0,0.0273972602739726,0.25,0.25,0.0,audio_6.wav,3.0
94,360,6,15.666666666666666,14.5,27.0,8.0,5.90668171555645,60,0.6382978723404256,6.18852747755276,4.375949744936837,0.9011839993742183,3.8297872340425534,0.48936170212765956,0.10810810810810811,0.21621621621621623,0.04504504504504504,0.04504504504504504,0.15315315315315314,0.07207207207207207,0.17117117117117117,0.018018018018018018,0.018018018018018018,1.5648410188113868,2.014316630597636,0.0,0.07446808510638298,0.0,0.16666666666666666,0.0,audio_515.wav,2.5
58,282,5,11.6,10.0,20.0,5.0,4.923413450036469,41,0.7068965517241379,5.383563747248624,3.8067544326295635,0.9145731283652637,4.862068965517241,0.603448275862069,0.23076923076923078,0.16923076923076924,0.06153846153846154,0.07692307692307693,0.15384615384615385,0.046153846153846156,0.09230769230769231,0.06153846153846154,0.0,1.158841158841159,2.057942057942058,0.0,0.0,0.0,0.0,0.0,audio_742.wav,4.5
98,420,9,10.88888888888889,11.0,19.0,6.0,3.8713891978187434,59,0.6020408163265306,5.959900012858044,4.214285714285714,0.8893274516939467,4.285714285714286,0.6326530612244898,0.24545454545454545,0.15454545454545454,0.07272727272727272,0.09090909090909091,0.08181818181818182,0.08181818181818182,0.14545454545454545,0.03636363636363636,0.0,1.6314299983352756,2.247378058931247,0.0,0.04081632653061224,0.0,0.0,0.0,audio_545.wav,2.5
110,472,1,110.0,110.0,110.0,110.0,0.0,53,0.4818181818181818,5.053351723001639,3.573259271055183,0.8446566317872072,4.290909090909091,0.5545454545454546,0.22522522522522523,0.18018018018018017,0.0990990990990991,0.04504504504504504,0.018018018018018018,0.16216216216216217,0.16216216216216217,0.07207207207207207,0.009009009009009009,1.8311969369069419,2.5636757116697186,0.0,0.01818181818181818,0.0,1.0,0.0,audio_489.wav,3.0
127,558,4,31.75,24.0,67.0,12.0,21.358546298847212,83,0.6535433070866141,7.365059028153745,5.207883182646716,0.9121944567642725,4.393700787401575,0.5590551181102362,0.15942028985507245,0.21014492753623187,0.09420289855072464,0.050724637681159424,0.07246376811594203,0.11594202898550725,0.14492753623188406,0.043478260869565216,0.014492753623188406,2.1142000998834694,2.9632095888130516,0.0,0.007874015748031496,0.0,0.5,0.0,audio_697.wav,5.0
103,443,9,11.444444444444445,10.0,21.0,2.0,5.438772555786852,64,0.6213592233009708,6.306107380251476,4.459091291466353,0.8973303711870914,4.300970873786408,0.6019417475728155,0.211864406779661,0.15254237288135594,0.0847457627118644,0.07627118644067797,0.1440677966101695,0.0847457627118644,0.06779661016949153,0.03389830508474576,0.00847457627118644,1.7118165198603954,2.54279541299651,0.0,0.019417475728155338,0.1111111111111111,0.0,0.1111111111111111,audio_225.wav,3.0
108,437,1,108.0,108.0,108.0,108.0,0.0,55,0.5092592592592593,5.292377467571569,3.742275995918744,0.8558780159807242,4.046296296296297,0.5,0.1875,0.1875,0.0625,0.044642857142857144,0.15178571428571427,0.08035714285714286,0.19642857142857142,0.017857142857142856,0.017857142857142856,1.7979024471449976,2.4970867321458297,0.027777777777777776,0.046296296296296294,0.0,1.0,0.0,audio_553.wav,2.0
68,329,4,17.0,13.0,30.0,12.0,7.516648189186454,46,0.6764705882352942,5.578319375835658,3.9444674582777033,0.9073668456138775,4.838235294117647,0.5294117647058824,0.18055555555555555,0.2361111111111111,0.041666666666666664,0.041666666666666664,0.06944444444444445,0.125,0.08333333333333333,0.09722222222222222,0.027777777777777776,1.2781954887218046,1.8045112781954886,0.0,0.0,0.0,0.25,0.0,audio_237.wav,3.0
125,551,10,12.5,13.0,21.0,3.0,5.084289527554465,84,0.672,7.513188404399293,5.312626469082877,0.9176737552516462,4.408,0.544,0.16546762589928057,0.2014388489208633,0.09352517985611511,0.02877697841726619,0.09352517985611511,0.07194244604316546,0.15827338129496402,0.02158273381294964,0.02158273381294964,2.080905610121525,2.7135009155984684,0.0,0.008,0.1,0.0,0.0,audio_197.wav,4.5
152,663,11,13.818181818181818,15.0,20.0,6.0,4.344655689217643,82,0.5394736842105263,6.651078266361265,4.703022544346516,0.8771544683395334,4.3618421052631575,0.5855263157894737,0.25595238095238093,0.16666666666666666,0.06547619047619048,0.041666666666666664,0.047619047619047616,0.13095238095238096,0.08333333333333333,0.05357142857142857,0.02976190476190476,2.530381221907774,3.3960379557183287,0.0,0.006578947368421052,0.0,0.0,0.0,audio_449.wav,4.0
95,382,10,9.5,10.5,14.0,5.0,3.640054944640259,53,0.5578947368421052,5.437685266051317,3.8450241255830617,0.8718487583349431,4.021052631578947,0.6105263157894737,0.2018348623853211,0.1559633027522936,0.09174311926605505,0.08256880733944955,0.06422018348623854,0.12844036697247707,0.09174311926605505,0.045871559633027525,0.01834862385321101,1.5814882636923588,1.9477276510737473,0.0,0.021052631578947368,0.0,0.0,0.0,audio_567.wav,3.0
79,333,6,13.166666666666666,9.5,35.0,2.0,10.699169230469355,53,0.6708860759493671,5.962965874907927,4.216453606131369,0.9086484259814354,4.215189873417722,0.4936708860759494,0.1724137931034483,0.1839080459770115,0.011494252873563218,0.08045977011494253,0.12643678160919541,0.05747126436781609,0.14942528735632185,0.034482758620689655,0.06896551724137931,1.3151323455968038,1.8145496920259696,0.0,0.02531645569620253,0.16666666666666666,0.16666666666666666,0.16666666666666666,audio_477.wav,2.0
84,330,6,14.0,13.5,23.0,4.0,6.0,48,0.5714285714285714,5.237229365663818,3.7032803990902057,0.873699181586223,3.9285714285714284,0.5,0.18947368421052632,0.1368421052631579,0.05263157894736842,0.06315789473684211,0.11578947368421053,0.11578947368421053,0.11578947368421053,0.07368421052631578,0.010526315789473684,1.8469656992084433,2.3087071240105543,0.0,0.023809523809523808,0.0,0.0,0.0,audio_728.wav,3.0
43,236,3,14.333333333333334,14.0,24.0,5.0,7.760297817881877,33,0.7674418604651163,5.032452820975954,3.5584815157134675,0.9296255061987647,5.488372093023256,0.7441860465116279,0.34,0.16,0.04,0.1,0.04,0.04,0.04,0.08,0.0,0.7261060452549815,1.2495778453225261,0.023255813953488372,0.0,0.0,0.0,0.0,audio_377.wav,4.0
110,398,8,13.75,15.0,22.0,2.0,6.179603547154137,57,0.5181818181818182,5.434736758699876,3.84293921604048,0.860135763412122,3.618181818181818,0.5363636363636364,0.08870967741935484,0.1693548387096774,0.0967741935483871,0.12096774193548387,0.16129032258064516,0.06451612903225806,0.0967741935483871,0.04838709677419355,0.03225806451612903,1.8311969369069419,2.3306142833361077,0.0,0.01818181818181818,0.125,0.0,0.125,audio_633.wav,5.0
71,274,4,17.75,16.5,28.0,10.0,7.224091638399945,50,0.704225352112676,5.933908290969266,4.195906791483446,0.9177379297230838,3.859154929577465,0.5633802816901409,0.2077922077922078,0.19480519480519481,0.03896103896103896,0.07792207792207792,0.05194805194805195,0.12987012987012986,0.1038961038961039,0.09090909090909091,0.012987012987012988,1.5485278080697928,1.984732824427481,0.0,0.014084507042253521,0.0,0.25,0.0,audio_690.wav,4.0
147,652,13,11.307692307692308,11.0,21.0,6.0,4.444263638662858,84,0.5714285714285714,6.92820323027551,4.898979485566356,0.8878622688105186,4.4353741496598635,0.6122448979591837,0.23076923076923078,0.17751479289940827,0.08875739644970414,0.03550295857988166,0.11834319526627218,0.0650887573964497,0.09467455621301775,0.023668639053254437,0.023668639053254437,2.4471449975029134,3.695688363575828,0.006802721088435374,0.006802721088435374,0.0,0.0,0.0,audio_525.wav,4.5
82,380,6,13.666666666666666,14.0,26.0,3.0,7.272474743090476,57,0.6951219512195121,6.294596986266253,4.450952213825273,0.9174742117607169,4.634146341463414,0.6219512195121951,0.15053763440860216,0.24731182795698925,0.08602150537634409,0.06451612903225806,0.06451612903225806,0.07526881720430108,0.11827956989247312,0.03225806451612903,0.010752688172043012,1.879871618523613,2.636405318661165,0.0,0.012195121951219513,0.16666666666666666,0.16666666666666666,0.16666666666666666,audio_31.wav,3.0
103,454,8,12.875,9.0,42.0,4.0,11.439378261076953,65,0.6310679611650486,6.404640308067906,4.528764592895515,0.9006755908483358,4.407766990291262,0.5436893203883495,0.17391304347826086,0.17391304347826086,0.0782608695652174,0.06086956521739131,0.11304347826086956,0.034782608695652174,0.14782608695652175,0.06956521739130435,0.0,1.7146662227401366,2.19743632428833,0.0,0.019417475728155338,0.0,0.125,0.125,audio_676.wav,4.0
92,443,7,13.142857142857142,13.0,27.0,2.0,8.903106543361648,63,0.6847826086956522,6.568204042797856,4.644421618879259,0.9162601602871444,4.815217391304348,0.6195652173913043,0.2897196261682243,0.14953271028037382,0.056074766355140186,0.037383177570093455,0.028037383177570093,0.09345794392523364,0.12149532710280374,0.04672897196261682,0.0,1.5328223925358213,2.1826057980673106,0.010869565217391304,0.010869565217391304,0.2857142857142857,0.14285714285714285,0.14285714285714285,audio_263.wav,4.0
0,0,0,0.0,0.0,0.0,0.0,0.0,0,0.0,0.0,0.0,0.0,0.0,0.0,0.0,0.0,0.0,0.0,0.0,0.0,0.0,0.0,0.0,0.0,0.0,0.0,0.0,0.0,0.0,0.0,audio_5070.wav,0.0
128,515,9,14.222222222222221,15.0,19.0,4.0,4.3147750753216885,71,0.5546875,6.2755726830306084,4.4375,0.8785353027863833,4.0234375,0.5546875,0.21014492753623187,0.1956521739130435,0.07246376811594203,0.036231884057971016,0.15217391304347827,0.057971014492753624,0.13043478260869565,0.028985507246376812,0.014492753623188406,2.1308473447644416,2.7967371400033296,0.0078125,0.0078125,0.0,0.0,0.0,audio_510.wav,3.0
93,408,5,18.6,16.0,39.0,6.0,12.306096050332128,64,0.6881720430107527,6.636490846274722,4.692707680683306,0.9175492098169926,4.387096774193548,0.5698924731182796,0.24074074074074073,0.12962962962962962,0.1111111111111111,0.009259259259259259,0.05555555555555555,0.14814814814814814,0.1574074074074074,0.018518518518518517,0.0,1.5481937739304146,2.19743632428833,0.021505376344086023,0.021505376344086023,0.0,0.2,0.0,audio_577.wav,4.0
136,623,5,27.2,25.0,44.0,18.0,8.930845424706442,87,0.6397058823529411,7.460188453699134,5.275149844540242,0.9090620494473156,4.580882352941177,0.5441176470588235,0.2905405405405405,0.13513513513513514,0.060810810810810814,0.013513513513513514,0.0945945945945946,0.06756756756756757,0.14864864864864866,0.060810810810810814,0.02027027027027027,2.4473636854417853,3.509087637214324,0.0,0.0,0.0,0.4,0.0,audio_230.wav,4.5
49,168,9,5.444444444444445,6.0,8.0,1.0,2.1140330656044943,27,0.5510204081632653,3.857142857142857,2.727411870290969,0.8468625510803695,3.4285714285714284,0.6122448979591837,0.12903225806451613,0.24193548387096775,0.06451612903225806,0.04838709677419355,0.14516129032258066,0.0967741935483871,0.11290322580645161,0.0,0.0,0.8157149991676378,1.0321291826202763,0.02040816326530612,0.02040816326530612,0.2222222222222222,0.0,0.1111111111111111,audio_314.wav,3.5
49,216,3,16.333333333333332,13.0,23.0,13.0,4.714045207910316,42,0.8571428571428571,6.0,4.242640687119285,0.960391110580801,4.408163265306122,0.6326530612244898,0.2545454545454545,0.18181818181818182,0.09090909090909091,0.03636363636363636,0.05454545454545454,0.10909090909090909,0.10909090909090909,0.03636363636363636,0.0,0.8165305782369605,1.066488918513581,0.0,0.02040816326530612,0.0,0.0,0.0,audio_641.wav,4.0
128,495,14,9.142857142857142,3.5,37.0,1.0,10.398194505758768,82,0.640625,7.247844507162112,5.125,0.9082217149454406,3.8671875,0.546875,0.18354430379746836,0.1518987341772152,0.0379746835443038,0.06962025316455696,0.12025316455696203,0.0949367088607595,0.10759493670886076,0.0379746835443038,0.0,2.4854368932038833,3.3398058252427183,0.0078125,0.0703125,0.5,0.07142857142857142,0.2857142857142857,audio_689.wav,4.0
110,472,8,13.75,14.0,25.0,4.0,6.036348233824818,60,0.5454545454545454,5.720775535473554,4.0451991747794525,0.8710481150008734,4.290909090909091,0.5636363636363636,0.2125984251968504,0.15748031496062992,0.07874015748031496,0.03937007874015748,0.05511811023622047,0.09448818897637795,0.14173228346456693,0.06299212598425197,0.023622047244094488,1.8311969369069419,2.430497752621941,0.0,0.01818181818181818,0.0,0.0,0.0,audio_352.wav,4.5
43,186,3,14.333333333333334,14.0,21.0,8.0,5.312459150169743,35,0.813953488372093,5.3374499616411635,3.7741470621203446,0.9452695820822632,4.325581395348837,0.5581395348837209,0.29411764705882354,0.13725490196078433,0.0196078431372549,0.0196078431372549,0.0784313725490196,0.058823529411764705,0.1568627450980392,0.058823529411764705,0.0196078431372549,1.8174133558748944,2.240067624683009,0.0,0.023255813953488372,0.0,0.0,0.3333333333333333,audio_193.wav,4.0
0,0,1,1.0,1.0,1.0,1.0,0.0,0,0.0,0.0,0.0,1.0,0.0,0.0,0.0,0.0,0.0,0.0,0.0,0.0,0.0,0.0,0.0,0.0,0.0,0.0,0.0,1.0,0.0,1.0,audio_5049.wav,0.0
108,487,6,18.0,16.5,32.0,9.0,7.593857166596345,67,0.6203703703703703,6.447078005950821,4.55877257684647,0.8980296398000578,4.5092592592592595,0.6481481481481481,0.24822695035460993,0.1276595744680851,0.09219858156028368,0.028368794326241134,0.05673758865248227,0.06382978723404255,0.12056737588652482,0.02127659574468085,0.0,1.7979024471449976,2.5636757116697186,0.0,0.046296296296296294,0.0,0.16666666666666666,0.0,audio_300.wav,5.0
50,239,1,50.0,50.0,50.0,50.0,0.0,29,0.58,4.1012193308819755,2.9,0.8607556308626424,4.78,0.56,0.17307692307692307,0.21153846153846154,0.09615384615384616,0.057692307692307696,0.07692307692307693,0.15384615384615385,0.11538461538461539,0.057692307692307696,0.0,0.8323622440486099,1.4483103046445813,0.0,0.0,0.0,1.0,0.0,audio_581.wav,1.5
68,243,3,22.666666666666668,25.0,25.0,18.0,3.299831645537222,34,0.5,4.123105625617661,2.91547594742265,0.8357279500379498,3.573529411764706,0.5588235294117647,0.19444444444444445,0.2222222222222222,0.05555555555555555,0.05555555555555555,0.18055555555555555,0.06944444444444445,0.09722222222222222,0.027777777777777776,0.0,1.1320126519061096,1.348426835358748,0.014705882352941176,0.04411764705882353,0.0,0.0,0.0,audio_164.wav,2.5
133,493,2,66.5,66.5,105.0,28.0,38.5,56,0.42105263157894735,4.8558158293350715,3.433580301115809,0.8231215369686422,3.706766917293233,0.5413533834586466,0.15172413793103448,0.16551724137931034,0.09655172413793103,0.08275862068965517,0.15172413793103448,0.1103448275862069,0.08275862068965517,0.04827586206896552,0.020689655172413793,2.2140835691693024,2.7800898951223574,0.007518796992481203,0.0,0.0,1.0,0.0,audio_502.wav,3.0
124,475,6,20.666666666666668,17.5,36.0,10.0,8.711422896914653,70,0.5645161290322581,6.286185570937122,4.445004445006667,0.8813790614150757,3.8306451612903225,0.6048387096774194,0.2097902097902098,0.1888111888111888,0.07692307692307693,0.04895104895104895,0.09090909090909091,0.11188811188811189,0.11888111888111888,0.04195804195804196,0.013986013986013986,2.113516277484234,2.45440599965911,0.0,0.03225806451612903,0.0,0.3333333333333333,0.0,audio_380.wav,4.0
79,335,11,7.181818181818182,6.0,15.0,3.0,3.4855071841237844,46,0.5822784810126582,5.17540434425971,3.659563507208358,0.8762300239668536,4.2405063291139244,0.569620253164557,0.20430107526881722,0.15053763440860216,0.07526881720430108,0.053763440860215055,0.06451612903225806,0.16129032258064516,0.07526881720430108,0.06451612903225806,0.0,1.8236380424746075,2.65466297322253,0.0,0.012658227848101266,0.09090909090909091,0.0,0.0,audio_15.wav,2.0
32,150,1,32.0,32.0,32.0,32.0,0.0,22,0.6875,3.8890872965260113,2.75,0.8918863237274595,4.6875,0.625,0.25,0.28125,0.0625,0.03125,0.0625,0.09375,0.09375,0.0625,0.0,1.1585807385952207,1.5930485155684286,0.0,0.03125,0.0,1.0,0.0,audio_238.wav,4.0
79,351,9,8.777777777777779,7.0,16.0,4.0,4.184037863058385,46,0.5822784810126582,5.17540434425971,3.659563507208358,0.8762300239668536,4.443037974683544,0.6582278481012658,0.18085106382978725,0.14893617021276595,0.10638297872340426,0.11702127659574468,0.09574468085106383,0.10638297872340426,0.0425531914893617,0.0425531914893617,0.010638297872340425,2.004058853373922,2.8919330289193304,0.0,0.012658227848101266,0.0,0.0,0.0,audio_53.wav,3.0
53,225,4,13.25,8.5,31.0,5.0,10.497023387608508,38,0.7169811320754716,5.219701430050183,3.690886276957604,0.9162011859404885,4.245283018867925,0.6415094339622641,0.2,0.23333333333333334,0.05,0.08333333333333333,0.11666666666666667,0.06666666666666667,0.03333333333333333,0.1,0.0,1.9064748201438848,2.9136690647482015,0.0,0.018867924528301886,0.0,0.25,0.0,audio_283.wav,4.0
104,456,7,14.857142857142858,14.0,30.0,7.0,7.548482750641661,69,0.6634615384615384,6.766006662267349,4.784289192442602,0.9116602363035454,4.384615384615385,0.5769230769230769,0.21367521367521367,0.1452991452991453,0.08547008547008547,0.06837606837606838,0.05128205128205128,0.13675213675213677,0.10256410256410256,0.03418803418803419,0.017094017094017096,1.7313134676211086,2.3805560179790244,0.0,0.009615384615384616,0.0,0.14285714285714285,0.0,audio_614.wav,4.5
103,344,7,14.714285714285714,13.0,27.0,11.0,5.2020404160094635,58,0.5631067961165048,5.7149098133529,4.041051482891382,0.8760907101274585,3.3398058252427183,0.47572815533980584,0.14655172413793102,0.16379310344827586,0.034482758620689655,0.07758620689655173,0.0603448275862069,0.12931034482758622,0.14655172413793102,0.06896551724137931,0.017241379310344827,2.285841100754549,2.5299600532623168,0.009708737864077669,0.05825242718446602,0.0,0.14285714285714285,0.14285714285714285,audio_121.wav,2.5
134,576,1,134.0,134.0,134.0,134.0,0.0,68,0.5074626865671642,5.874305293953249,4.153761108114377,0.8615038215864874,4.298507462686567,0.5074626865671642,0.1891891891891892,0.16891891891891891,0.06756756756756757,0.033783783783783786,0.060810810810810814,0.19594594594594594,0.12837837837837837,0.02702702702702703,0.02702702702702703,2.2307308140502746,2.9632095888130516,0.0,0.0,0.0,1.0,0.0,audio_216.wav,4.0
127,463,8,15.875,13.0,35.0,4.0,9.532018411648187,74,0.5826771653543307,6.566438169679242,4.643172958022373,0.888501004685745,3.645669291338583,0.49606299212598426,0.19310344827586207,0.14482758620689656,0.06206896551724138,0.034482758620689655,0.12413793103448276,0.07586206896551724,0.1310344827586207,0.04827586206896552,0.006896551724137931,2.1142000998834694,2.696853670717496,0.0,0.031496062992125984,0.0,0.125,0.125,audio_552.wav,2.0
94,382,2,47.0,47.0,67.0,27.0,20.0,50,0.5319148936170213,5.157106231293967,3.646624787447364,0.8610541892845328,4.0638297872340425,0.48936170212765956,0.2222222222222222,0.12121212121212122,0.06060606060606061,0.06060606060606061,0.08080808080808081,0.1111111111111111,0.16161616161616163,0.10101010101010101,0.010101010101010102,1.5648410188113868,1.9643748959547196,0.010638297872340425,0.05319148936170213,0.0,1.0,0.0,audio_514.wav,2.5
136,667,5,27.2,30.0,38.0,11.0,8.885943956609225,93,0.6838235294117647,7.974684209126661,5.638953282094741,0.922637473744331,4.904411764705882,0.5735294117647058,0.273972602739726,0.17123287671232876,0.07534246575342465,0.0136986301369863,0.07534246575342465,0.0958904109589041,0.15753424657534246,0.06164383561643835,0.00684931506849315,2.264025303812219,3.8288663226236057,0.0,0.007352941176470588,0.0,0.8,0.0,audio_593.wav,5.0
67,266,9,7.444444444444445,7.0,11.0,4.0,1.8324913891634047,35,0.5223880597014925,4.275930552470682,3.0235394895347603,0.8455666997138052,3.970149253731343,0.6119402985074627,0.2125,0.2125,0.05,0.0375,0.1875,0.0625,0.1,0.0125,0.0,1.1153654070251373,1.6980189778591643,0.0,0.0,0.0,0.0,0.0,audio_565.wav,3.0
48,208,3,16.0,18.0,20.0,10.0,4.320493798938574,35,0.7291666666666666,5.0518148554092255,3.572172541558802,0.9184095714667107,4.333333333333333,0.5208333333333334,0.21568627450980393,0.19607843137254902,0.0784313725490196,0.0,0.09803921568627451,0.13725490196078433,0.11764705882352941,0.058823529411764705,0.0,0.7989347536617843,1.1151797603195739,0.0,0.0,0.0,0.0,0.0,audio_140.wav,3.0
68,322,3,22.666666666666668,11.0,48.0,9.0,17.93197020841702,51,0.75,6.18465843842649,4.373213921133975,0.9318209391823413,4.735294117647059,0.5882352941176471,0.27631578947368424,0.15789473684210525,0.02631578947368421,0.06578947368421052,0.06578947368421052,0.09210526315789473,0.10526315789473684,0.06578947368421052,0.013157894736842105,1.5090989791389258,2.263648468708389,0.0,0.0,0.0,0.3333333333333333,0.3333333333333333,audio_117.wav,2.5
131,540,10,13.1,10.0,33.0,2.0,8.263776376451627,75,0.5725190839694656,6.552780424957784,4.633515474114116,0.8856027412448122,4.122137404580153,0.5343511450381679,0.23448275862068965,0.1310344827586207,0.06896551724137931,0.04827586206896552,0.1103448275862069,0.12413793103448276,0.10344827586206896,0.04827586206896552,0.013793103448275862,2.180789079407358,2.9465623439320794,0.0,0.007633587786259542,0.1,0.1,0.1,audio_495.wav,4.0
89,342,9,9.88888888888889,10.0,21.0,2.0,5.68515502465157,54,0.6067415730337079,5.723988552034344,4.047471120577652,0.8886850522049123,3.842696629213483,0.5617977528089888,0.17117117117117117,0.16216216216216217,0.036036036036036036,0.08108108108108109,0.15315315315315314,0.05405405405405406,0.12612612612612611,0.036036036036036036,0.0,1.4816047944065258,1.8977859164308306,0.0,0.02247191011235955,0.1111111111111111,0.0,0.1111111111111111,audio_652.wav,3.0
105,380,8,13.125,11.5,28.0,4.0,8.069038046756255,55,0.5238095238095238,5.367450401216932,3.7953605763829485,0.8610587292813603,3.619047619047619,0.4380952380952381,0.12931034482758622,0.19827586206896552,0.017241379310344827,0.05172413793103448,0.29310344827586204,0.05172413793103448,0.09482758620689655,0.04310344827586207,0.008620689655172414,2.144607843137255,2.5531045751633985,0.0,0.05714285714285714,0.0,0.125,0.125,audio_645.wav,3.0
66,258,5,13.2,12.0,21.0,8.0,4.791659420284375,40,0.6060606060606061,4.923659639173309,3.481553119113957,0.8804733757917539,3.909090909090909,0.6060606060606061,0.22077922077922077,0.12987012987012986,0.09090909090909091,0.07792207792207792,0.07792207792207792,0.12987012987012986,0.07792207792207792,0.06493506493506493,0.0,1.0985352862849533,1.481358189081225,0.0,0.030303030303030304,0.0,0.0,0.0,audio_242.wav,2.0
101,361,10,10.1,8.5,18.0,3.0,5.3188344587888805,54,0.5346534653465347,5.3732008271339415,3.7994267415435763,0.864329334847894,3.5742574257425743,0.43564356435643564,0.19298245614035087,0.14035087719298245,0.02631578947368421,0.02631578947368421,0.09649122807017543,0.14035087719298245,0.16666666666666666,0.043859649122807015,0.008771929824561403,2.241455836662228,2.5521526853084775,0.0,0.04950495049504951,0.1,0.0,0.1,audio_4.wav,2.5
97,315,4,24.25,20.0,44.0,13.0,11.776565713313877,42,0.4329896907216495,4.264453893561201,3.0154242661945,0.8170285807883206,3.247422680412371,0.5154639175257731,0.17307692307692307,0.19230769230769232,0.057692307692307696,0.057692307692307696,0.1346153846153846,0.09615384615384616,0.17307692307692307,0.04807692307692308,0.0,2.152685308477585,2.507767421216156,0.0,0.0,0.0,0.25,0.0,audio_93.wav,2.0
34,147,1,34.0,34.0,34.0,34.0,0.0,23,0.6764705882352942,3.9444674582777033,2.789159687917829,0.8891587215888662,4.323529411764706,0.5,0.1891891891891892,0.16216216216216217,0.05405405405405406,0.05405405405405406,0.16216216216216217,0.08108108108108109,0.13513513513513514,0.08108108108108109,0.0,0.5660063259530548,0.7824205094056934,0.0,0.0,0.0,1.0,0.0,audio_582.wav,2.0
97,370,8,12.125,8.0,31.0,1.0,9.955369154380966,64,0.6597938144329897,6.498215456855163,4.594932215153524,0.9091029144578332,3.814432989690722,0.5670103092783505,0.14782608695652175,0.14782608695652175,0.09565217391304348,0.08695652173913043,0.11304347826086956,0.043478260869565216,0.12173913043478261,0.0782608695652174,0.0,1.6463000678886626,2.291242362525458,0.010309278350515464,0.010309278350515464,0.25,0.125,0.125,audio_222.wav,5.0
0,0,1,1.0,1.0,1.0,1.0,0.0,0,0.0,0.0,0.0,1.0,0.0,0.0,0.0,0.0,0.0,0.0,0.0,0.0,0.0,0.0,0.0,0.0,0.0,0.0,0.0,1.0,0.0,1.0,audio_5042.wav,0.0
59,259,1,59.0,59.0,59.0,59.0,0.0,43,0.7288135593220338,5.598123172175427,3.9584708569627907,0.9224195160525247,4.389830508474576,0.6271186440677966,0.2112676056338028,0.22535211267605634,0.014084507042253521,0.07042253521126761,0.11267605633802817,0.08450704225352113,0.07042253521126761,0.028169014084507043,0.0,0.9820239680426098,1.4647137150466045,0.0,0.0,0.0,1.0,0.0,audio_253.wav,3.5
115,468,11,10.454545454545455,7.0,39.0,4.0,9.442299761890025,62,0.5391304347826087,5.781529811089945,4.08815893505388,0.8697984024628681,4.069565217391304,0.6086956521739131,0.2357142857142857,0.17142857142857143,0.07142857142857142,0.02142857142857143,0.1,0.07142857142857142,0.1357142857142857,0.02142857142857143,0.007142857142857143,1.9144331613118029,2.513733977026802,0.0,0.017391304347826087,0.0,0.09090909090909091,0.09090909090909091,audio_167.wav,3.0
106,422,7,15.142857142857142,10.0,53.0,7.0,15.560284347645831,56,0.5283018867924528,5.439200829200679,3.8460957905632926,0.8631723518845675,3.981132075471698,0.5188679245283019,0.17391304347826086,0.19130434782608696,0.06956521739130435,0.043478260869565216,0.14782608695652175,0.06956521739130435,0.12173913043478261,0.06086956521739131,0.0,1.764607957383053,2.4970867321458297,0.0,0.02830188679245283,0.0,0.14285714285714285,0.0,audio_583.wav,3.0
122,530,11,11.090909090909092,12.0,19.0,3.0,4.3787616650153804,71,0.5819672131147541,6.428037969018815,4.545309237617808,0.887314988287692,4.344262295081967,0.5573770491803278,0.23741007194244604,0.15827338129496402,0.07194244604316546,0.02158273381294964,0.05755395683453238,0.1366906474820144,0.14388489208633093,0.02158273381294964,0.02877697841726619,2.030963875478608,2.7301481604794406,0.0,0.0,0.09090909090909091,0.0,0.09090909090909091,audio_682.wav,5.0
22,85,1,22.0,22.0,22.0,22.0,0.0,17,0.7727272727272727,3.624412178045377,2.5628464289109907,0.9165882988692126,3.8636363636363638,0.45454545454545453,0.2916666666666667,0.08333333333333333,0.041666666666666664,0.0,0.041666666666666664,0.20833333333333334,0.16666666666666666,0.041666666666666664,0.0,0.3662393873813884,0.41618112202430496,0.0,0.0,0.0,0.0,0.0,audio_5045.wav,0.0
128,475,1,128.0,128.0,128.0,128.0,0.0,63,0.4921875,5.568465901844061,3.9375,0.8538971319285595,3.7109375,0.5,0.23880597014925373,0.19402985074626866,0.03731343283582089,0.007462686567164179,0.11940298507462686,0.1044776119402985,0.1865671641791045,0.05223880597014925,0.0,2.1308473447644416,2.7800898951223574,0.0078125,0.0234375,0.0,1.0,0.0,audio_173.wav,3.0
152,690,7,21.714285714285715,17.0,40.0,12.0,10.23599092438449,106,0.6973684210526315,8.597735319930415,6.0795169475698865,0.9282543792117307,4.5394736842105265,0.631578947368421,0.2261904761904762,0.1488095238095238,0.08928571428571429,0.10714285714285714,0.05357142857142857,0.08333333333333333,0.125,0.05357142857142857,0.0,2.532911181469755,3.8160306615564075,0.0,0.013157894736842105,0.0,0.2857142857142857,0.0,audio_338.wav,5.0
125,560,9,13.88888888888889,13.0,33.0,3.0,9.723333269848526,72,0.576,6.439875775199394,4.553679830642467,0.8857473543973832,4.48,0.592,0.23404255319148937,0.19858156028368795,0.0425531914893617,0.04964539007092199,0.0425531914893617,0.09929078014184398,0.1276595744680851,0.05673758865248227,0.0,2.080905610121525,2.8300316297652737,0.0,0.008,0.1111111111111111,0.2222222222222222,0.0,audio_188.wav,5.0
102,422,5,20.4,18.0,35.0,8.0,8.912911982062877,53,0.5196078431372549,5.247781977776374,3.710742222674226,0.8584465409500972,4.137254901960785,0.5392156862745098,0.22033898305084745,0.11864406779661017,0.05084745762711865,0.07627118644067797,0.07627118644067797,0.09322033898305085,0.11016949152542373,0.0423728813559322,0.03389830508474576,2.263648468708389,2.97381269418553,0.0,0.0392156862745098,0.0,0.2,0.0,audio_59.wav,3.0
116,512,16,7.25,5.5,29.0,3.0,6.378675411086537,67,0.5775862068965517,6.220793828931238,4.398765500800706,0.8845298922186545,4.413793103448276,0.5775862068965517,0.21428571428571427,0.19285714285714287,0.02857142857142857,0.04285714285714286,0.06428571428571428,0.1,0.1,0.014285714285714285,0.05,1.931080406192775,2.413850507740969,0.0,0.017241379310344827,0.3125,0.0625,0.25,audio_318.wav,5.0
109,445,4,27.25,29.0,44.0,7.0,13.216939887886303,55,0.5045871559633027,5.268044568716332,3.72507003813228,0.8541965519999648,4.08256880733945,0.5137614678899083,0.1885245901639344,0.1557377049180328,0.08196721311475409,0.03278688524590164,0.19672131147540983,0.08196721311475409,0.08196721311475409,0.040983606557377046,0.01639344262295082,2.4716553287981857,3.310657596371882,0.0,0.009174311926605505,0.0,0.75,0.0,audio_17.wav,2.0
115,468,13,8.846153846153847,10.0,17.0,1.0,4.203408028404385,61,0.5304347826086957,5.688279330265914,4.022220887714301,0.8663714786561857,4.069565217391304,0.4956521739130435,0.16911764705882354,0.15441176470588236,0.051470588235294115,0.04411764705882353,0.125,0.08823529411764706,0.125,0.022058823529411766,0.051470588235294115,1.9144331613118029,2.7800898951223574,0.0,0.008695652173913044,0.15384615384615385,0.0,0.07692307692307693,audio_551.wav,2.0
57,240,3,19.0,17.0,28.0,12.0,6.683312551921141,35,0.6140350877192983,4.635863249727653,3.2780503405359287,0.8793724902216365,4.2105263157894735,0.5789473684210527,0.2698412698412698,0.15873015873015872,0.06349206349206349,0.031746031746031744,0.047619047619047616,0.15873015873015872,0.12698412698412698,0.06349206349206349,0.015873015873015872,1.460789338800615,1.7683239364428496,0.0,0.05263157894736842,0.0,0.3333333333333333,0.0,audio_275.wav,4.0
130,545,9,14.444444444444445,12.0,49.0,5.0,12.781158972931918,76,0.5846153846153846,6.665640946733422,4.713319914389921,0.8897180665831737,4.1923076923076925,0.6,0.1643835616438356,0.18493150684931506,0.0958904109589041,0.08904109589041095,0.11643835616438356,0.0821917808219178,0.11643835616438356,0.04794520547945205,0.0136986301369863,2.164141834526386,3.079740302979857,0.007692307692307693,0.007692307692307693,0.0,0.1111111111111111,0.0,audio_368.wav,5.0
51,232,2,25.5,25.5,40.0,11.0,14.5,36,0.7058823529411765,5.041008302500835,3.5645311547160277,0.9114134941872086,4.549019607843137,0.5490196078431373,0.21818181818181817,0.16363636363636364,0.10909090909090909,0.01818181818181818,0.10909090909090909,0.07272727272727272,0.10909090909090909,0.12727272727272726,0.0,0.8490094889295822,1.348426835358748,0.0,0.0196078431372549,0.0,0.5,0.0,audio_730.wav,3.0
0,0,1,1.0,1.0,1.0,1.0,0.0,0,0.0,0.0,0.0,1.0,0.0,0.0,0.0,0.0,0.0,0.0,0.0,0.0,0.0,0.0,0.0,0.0,0.0,0.0,0.0,1.0,0.0,1.0,audio_5060.wav,0.0
114,419,6,19.0,21.0,26.0,6.0,6.831300510639732,60,0.5263157894736842,5.619514869490164,3.9735970711951314,0.8644790979166055,3.675438596491228,0.43859649122807015,0.1557377049180328,0.1557377049180328,0.07377049180327869,0.02459016393442623,0.13934426229508196,0.11475409836065574,0.14754098360655737,0.05737704918032787,0.00819672131147541,1.8977859164308306,2.2973197935741636,0.0,0.008771929824561403,0.0,0.16666666666666666,0.0,audio_685.wav,3.0
66,243,3,22.0,19.0,41.0,6.0,14.445299120013633,41,0.6212121212121212,5.046751130152642,3.5685919470918055,0.8863670863981864,3.6818181818181817,0.48484848484848486,0.18571428571428572,0.18571428571428572,0.04285714285714286,0.04285714285714286,0.17142857142857143,0.1,0.12857142857142856,0.07142857142857142,0.0,1.4647137150466045,1.8419884598313359,0.0,0.015151515151515152,0.0,0.3333333333333333,0.0,audio_7.wav,3.0
132,545,9,14.666666666666666,13.0,28.0,9.0,5.734883511361751,82,0.6212121212121212,7.137183894183611,5.046751130152642,0.9024980568800257,4.128787878787879,0.5303030303030303,0.1513157894736842,0.17763157894736842,0.05263157894736842,0.07894736842105263,0.1513157894736842,0.07894736842105263,0.14473684210526316,0.039473684210526314,0.006578947368421052,2.162870719318368,3.113223005079469,0.007575757575757576,0.022727272727272728,0.0,0.1111111111111111,0.0,audio_204.wav,5.0
47,190,3,15.666666666666666,11.0,30.0,6.0,10.338708279513881,40,0.851063829787234,5.834599659915782,4.125684985035173,0.9581137752940967,4.042553191489362,0.5531914893617021,0.18518518518518517,0.16666666666666666,0.037037037037037035,0.09259259259259259,0.07407407407407407,0.05555555555555555,0.18518518518518517,0.05555555555555555,0.018518518518518517,0.7824205094056934,0.9821874479773598,0.0,0.0,0.0,0.3333333333333333,0.3333333333333333,audio_5064.wav,0.0
83,398,3,27.666666666666668,26.0,43.0,14.0,11.897712198383164,67,0.8072289156626506,7.354205419309253,5.20020852223243,0.9515375168708756,4.795180722891566,0.6506024096385542,0.31958762886597936,0.09278350515463918,0.08247422680412371,0.061855670103092786,0.020618556701030927,0.08247422680412371,0.15463917525773196,0.030927835051546393,0.010309278350515464,1.8419884598313359,2.8850421660008876,0.0,0.024096385542168676,0.0,0.6666666666666666,0.0,audio_127.wav,3.5
43,190,1,43.0,43.0,43.0,43.0,0.0,29,0.6744186046511628,4.422458539645535,3.127150422899714,0.8952716490506508,4.4186046511627906,0.4883720930232558,0.17777777777777778,0.17777777777777778,0.1111111111111111,0.0,0.044444444444444446,0.1111111111111111,0.2222222222222222,0.1111111111111111,0.0,1.2748295286095466,1.5713015120071154,0.0,0.023255813953488372,0.0,1.0,0.0,audio_412.wav,2.0
69,300,2,34.5,34.5,55.0,14.0,20.5,43,0.6231884057971014,5.176591682688076,3.660403082262619,0.8883102282877792,4.3478260869565215,0.6086956521739131,0.2631578947368421,0.15789473684210525,0.05263157894736842,0.07894736842105263,0.11842105263157894,0.02631578947368421,0.10526315789473684,0.06578947368421052,0.0,1.5312916111850865,2.152685308477585,0.0,0.043478260869565216,0.0,0.5,0.0,audio_132.wav,2.0
98,404,7,14.0,12.0,33.0,4.0,8.41766849294642,52,0.5306122448979592,5.252793231671496,3.7142857142857144,0.8617822780560059,4.122448979591836,0.5612244897959183,0.2072072072072072,0.17117117117117117,0.09009009009009009,0.02702702702702703,0.08108108108108109,0.08108108108108109,0.0990990990990991,0.06306306306306306,0.036036036036036036,1.6311584553928096,2.163781624500666,0.0,0.0,0.0,0.14285714285714285,0.0,audio_156.wav,3.5
81,376,5,16.2,17.0,32.0,6.0,9.45304183847718,42,0.5185185185185185,4.666666666666667,3.2998316455372216,0.8505433756832199,4.6419753086419755,0.5308641975308642,0.25,0.20652173913043478,0.010869565217391304,0.0,0.021739130434782608,0.10869565217391304,0.11956521739130435,0.05434782608695652,0.06521739130434782,1.348426835358748,1.8811386715498586,0.0,0.012345679012345678,0.0,0.2,0.0,audio_426.wav,2.0
108,444,4,27.0,29.0,40.0,10.0,11.157956802210698,62,0.5740740740740741,5.965952781626132,4.218565668126584,0.881464910922625,4.111111111111111,0.5370370370370371,0.1826086956521739,0.22608695652173913,0.06956521739130435,0.02608695652173913,0.11304347826086956,0.043478260869565216,0.19130434782608696,0.05217391304347826,0.017391304347826087,1.7997000499916682,2.3829361773037827,0.0,0.0,0.0,0.5,0.0,audio_709.wav,4.0
89,348,7,12.714285714285714,13.0,22.0,7.0,5.5217565971679115,54,0.6067415730337079,5.723988552034344,4.047471120577652,0.8886850522049123,3.9101123595505616,0.5617977528089888,0.16494845360824742,0.18556701030927836,0.061855670103092786,0.10309278350515463,0.1134020618556701,0.061855670103092786,0.16494845360824742,0.05154639175257732,0.010309278350515464,1.5760580839383744,2.1250221356472463,0.0,0.0,0.0,0.0,0.0,audio_291.wav,5.0
118,547,8,14.75,15.5,20.0,10.0,3.072051431861127,84,0.711864406779661,7.732826790345916,5.4679342611946025,0.9287591085188495,4.635593220338983,0.6101694915254238,0.2517482517482518,0.16783216783216784,0.055944055944055944,0.027972027972027972,0.04195804195804196,0.11888111888111888,0.1048951048951049,0.02097902097902098,0.013986013986013986,1.9643748959547196,2.846678874646246,0.0,0.0,0.0,0.0,0.0,audio_523.wav,3.5
105,421,5,21.0,26.0,32.0,2.0,11.171392035015153,67,0.638095238095238,6.538530488755173,4.623439247593773,0.9034655010003789,4.0095238095238095,0.6,0.21666666666666667,0.125,0.08333333333333333,0.1,0.06666666666666667,0.11666666666666667,0.1,0.03333333333333333,0.0,1.7479607125020808,2.413850507740969,0.0,0.02857142857142857,0.2,0.6,0.2,audio_632.wav,4.5
103,406,7,14.714285714285714,16.0,21.0,5.0,5.364280958719596,61,0.5922330097087378,6.010508596802189,4.250071387178868,0.8869717894214079,3.941747572815534,0.5339805825242718,0.168141592920354,0.22123893805309736,0.05309734513274336,0.04424778761061947,0.1415929203539823,0.07964601769911504,0.1504424778761062,0.02654867256637168,0.017699115044247787,1.7823152794601143,2.336044298321509,0.0,0.02912621359223301,0.0,0.0,0.0,audio_684.wav,3.0
39,136,4,9.75,8.5,17.0,5.0,4.437059837324712,28,0.717948717948718,4.48358830654244,3.170375695604868,0.9095532795784934,3.4871794871794872,0.5128205128205128,0.23809523809523808,0.19047619047619047,0.023809523809523808,0.023809523809523808,0.11904761904761904,0.09523809523809523,0.11904761904761904,0.047619047619047616,0.023809523809523808,0.6492425503579158,0.7990677542866655,0.0,0.02564102564102564,0.0,0.0,0.0,audio_512.wav,2.5
142,596,7,20.285714285714285,15.0,52.0,6.0,14.279998856685486,94,0.6619718309859155,7.888304767988878,5.5778737935111105,0.9167581373327962,4.197183098591549,0.6197183098591549,0.21052631578947367,0.15789473684210525,0.09941520467836257,0.04678362573099415,0.07602339181286549,0.10526315789473684,0.11695906432748537,0.029239766081871343,0.017543859649122806,2.366272287952008,3.049491751374771,0.0,0.028169014084507043,0.0,0.2857142857142857,0.14285714285714285,audio_764.wav,5.0
135,579,10,13.5,12.5,25.0,7.0,5.315072906367325,67,0.4962962962962963,5.766441871019932,4.077490150316237,0.8571777951916303,4.288888888888889,0.5407407407407407,0.24,0.15333333333333332,0.06666666666666667,0.02666666666666667,0.04,0.17333333333333334,0.08666666666666667,0.05333333333333334,0.03333333333333333,2.247378058931247,2.8799733644081904,0.014814814814814815,0.0,0.0,0.0,0.0,audio_585.wav,3.0
105,394,1,105.0,105.0,105.0,105.0,0.0,57,0.5428571428571428,5.562630415806639,3.933373688251419,0.8687335008553961,3.7523809523809524,0.4857142857142857,0.19642857142857142,0.15178571428571427,0.08928571428571429,0.017857142857142856,0.08928571428571429,0.1875,0.14285714285714285,0.044642857142857144,0.026785714285714284,1.7204653449123382,2.2611830247419302,0.0,0.02857142857142857,0.0,1.0,0.0,audio_562.wav,2.0
116,460,6,19.333333333333332,13.0,55.0,7.0,16.789547012617373,65,0.5603448275862069,6.035098490754186,4.267459067940983,0.8781546372477846,3.9655172413793105,0.5086206896551724,0.21951219512195122,0.18699186991869918,0.032520325203252036,0.04065040650406504,0.16260162601626016,0.08130081300813008,0.17886178861788618,0.04065040650406504,0.0,1.931080406192775,2.580322956550691,0.0,0.008620689655172414,0.0,0.16666666666666666,0.0,audio_465.wav,3.5
93,389,10,9.3,8.5,15.0,4.0,4.648655719667784,54,0.5806451612903226,5.599539151544296,3.959472105576539,0.8800654133659629,4.182795698924731,0.5483870967741935,0.2,0.17142857142857143,0.05714285714285714,0.05714285714285714,0.11428571428571428,0.09523809523809523,0.09523809523809523,0.02857142857142857,0.05714285714285714,2.0639147802929427,2.6631158455392807,0.0,0.021505376344086023,0.0,0.0,0.0,audio_37.wav,3.0
92,364,6,15.333333333333334,11.0,33.0,6.0,9.568466729604882,65,0.7065217391304348,6.776718456854931,4.7918635750341565,0.923171704905292,3.9565217391304346,0.532608695652174,0.1782178217821782,0.19801980198019803,0.0594059405940594,0.04950495049504951,0.10891089108910891,0.09900990099009901,0.10891089108910891,0.039603960396039604,0.009900990099009901,2.039007092198582,2.4601063829787235,0.0,0.010869565217391304,0.0,0.16666666666666666,0.0,audio_47.wav,3.0
80,333,7,11.428571428571429,12.0,16.0,5.0,3.8119040183218096,44,0.55,4.919349550499537,3.478505426185217,0.8635706601997611,4.1625,0.4875,0.1797752808988764,0.15730337078651685,0.056179775280898875,0.0449438202247191,0.1348314606741573,0.11235955056179775,0.12359550561797752,0.056179775280898875,0.02247191011235955,1.3315579227696406,1.8308921438082557,0.0,0.025,0.0,0.0,0.0,audio_233.wav,3.0
121,494,6,20.166666666666668,23.0,34.0,7.0,10.073342157507716,83,0.6859504132231405,7.545454545454546,5.3354420762257675,0.9213998329959927,4.082644628099174,0.5867768595041323,0.16176470588235295,0.16176470588235295,0.08823529411764706,0.11029411764705882,0.0661764705882353,0.10294117647058823,0.1323529411764706,0.0661764705882353,0.0,2.014316630597636,2.6635591809555517,0.0,0.008264462809917356,0.0,0.3333333333333333,0.0,audio_621.wav,5.0
91,338,6,15.166666666666666,16.0,22.0,6.0,5.927806414592913,53,0.5824175824175825,5.555909634626167,3.9286213783038364,0.8801630615664778,3.7142857142857144,0.5164835164835165,0.18181818181818182,0.1919191919191919,0.06060606060606061,0.04040404040404041,0.15151515151515152,0.0707070707070707,0.1717171717171717,0.050505050505050504,0.0,1.51489928416847,1.8644914266688863,0.0,0.01098901098901099,0.0,0.0,0.0,audio_590.wav,3.0
78,271,8,9.75,8.0,19.0,3.0,4.683748498798798,45,0.5769230769230769,5.095246653650681,3.6028834606144606,0.873747280619343,3.4743589743589745,0.5,0.10526315789473684,0.18947368421052632,0.09473684210526316,0.021052631578947368,0.23157894736842105,0.06315789473684211,0.08421052631578947,0.031578947368421054,0.010526315789473684,1.2984851007158316,1.5814882636923588,0.0,0.0,0.125,0.0,0.0,audio_349.wav,3.5
103,417,8,12.875,14.5,20.0,3.0,5.622221536012255,66,0.6407766990291263,6.503173235884335,4.598437894324677,0.9039697364541656,4.048543689320389,0.5436893203883495,0.1282051282051282,0.17094017094017094,0.05128205128205128,0.1282051282051282,0.1623931623931624,0.042735042735042736,0.13675213675213677,0.03418803418803419,0.008547008547008548,1.7163806032327946,2.3996000666555575,0.0,0.019417475728155338,0.125,0.0,0.0,audio_387.wav,5.0
113,484,6,18.833333333333332,15.0,37.0,8.0,10.714735440296954,65,0.5752212389380531,6.114685644493382,4.323735684045306,0.8830219626518114,4.283185840707965,0.5221238938053098,0.18181818181818182,0.18181818181818182,0.030303030303030304,0.05303030303030303,0.06060606060606061,0.12878787878787878,0.13636363636363635,0.045454545454545456,0.015151515151515152,1.8811386715498586,2.5470284667887464,0.008849557522123894,0.035398230088495575,0.0,0.3333333333333333,0.0,audio_630.wav,3.5
131,436,12,10.916666666666666,11.0,17.0,3.0,4.803789013777446,66,0.5038167938931297,5.76644677396285,4.077493617220422,0.8593815725340559,3.3282442748091605,0.5572519083969466,0.09554140127388536,0.17197452229299362,0.07643312101910828,0.12101910828025478,0.14012738853503184,0.06369426751592357,0.12738853503184713,0.05732484076433121,0.012738853503184714,2.180789079407358,2.480439487264858,0.0,0.030534351145038167,0.08333333333333333,0.0,0.0,audio_5046.wav,0.0
69,261,5,13.8,13.0,22.0,7.0,5.912698199637793,48,0.6956521739130435,5.778520948116921,4.086031347641994,0.9142899468175075,3.782608695652174,0.5797101449275363,0.14473684210526316,0.25,0.07894736842105263,0.05263157894736842,0.07894736842105263,0.06578947368421052,0.19736842105263158,0.039473684210526314,0.013157894736842105,1.1486598967870818,1.4483103046445813,0.0,0.028985507246376812,0.0,0.0,0.0,audio_183.wav,3.0
117,502,1,117.0,117.0,117.0,117.0,0.0,64,0.5470085470085471,5.91680209306911,4.183810882947926,0.8733160821721003,4.2905982905982905,0.5726495726495726,0.18382352941176472,0.19117647058823528,0.03676470588235294,0.08088235294117647,0.0661764705882353,0.0661764705882353,0.08088235294117647,0.10294117647058823,0.007352941176470588,1.9477276510737473,2.5470284667887464,0.0,0.017094017094017096,0.0,1.0,0.0,audio_607.wav,4.0
89,337,6,14.833333333333334,14.0,27.0,6.0,6.2826922749902545,54,0.6067415730337079,5.723988552034344,4.047471120577652,0.8886850522049123,3.7865168539325844,0.48314606741573035,0.16326530612244897,0.17346938775510204,0.09183673469387756,0.01020408163265306,0.11224489795918367,0.10204081632653061,0.12244897959183673,0.04081632653061224,0.02040816326530612,1.9777777777777779,2.3555555555555556,0.0,0.033707865168539325,0.0,0.16666666666666666,0.0,audio_133.wav,3.0
93,387,6,15.5,13.5,29.0,4.0,9.535023160258536,49,0.5268817204301075,5.081063304179084,3.592854318023156,0.8586287634699332,4.161290322580645,0.5483870967741935,0.1717171717171717,0.18181818181818182,0.10101010101010101,0.06060606060606061,0.06060606060606061,0.13131313131313133,0.1717171717171717,0.020202020202020204,0.010101010101010102,1.5481937739304146,2.097552855002497,0.010752688172043012,0.03225806451612903,0.0,0.3333333333333333,0.0,audio_443.wav,3.0
92,367,3,30.666666666666668,31.0,36.0,25.0,4.496912521077347,62,0.6739130434782609,6.463946835769319,4.570700640801811,0.912721661953177,3.989130434782609,0.5108695652173914,0.23,0.15,0.01,0.08,0.08,0.1,0.16,0.03,0.06,2.041722148246782,2.5743453173546382,0.0,0.03260869565217391,0.0,0.6666666666666666,0.0,audio_55.wav,2.0
61,267,1,61.0,61.0,61.0,61.0,0.0,35,0.5737704918032787,4.48129079765136,3.1687511114881484,0.8648643035425235,4.377049180327869,0.5573770491803278,0.26153846153846155,0.13846153846153847,0.046153846153846156,0.07692307692307693,0.0,0.2,0.13846153846153847,0.06153846153846154,0.0,1.131935424011876,1.5401744293932085,0.0,0.0,0.0,1.0,0.0,audio_686.wav,3.0
120,470,8,15.0,14.0,28.0,4.0,7.968688725254614,60,0.5,5.477225575051661,3.8729833462074166,0.8552170493860418,3.9166666666666665,0.5166666666666667,0.1015625,0.2421875,0.0703125,0.0703125,0.1171875,0.0703125,0.171875,0.03125,0.0390625,1.9976693857166639,2.6136174463126354,0.0,0.05,0.0,0.125,0.0,audio_740.wav,4.0
95,358,9,10.555555555555555,9.0,22.0,5.0,5.88993701364381,55,0.5789473684210527,5.642880936468348,3.9901193756050644,0.8799827664695659,3.768421052631579,0.5052631578947369,0.1016949152542373,0.1864406779661017,0.06779661016949153,0.05084745762711865,0.19491525423728814,0.0423728813559322,0.11864406779661017,0.00847457627118644,0.01694915254237288,1.5814882636923588,1.9810221408356916,0.0,0.0,0.0,0.0,0.1111111111111111,audio_699.wav,2.5
110,441,8,13.75,13.5,21.0,9.0,4.085033659592048,73,0.6636363636363637,6.960276901492824,4.921658995981667,0.9127704207365829,4.009090909090909,0.6,0.15267175572519084,0.183206106870229,0.0916030534351145,0.07633587786259542,0.07633587786259542,0.12213740458015267,0.08396946564885496,0.030534351145038167,0.0,2.4411895250776743,3.1069684864624945,0.0,0.0,0.0,0.0,0.0,audio_44.wav,4.0
102,433,5,20.4,21.0,33.0,10.0,8.014985963805552,53,0.5196078431372549,5.247781977776374,3.710742222674226,0.8584465409500972,4.245098039215686,0.5,0.19444444444444445,0.14814814814814814,0.09259259259259259,0.037037037037037035,0.08333333333333333,0.14814814814814814,0.14814814814814814,0.046296296296296294,0.009259259259259259,1.6980189778591643,2.3306142833361077,0.0,0.00980392156862745,0.0,0.2,0.0,audio_500.wav,3.5
66,290,6,11.0,11.0,17.0,4.0,4.618802153517006,52,0.7878787878787878,6.4007575309253015,4.526019054848144,0.9430953054308994,4.393939393939394,0.5909090909090909,0.1891891891891892,0.21621621621621623,0.04054054054054054,0.08108108108108109,0.13513513513513514,0.08108108108108109,0.10810810810810811,0.02702702702702703,0.013513513513513514,1.0985352862849533,1.5146471371504662,0.0,0.0,0.0,0.0,0.0,audio_265.wav,2.5
88,383,7,12.571428571428571,11.0,18.0,9.0,3.331972511340172,35,0.3977272727272727,3.7310125362231825,2.638224265055432,0.7940765255793599,4.3522727272727275,0.5909090909090909,0.27835051546391754,0.12371134020618557,0.061855670103092786,0.07216494845360824,0.061855670103092786,0.05154639175257732,0.15463917525773196,0.05154639175257732,0.0,1.9529516200621393,2.5521526853084775,0.0,0.056818181818181816,0.0,0.0,0.0,audio_125.wav,2.0
84,464,4,21.0,20.0,39.0,5.0,12.083045973594572,61,0.7261904761904762,6.655645652197768,4.7062521738438035,0.9277914323260839,5.523809523809524,0.5833333333333334,0.23076923076923078,0.1978021978021978,0.0989010989010989,0.01098901098901099,0.07692307692307693,0.06593406593406594,0.10989010989010989,0.06593406593406594,0.03296703296703297,1.8296667392724897,3.3761707688956655,0.011904761904761904,0.0,0.0,0.25,0.0,audio_413.wav,4.0
103,439,8,12.875,13.5,18.0,4.0,3.822221212855164,61,0.5922330097087378,6.010508596802189,4.250071387178868,0.8869717894214079,4.262135922330097,0.5242718446601942,0.21551724137931033,0.14655172413793102,0.06896551724137931,0.034482758620689655,0.10344827586206896,0.12931034482758622,0.1724137931034483,0.017241379310344827,0.017241379310344827,1.714380825565912,2.463382157123835,0.0,0.0,0.0,0.0,0.0,audio_256.wav,4.5
126,536,10,12.6,13.0,21.0,6.0,4.737087712930805,80,0.6349206349206349,7.126966450997983,5.039526306789696,0.9060734504279686,4.253968253968254,0.5714285714285714,0.19863013698630136,0.17123287671232876,0.0684931506849315,0.0547945205479452,0.0821917808219178,0.06164383561643835,0.1506849315068493,0.04794520547945205,0.00684931506849315,2.097552855002497,2.929915099051107,0.0,0.015873015873015872,0.0,0.0,0.0,audio_350.wav,4.5
131,552,8,16.375,10.5,54.0,5.0,14.991143218580763,88,0.6717557251908397,7.688595698617133,5.436658156293896,0.9183908912097734,4.213740458015267,0.5877862595419847,0.2080536912751678,0.18791946308724833,0.06040268456375839,0.06040268456375839,0.09395973154362416,0.087248322147651,0.09395973154362416,0.040268456375838924,0.026845637583892617,2.180789079407358,3.1130347927418014,0.0,0.007633587786259542,0.0,0.125,0.125,audio_364.wav,5.0
74,329,5,14.8,12.0,35.0,5.0,10.703270528207721,40,0.5405405405405406,4.649905549752772,3.287979746107146,0.8570686953453444,4.445945945945946,0.6216216216216216,0.26582278481012656,0.1518987341772152,0.08860759493670886,0.0759493670886076,0.06329113924050633,0.08860759493670886,0.08860759493670886,0.06329113924050633,0.012658227848101266,1.6488413547237075,2.339572192513369,0.013513513513513514,0.0,0.0,0.2,0.0,audio_131.wav,2.5
91,419,4,22.75,19.5,43.0,9.0,12.497499749949988,66,0.7252747252747253,6.918679922364661,4.892245489963268,0.9287930018599827,4.604395604395604,0.5604395604395604,0.2897196261682243,0.14018691588785046,0.028037383177570093,0.018691588785046728,0.04672897196261682,0.11214953271028037,0.14018691588785046,0.028037383177570093,0.018691588785046728,1.51489928416847,2.0476111203595804,0.0,0.03296703296703297,0.0,0.25,0.0,audio_168.wav,3.5
98,358,8,12.25,14.0,20.0,2.0,5.4715171570598224,56,0.5714285714285714,5.656854249492381,4.0,0.8779455273044412,3.6530612244897958,0.5510204081632653,0.09821428571428571,0.20535714285714285,0.05357142857142857,0.125,0.13392857142857142,0.09821428571428571,0.11607142857142858,0.07142857142857142,0.008928571428571428,2.224744608399546,2.7695800227014757,0.0,0.05102040816326531,0.125,0.0,0.0,audio_557.wav,3.5
132,515,11,12.0,11.0,21.0,5.0,5.510320894796996,82,0.6212121212121212,7.137183894183611,5.046751130152642,0.9024980568800257,3.9015151515151514,0.5378787878787878,0.14465408805031446,0.1761006289308176,0.018867924528301886,0.1069182389937107,0.16981132075471697,0.06289308176100629,0.1320754716981132,0.018867924528301886,0.025157232704402517,2.19743632428833,2.9632095888130516,0.0,0.05303030303030303,0.0,0.0,0.0,audio_670.wav,3.0
99,387,8,12.375,11.0,24.0,6.0,5.743202503830071,64,0.6464646464646465,6.432242017658957,4.54828194891969,0.9050652037373648,3.909090909090909,0.5454545454545454,0.16666666666666666,0.15,0.058333333333333334,0.075,0.125,0.058333333333333334,0.14166666666666666,0.041666666666666664,0.016666666666666666,1.6480772432162476,2.147494589645414,0.0,0.0,0.0,0.0,0.0,audio_342.wav,4.5
85,322,7,12.142857142857142,11.0,25.0,3.0,6.8957247920840965,50,0.5882352941176471,5.423261445466404,3.834824944236852,0.8805604535609294,3.788235294117647,0.5176470588235295,0.1827956989247312,0.22580645161290322,0.021505376344086023,0.043010752688172046,0.16129032258064516,0.10752688172043011,0.0967741935483871,0.06451612903225806,0.010752688172043012,1.8888888888888888,2.466666666666667,0.0,0.0,0.14285714285714285,0.0,0.0,audio_2.wav,2.5
132,502,16,8.25,8.0,16.0,3.0,4.175823272122517,71,0.5378787878787878,6.179756786427273,4.369747929766311,0.8729987299553239,3.803030303030303,0.5681818181818182,0.125,0.17857142857142858,0.047619047619047616,0.09523809523809523,0.16071428571428573,0.06547619047619048,0.10119047619047619,0.03571428571428571,0.03571428571428571,2.19743632428833,2.696853670717496,0.0,0.007575757575757576,0.25,0.0,0.0,audio_5048.wav,0.0
60,266,5,12.0,12.0,21.0,4.0,6.099180272790763,33,0.55,4.260281680828158,3.0124740662784135,0.8539846874950946,4.433333333333334,0.6166666666666667,0.2463768115942029,0.17391304347826086,0.08695652173913043,0.028985507246376812,0.057971014492753624,0.11594202898550725,0.07246376811594203,0.014492753623188406,0.057971014492753624,0.9988346928583319,1.3317795904777758,0.0,0.016666666666666666,0.0,0.0,0.0,audio_741.wav,4.0
84,325,4,21.0,21.5,29.0,12.0,6.041522986797286,52,0.6190476190476191,5.673665146135802,4.011887099014389,0.8917641820832942,3.869047619047619,0.5238095238095238,0.1956521739130435,0.18478260869565216,0.08695652173913043,0.010869565217391304,0.13043478260869565,0.08695652173913043,0.10869565217391304,0.043478260869565216,0.0,1.3983685700016648,1.681371732978192,0.0,0.0,0.0,0.25,0.0,audio_294.wav,4.0
127,551,5,25.4,18.0,51.0,6.0,16.584329953302305,79,0.6220472440944882,7.0101164243872995,4.956900860591452,0.9019981628458049,4.338582677165355,0.5826771653543307,0.18115942028985507,0.21739130434782608,0.07246376811594203,0.06521739130434782,0.13043478260869565,0.06521739130434782,0.13768115942028986,0.057971014492753624,0.007246376811594203,2.1142000998834694,2.913267854170135,0.0,0.03937007874015748,0.0,0.4,0.0,audio_370.wav,5.0
128,526,4,32.0,24.5,61.0,18.0,17.131841699011815,62,0.484375,5.480077554195743,3.875,0.8505994729124108,4.109375,0.578125,0.26277372262773724,0.18248175182481752,0.06569343065693431,0.029197080291970802,0.08029197080291971,0.0948905109489051,0.12408759124087591,0.051094890510948905,0.0,2.1308473447644416,2.6302646911936076,0.0,0.046875,0.0,0.5,0.0,audio_417.wav,3.5
90,422,6,15.0,16.0,25.0,6.0,6.454972243679028,56,0.6222222222222222,5.902918298980975,4.173993557999607,0.8945604338060165,4.688888888888889,0.6444444444444445,0.15384615384615385,0.21153846153846154,0.08653846153846154,0.10576923076923077,0.08653846153846154,0.08653846153846154,0.09615384615384616,0.04807692307692308,0.0,1.4982520392874978,2.2140835691693024,0.0,0.044444444444444446,0.0,0.0,0.0,audio_753.wav,4.0
150,616,3,50.0,44.0,85.0,21.0,26.47010892812243,69,0.46,5.63382640840131,3.9837168574084174,0.8450238854115095,4.1066666666666665,0.5666666666666667,0.16463414634146342,0.21951219512195122,0.06707317073170732,0.06707317073170732,0.1524390243902439,0.07926829268292683,0.09146341463414634,0.07926829268292683,0.042682926829268296,2.4970867321458297,3.529215914766106,0.0,0.02666666666666667,0.0,0.6666666666666666,0.0,audio_533.wav,3.0
141,581,8,17.625,13.5,29.0,13.0,6.0608889612003285,86,0.6099290780141844,7.242506521172063,5.121225473908558,0.9000936385929851,4.120567375886525,0.5815602836879432,0.25949367088607594,0.17721518987341772,0.056962025316455694,0.02531645569620253,0.0379746835443038,0.15822784810126583,0.13291139240506328,0.03164556962025317,0.0,2.3468708388814914,3.112516644474035,0.0,0.0070921985815602835,0.0,0.125,0.0,audio_239.wav,4.5
95,354,8,11.875,11.5,17.0,6.0,3.4437443284889775,45,0.47368421052631576,4.616902584383194,3.2646431254950525,0.8359168638905389,3.7263157894736842,0.5157894736842106,0.19444444444444445,0.1574074074074074,0.05555555555555555,0.046296296296296294,0.14814814814814814,0.1111111111111111,0.14814814814814814,0.018518518518518517,0.009259259259259259,1.5814882636923588,1.9144331613118029,0.0,0.042105263157894736,0.0,0.0,0.0,audio_566.wav,3.0
124,468,8,15.5,15.5,32.0,2.0,11.76860229593982,66,0.532258064516129,5.926974966883572,4.191004191006287,0.8691722018733451,3.774193548387097,0.5080645161290323,0.12413793103448276,0.2413793103448276,0.05517241379310345,0.013793103448275862,0.12413793103448276,0.08275862068965517,0.14482758620689656,0.027586206896551724,0.006896551724137931,2.0663222796200635,2.54957507082153,0.0,0.016129032258064516,0.25,0.25,0.25,audio_736.wav,4.0
89,349,6,14.833333333333334,12.5,30.0,4.0,8.47381587925744,51,0.5730337078651685,5.405989188032437,3.8226116138788933,0.8759510258477361,3.9213483146067416,0.5168539325842697,0.16,0.17,0.05,0.08,0.13,0.09,0.12,0.06,0.01,1.4816047944065258,2.080905610121525,0.011235955056179775,0.0449438202247191,0.0,0.16666666666666666,0.0,audio_541.wav,2.0
111,445,2,55.5,55.5,82.0,29.0,26.5,56,0.5045045045045045,5.3152847762139945,3.7584739091985364,0.8547246792500588,4.009009009009009,0.5315315315315315,0.22608695652173913,0.19130434782608696,0.043478260869565216,0.05217391304347826,0.05217391304347826,0.1565217391304348,0.1565217391304348,0.05217391304347826,0.0,1.847844181787914,2.430497752621941,0.009009009009009009,0.036036036036036036,0.0,1.0,0.0,audio_531.wav,3.5
108,473,4,27.0,29.0,41.0,9.0,12.24744871391589,63,0.5833333333333334,6.06217782649107,4.286607049870562,0.884882231063878,4.37962962962963,0.5925925925925926,0.16806722689075632,0.226890756302521,0.07563025210084033,0.06722689075630252,0.07563025210084033,0.05042016806722689,0.15966386554621848,0.058823529411764705,0.01680672268907563,1.7979024471449976,2.5470284667887464,0.0,0.018518518518518517,0.0,0.5,0.0,audio_280.wav,5.0
85,404,4,21.25,22.5,32.0,8.0,9.41740410091868,66,0.7764705882352941,7.158705108015654,5.061968926392645,0.9430528079163796,4.752941176470588,0.6705882352941176,0.2967032967032967,0.23076923076923078,0.04395604395604396,0.054945054945054944,0.04395604395604396,0.06593406593406594,0.12087912087912088,0.06593406593406594,0.0,2.1595528455284554,2.9471544715447155,0.0,0.0,0.0,0.5,0.0,audio_33.wav,4.0
149,576,3,49.666666666666664,57.0,60.0,32.0,12.552113589175153,77,0.5167785234899329,6.308085787996612,4.460490236998891,0.8680759457175977,3.865771812080537,0.5503355704697986,0.1393939393939394,0.18787878787878787,0.05454545454545454,0.11515151515151516,0.11515151515151516,0.08484848484848485,0.13333333333333333,0.06060606060606061,0.030303030303030304,2.477552377785168,3.2756900565347524,0.0,0.026845637583892617,0.0,1.0,0.0,audio_307.wav,5.0
93,378,5,18.6,16.0,41.0,8.0,11.58619868636819,58,0.6236559139784946,6.014319829436467,4.2527663356192456,0.8958309722003773,4.064516129032258,0.5376344086021505,0.14563106796116504,0.1941747572815534,0.038834951456310676,0.10679611650485436,0.07766990291262135,0.11650485436893204,0.1553398058252427,0.02912621359223301,0.019417475728155338,1.5481937739304146,1.9144331613118029,0.0,0.043010752688172046,0.0,0.2,0.0,audio_617.wav,4.5
130,510,8,16.25,13.5,24.0,11.0,5.379358697837503,81,0.6230769230769231,7.104169956386937,5.023406750862943,0.9028080231175634,3.923076923076923,0.5846153846153846,0.1793103448275862,0.1724137931034483,0.0896551724137931,0.08275862068965517,0.07586206896551724,0.06206896551724138,0.15172413793103448,0.041379310344827586,0.0,2.164141834526386,2.929915099051107,0.0,0.015384615384615385,0.0,0.0,0.0,audio_613.wav,5.0
36,148,1,36.0,36.0,36.0,36.0,0.0,23,0.6388888888888888,3.8333333333333335,2.7105759945484325,0.8749763207000147,4.111111111111111,0.5555555555555556,0.13513513513513514,0.1891891891891892,0.08108108108108109,0.13513513513513514,0.10810810810810811,0.05405405405405406,0.05405405405405406,0.10810810810810811,0.10810810810810811,1.506906655504395,2.0092088740058602,0.0,0.027777777777777776,0.0,1.0,0.0,audio_472.wav,2.5
105,353,13,8.076923076923077,6.0,29.0,2.0,6.999577332970662,51,0.4857142857142857,4.9770903720375195,3.519334352646007,0.844834364046794,3.361904761904762,0.5333333333333333,0.14634146341463414,0.21138211382113822,0.04065040650406504,0.056910569105691054,0.17073170731707318,0.06504065040650407,0.14634146341463414,0.024390243902439025,0.016260162601626018,1.7479607125020808,2.097552855002497,0.0,0.0380952380952381,0.15384615384615385,0.07692307692307693,0.07692307692307693,audio_568.wav,3.0
135,581,10,13.5,13.5,26.0,2.0,6.637017402418047,76,0.562962962962963,6.5410385402614155,4.625212707821403,0.8828727310695118,4.303703703703704,0.5777777777777777,0.17307692307692307,0.20512820512820512,0.08333333333333333,0.038461538461538464,0.16666666666666666,0.03205128205128205,0.08974358974358974,0.07051282051282051,0.0,2.247378058931247,3.3128017313134674,0.0,0.0,0.1,0.1,0.0,audio_521.wav,4.0
128,507,10,12.8,10.0,31.0,4.0,8.97552226892675,75,0.5859375,6.629126073623882,4.6875,0.8898312414994115,3.9609375,0.59375,0.17105263157894737,0.14473684210526316,0.07236842105263158,0.1118421052631579,0.13157894736842105,0.07236842105263158,0.09210526315789473,0.05263157894736842,0.006578947368421052,2.1308473447644416,2.8133843848843014,0.015625,0.0234375,0.0,0.2,0.0,audio_401.wav,5.0
86,330,2,43.0,43.0,55.0,31.0,12.0,47,0.5465116279069767,5.068140340561605,3.5837164028162096,0.8643572998783383,3.8372093023255816,0.47674418604651164,0.17045454545454544,0.14772727272727273,0.09090909090909091,0.056818181818181816,0.125,0.125,0.125,0.07954545454545454,0.011363636363636364,1.431663059763609,1.8644914266688863,0.023255813953488372,0.011627906976744186,0.0,1.0,0.0,audio_573.wav,2.5
121,408,3,40.333333333333336,39.0,56.0,26.0,12.283683848458853,63,0.5206611570247934,5.7272727272727275,4.049793383159318,0.8639106914699506,3.371900826446281,0.5702479338842975,0.10810810810810811,0.1891891891891892,0.05405405405405406,0.11486486486486487,0.1554054054054054,0.02702702702702703,0.08108108108108109,0.05405405405405406,0.033783783783783786,2.014316630597636,2.4970867321458297,0.008264462809917356,0.049586776859504134,0.0,1.0,0.0,audio_180.wav,3.0
57,209,5,11.4,11.0,16.0,8.0,2.870540018881465,34,0.5964912280701754,4.503410014021149,3.1843917593777595,0.8722027723642676,3.6666666666666665,0.5614035087719298,0.1875,0.171875,0.09375,0.046875,0.109375,0.140625,0.09375,0.015625,0.0,1.4656724093597326,1.9028027770635125,0.0,0.0,0.0,0.0,0.0,audio_320.wav,3.5
84,349,3,28.0,24.0,50.0,10.0,16.57307052620807,54,0.6428571428571429,5.8918830363717944,4.166190448976481,0.9002818729958816,4.154761904761905,0.5357142857142857,0.15151515151515152,0.16161616161616163,0.06060606060606061,0.08080808080808081,0.10101010101010101,0.13131313131313133,0.13131313131313133,0.030303030303030304,0.020202020202020204,1.8641810918774966,2.5521526853084775,0.0,0.023809523809523808,0.0,0.3333333333333333,0.0,audio_85.wav,3.0
95,326,4,23.75,25.5,29.0,15.0,5.539629951540085,50,0.5263157894736842,5.129891760425771,3.6273812505500582,0.8590533074452955,3.431578947368421,0.5263157894736842,0.19230769230769232,0.15384615384615385,0.07692307692307693,0.057692307692307696,0.11538461538461539,0.14423076923076922,0.09615384615384616,0.04807692307692308,0.0,1.5814882636923588,1.8145496920259696,0.0,0.010526315789473684,0.0,0.5,0.0,audio_296.wav,2.0
41,143,2,20.5,20.5,27.0,14.0,6.5,33,0.8048780487804879,5.153734142324001,3.6442403604699356,0.9415483256178017,3.4878048780487805,0.5609756097560976,0.09090909090909091,0.2727272727272727,0.022727272727272728,0.13636363636363635,0.20454545454545456,0.045454545454545456,0.09090909090909091,0.045454545454545456,0.022727272727272728,2.037773359840954,2.4353876739562623,0.0,0.0,0.0,0.5,0.0,audio_250.wav,3.0
114,557,7,16.285714285714285,17.0,21.0,12.0,2.710523708715754,76,0.6666666666666666,7.118052168020874,5.033222956847166,0.9143901775810066,4.885964912280702,0.631578947368421,0.33088235294117646,0.125,0.07352941176470588,0.0,0.0,0.10294117647058823,0.1323529411764706,0.051470588235294115,0.014705882352941176,1.8977859164308306,2.4471449975029134,0.0,0.008771929824561403,0.0,0.0,0.0,audio_346.wav,5.0
97,348,2,48.5,48.5,59.0,38.0,10.5,53,0.5463917525773195,5.381334675208182,3.805178240674012,0.8678781965043404,3.5876288659793816,0.4742268041237113,0.11428571428571428,0.2,0.05714285714285714,0.06666666666666667,0.20952380952380953,0.047619047619047616,0.14285714285714285,0.0380952380952381,0.009523809523809525,1.6147827534543033,2.1142000998834694,0.0,0.010309278350515464,0.0,1.0,0.0,audio_335.wav,4.0
90,356,10,9.0,8.0,15.0,4.0,3.22490309931942,54,0.6,5.692099788303083,4.024922359499621,0.886478393267576,3.9555555555555557,0.5111111111111111,0.18811881188118812,0.18811881188118812,0.0594059405940594,0.019801980198019802,0.12871287128712872,0.0594059405940594,0.09900990099009901,0.04950495049504951,0.009900990099009901,2.092050209205021,2.5337052533705253,0.0,0.011111111111111112,0.0,0.0,0.0,audio_20.wav,2.0
0,0,1,1.0,1.0,1.0,1.0,0.0,0,0.0,0.0,0.0,1.0,0.0,0.0,0.0,0.0,0.0,0.0,0.0,0.0,0.0,0.0,0.0,0.0,0.0,0.0,0.0,1.0,0.0,1.0,audio_5071.wav,0.0
80,379,7,11.428571428571429,9.0,23.0,6.0,5.627918743883488,63,0.7875,7.043614129124337,4.980587314765197,0.9454836932317899,4.7375,0.675,0.27956989247311825,0.16129032258064516,0.06451612903225806,0.07526881720430108,0.043010752688172046,0.07526881720430108,0.08602150537634409,0.06451612903225806,0.010752688172043012,1.3317795904777758,1.8311969369069419,0.0,0.0125,0.0,0.0,0.0,audio_558.wav,4.0
52,187,3,17.333333333333332,19.0,20.0,13.0,3.0912061651652345,32,0.6153846153846154,4.437601569801833,3.1378581622109447,0.8771253179097726,3.5961538461538463,0.5576923076923077,0.16666666666666666,0.2222222222222222,0.1111111111111111,0.037037037037037035,0.1111111111111111,0.12962962962962962,0.16666666666666666,0.018518518518518517,0.0,0.8656567338105543,1.1320126519061096,0.0,0.0,0.0,0.0,0.0,audio_289.wav,2.5
130,627,14,9.285714285714286,8.0,19.0,3.0,5.469768491164756,77,0.5923076923076923,6.753346748664125,4.775337281684526,0.8924036318730361,4.823076923076923,0.6384615384615384,0.2389937106918239,0.1761006289308176,0.06918238993710692,0.03773584905660377,0.0440251572327044,0.11320754716981132,0.09433962264150944,0.025157232704402517,0.025157232704402517,2.130099950843847,3.2770768474520726,0.0,0.015384615384615385,0.07142857142857142,0.0,0.07142857142857142,audio_620.wav,5.0
91,385,6,15.166666666666666,13.5,33.0,7.0,8.763877883423273,50,0.5494505494505495,5.241424183609592,3.706246583305506,0.8672455880695102,4.230769230769231,0.4725274725274725,0.25742574257425743,0.09900990099009901,0.04950495049504951,0.019801980198019802,0.039603960396039604,0.15841584158415842,0.12871287128712872,0.0594059405940594,0.04950495049504951,1.51489928416847,2.030963875478608,0.0,0.0,0.0,0.16666666666666666,0.0,audio_665.wav,3.0
122,438,6,20.333333333333332,21.5,36.0,5.0,9.689627902499089,64,0.5245901639344263,5.794287746721186,4.097180157852671,0.8657087561927185,3.5901639344262297,0.5655737704918032,0.16793893129770993,0.17557251908396945,0.07633587786259542,0.10687022900763359,0.1297709923664122,0.10687022900763359,0.0916030534351145,0.06870229007633588,0.0,2.030963875478608,2.4637922423838856,0.0,0.03278688524590164,0.0,0.16666666666666666,0.0,audio_751.wav,4.0
34,148,3,11.333333333333334,4.0,28.0,2.0,11.813363431112899,31,0.9117647058823529,5.316456139417774,3.759302188063161,0.9738049131714716,4.352941176470588,0.6470588235294118,0.225,0.1,0.125,0.1,0.025,0.075,0.1,0.05,0.025,0.5660063259530548,0.7824205094056934,0.0,0.029411764705882353,0.3333333333333333,0.3333333333333333,0.3333333333333333,audio_442.wav,2.0
135,577,6,22.5,22.5,37.0,12.0,9.63932916061417,82,0.6074074074074074,7.0574363197557375,4.990361079491514,0.8983633835630124,4.274074074074074,0.5703703703703704,0.2671232876712329,0.1232876712328767,0.0684931506849315,0.0684931506849315,0.04794520547945205,0.10273972602739725,0.136986301369863,0.0547945205479452,0.04794520547945205,2.247378058931247,2.8799733644081904,0.007407407407407408,0.014814814814814815,0.0,0.5,0.0,audio_362.wav,5.0
86,351,6,14.333333333333334,15.0,20.0,7.0,5.153208277913436,50,0.5813953488372093,5.391638660171921,3.8124642583151167,0.8782483145664229,4.0813953488372094,0.5930232558139535,0.15,0.16,0.12,0.08,0.05,0.07,0.15,0.03,0.0,1.431663059763609,1.9976693857166639,0.023255813953488372,0.023255813953488372,0.0,0.0,0.0,audio_311.wav,3.5
137,590,8,17.125,15.0,27.0,9.0,7.096433963618629,77,0.5620437956204379,6.578553964419059,4.651740118642363,0.8828907037119337,4.306569343065694,0.5401459854014599,0.22448979591836735,0.17006802721088435,0.061224489795918366,0.047619047619047616,0.013605442176870748,0.14285714285714285,0.1360544217687075,0.06802721088435375,0.013605442176870748,2.2829528411931346,3.149475087485419,0.0,0.0,0.0,0.125,0.0,audio_724.wav,5.0
95,369,2,47.5,47.5,89.0,6.0,41.5,52,0.5473684210526316,5.335087430842802,3.772476500572061,0.867665905916199,3.8842105263157896,0.47368421052631576,0.19387755102040816,0.14285714285714285,0.10204081632653061,0.02040816326530612,0.16326530612244897,0.15306122448979592,0.12244897959183673,0.061224489795918366,0.0,2.108300044385264,2.8184642698624054,0.010526315789473684,0.0,0.0,0.5,0.0,audio_39.wav,3.0
23,98,3,7.666666666666667,7.0,10.0,6.0,1.699673171197595,21,0.9130434782608695,4.37880269519857,3.0962810792528397,0.9709864627580668,4.260869565217392,0.5652173913043478,0.15384615384615385,0.2692307692307692,0.07692307692307693,0.0,0.11538461538461539,0.11538461538461539,0.07692307692307693,0.038461538461538464,0.0,0.3828866322623606,0.5660063259530548,0.0,0.0,0.0,0.0,0.0,audio_290.wav,2.0
75,282,2,37.5,37.5,46.0,29.0,8.5,47,0.6266666666666667,5.427092530382482,3.8375339303603124,0.8917563871545975,3.76,0.4266666666666667,0.2,0.1411764705882353,0.023529411764705882,0.011764705882352941,0.12941176470588237,0.1411764705882353,0.15294117647058825,0.03529411764705882,0.0,1.6644474034620504,1.9751442521083,0.0,0.02666666666666667,0.0,1.0,0.0,audio_23.wav,2.5
85,334,1,85.0,85.0,85.0,85.0,0.0,54,0.6352941176470588,5.857122361103717,4.1416109397758,0.8978836771706366,3.929411764705882,0.5058823529411764,0.18181818181818182,0.17045454545454544,0.056818181818181816,0.07954545454545454,0.13636363636363635,0.09090909090909091,0.19318181818181818,0.03409090909090909,0.011363636363636364,1.4150158148826368,1.9477276510737473,0.0,0.023529411764705882,0.0,1.0,0.0,audio_624.wav,3.0
139,570,4,34.75,24.0,75.0,16.0,23.84716964337697,77,0.5539568345323741,6.5310547585357765,4.618153108061318,0.8802975718827527,4.100719424460432,0.5323741007194245,0.17567567567567569,0.11486486486486487,0.11486486486486487,0.0945945945945946,0.11486486486486487,0.10810810810810811,0.12162162162162163,0.05405405405405406,0.006756756756756757,2.313967038455136,3.079740302979857,0.0,0.02158273381294964,0.0,0.5,0.0,audio_206.wav,5.0
81,357,5,16.2,12.0,38.0,7.0,11.356055653262711,50,0.6172839506172839,5.555555555555555,3.928371006591931,0.8902191987518279,4.407407407407407,0.5432098765432098,0.19607843137254902,0.1568627450980392,0.029411764705882353,0.049019607843137254,0.058823529411764705,0.11764705882352941,0.10784313725490197,0.049019607843137254,0.0196078431372549,1.348426835358748,1.8311969369069419,0.0,0.024691358024691357,0.0,0.2,0.0,audio_288.wav,4.5
75,295,4,18.75,16.0,34.0,9.0,9.67923034130297,53,0.7066666666666667,6.119912853410033,4.327431878916948,0.919583750816673,3.933333333333333,0.5466666666666666,0.22093023255813954,0.19767441860465115,0.03488372093023256,0.023255813953488372,0.06976744186046512,0.16279069767441862,0.12790697674418605,0.023255813953488372,0.0,1.6666666666666667,2.088888888888889,0.0,0.013333333333333334,0.0,0.25,0.0,audio_60.wav,3.0
110,417,3,36.666666666666664,31.0,64.0,15.0,20.401524997465806,67,0.6090909090909091,6.388199347945468,4.517139078503722,0.894524025669902,3.790909090909091,0.4818181818181818,0.1810344827586207,0.15517241379310345,0.0603448275862069,0.0603448275862069,0.10344827586206896,0.10344827586206896,0.1896551724137931,0.05172413793103448,0.017241379310344827,2.4411895250776743,2.996005326231691,0.0,0.045454545454545456,0.0,0.6666666666666666,0.0,audio_80.wav,2.0
139,517,12,11.583333333333334,12.0,21.0,2.0,6.075337210577057,84,0.60431654676259,7.124787009311756,5.037985208794164,0.8979309362836514,3.7194244604316546,0.5251798561151079,0.14935064935064934,0.12987012987012986,0.07792207792207792,0.11688311688311688,0.12987012987012986,0.11038961038961038,0.09740259740259741,0.05194805194805195,0.012987012987012988,2.313967038455136,2.8799733644081904,0.0,0.050359712230215826,0.16666666666666666,0.0,0.08333333333333333,audio_214.wav,4.0
127,543,3,42.333333333333336,54.0,62.0,11.0,22.395436042987768,58,0.4566929133858268,5.1466677546134605,3.6392436698013197,0.8382093709586392,4.275590551181103,0.5196850393700787,0.2230769230769231,0.13846153846153847,0.06923076923076923,0.07692307692307693,0.038461538461538464,0.16153846153846155,0.17692307692307693,0.06923076923076923,0.007692307692307693,2.1142000998834694,2.8133843848843014,0.0,0.07086614173228346,0.0,0.6666666666666666,0.0,audio_599.wav,2.0
40,150,1,40.0,40.0,40.0,40.0,0.0,28,0.7,4.427188724235731,3.1304951684997055,0.9033107618789334,3.75,0.525,0.2558139534883721,0.13953488372093023,0.06976744186046512,0.023255813953488372,0.09302325581395349,0.09302325581395349,0.18604651162790697,0.09302325581395349,0.0,0.8631851532153646,1.0574018126888216,0.0,0.0,0.0,1.0,0.0,audio_5063.wav,0.0
84,364,5,16.8,17.0,18.0,15.0,1.16619037896906,51,0.6071428571428571,5.564556201017806,3.9347354240333434,0.8873816750335397,4.333333333333333,0.5119047619047619,0.16483516483516483,0.17582417582417584,0.08791208791208792,0.04395604395604396,0.054945054945054944,0.15384615384615385,0.12087912087912088,0.06593406593406594,0.02197802197802198,1.3983685700016648,1.8145496920259696,0.0,0.011904761904761904,0.0,0.0,0.0,audio_207.wav,4.0
77,297,6,12.833333333333334,9.5,25.0,3.0,8.214147686901072,37,0.4805194805194805,4.216541329006604,2.981544966893907,0.8312798484199354,3.857142857142857,0.4675324675324675,0.16091954022988506,0.1839080459770115,0.05747126436781609,0.011494252873563218,0.10344827586206896,0.10344827586206896,0.19540229885057472,0.0,0.034482758620689655,1.2818378558348593,1.764607957383053,0.0,0.012987012987012988,0.16666666666666666,0.0,0.16666666666666666,audio_438.wav,3.0
130,575,9,14.444444444444445,17.0,24.0,6.0,5.717635702341603,75,0.5769230769230769,6.577935144802719,4.651302547095318,0.8869969298588549,4.423076923076923,0.6461538461538462,0.2077922077922078,0.2077922077922078,0.025974025974025976,0.1038961038961039,0.06493506493506493,0.07142857142857142,0.09740259740259741,0.05844155844155844,0.032467532467532464,2.164141834526386,2.846678874646246,0.0,0.023076923076923078,0.0,0.0,0.0,audio_332.wav,5.0
99,469,6,16.5,17.5,21.0,9.0,3.8188130791298667,66,0.6666666666666666,6.6332495807108,4.69041575982343,0.911761799184348,4.737373737373737,0.6161616161616161,0.2796610169491525,0.0847457627118644,0.1016949152542373,0.05084745762711865,0.03389830508474576,0.11864406779661017,0.11016949152542373,0.05084745762711865,0.0,1.6478029294274301,2.5466045272969375,0.0,0.0,0.0,0.0,0.0,audio_159.wav,5.0
68,287,3,22.666666666666668,14.0,48.0,6.0,18.208667044996883,46,0.6764705882352942,5.578319375835658,3.9444674582777033,0.9073668456138775,4.220588235294118,0.5,0.19444444444444445,0.16666666666666666,0.05555555555555555,0.05555555555555555,0.09722222222222222,0.18055555555555555,0.06944444444444445,0.06944444444444445,0.013888888888888888,1.1320126519061096,1.4649575495255536,0.0,0.0,0.0,0.3333333333333333,0.0,audio_478.wav,2.0
96,437,9,10.666666666666666,9.0,23.0,5.0,5.0990195135927845,69,0.71875,7.042283010501638,4.979646071760523,0.9276475691561176,4.552083333333333,0.5208333333333334,0.205607476635514,0.14018691588785046,0.06542056074766354,0.056074766355140186,0.11214953271028037,0.08411214953271028,0.14953271028037382,0.028037383177570093,0.056074766355140186,2.1304926764314245,3.0181979582778515,0.0,0.0,0.0,0.0,0.0,audio_46.wav,3.0
85,319,3,28.333333333333332,21.0,47.0,17.0,13.299958228840003,41,0.4823529411764706,4.447074385282452,3.1445564542742184,0.83589096967247,3.7529411764705882,0.5058823529411764,0.11764705882352941,0.20588235294117646,0.0784313725490196,0.0196078431372549,0.1568627450980392,0.058823529411764705,0.1568627450980392,0.0196078431372549,0.0,1.8863737239236573,2.507767421216156,0.023529411764705882,0.023529411764705882,0.0,0.3333333333333333,0.0,audio_130.wav,3.0
62,256,7,8.857142857142858,8.0,13.0,5.0,2.4743582965269675,36,0.5806451612903226,4.572004572006858,3.2328954364819484,0.8682825912917196,4.129032258064516,0.5,0.2028985507246377,0.15942028985507245,0.057971014492753624,0.028985507246376812,0.10144927536231885,0.10144927536231885,0.15942028985507245,0.028985507246376812,0.043478260869565216,1.0321291826202763,1.431663059763609,0.0,0.04838709677419355,0.0,0.0,0.0,audio_437.wav,2.5
116,554,8,14.5,15.0,19.0,7.0,3.4641016151377544,78,0.6724137931034483,7.242118188905023,5.120950881529179,0.9165091334210277,4.775862068965517,0.646551724137931,0.2462686567164179,0.12686567164179105,0.09701492537313433,0.08955223880597014,0.022388059701492536,0.08208955223880597,0.11194029850746269,0.04477611940298507,0.007462686567164179,1.931080406192775,2.929915099051107,0.017241379310344827,0.008620689655172414,0.0,0.0,0.0,audio_771.wav,5.0
106,458,9,11.777777777777779,12.0,26.0,2.0,6.956655929999346,72,0.6792452830188679,6.993258208972302,4.944980302152805,0.9170627154572811,4.320754716981132,0.5849056603773585,0.17647058823529413,0.19327731092436976,0.058823529411764705,0.09243697478991597,0.1092436974789916,0.06722689075630252,0.13445378151260504,0.058823529411764705,0.01680672268907563,1.764607957383053,2.4970867321458297,0.0,0.0,0.1111111111111111,0.1111111111111111,0.1111111111111111,audio_759.wav,4.0
88,335,8,11.0,11.0,18.0,5.0,3.4641016151377544,57,0.6477272727272727,6.076220416134897,4.296536660233132,0.9030036013285123,3.8068181818181817,0.5454545454545454,0.23232323232323232,0.13131313131313133,0.08080808080808081,0.04040404040404041,0.10101010101010101,0.1111111111111111,0.16161616161616163,0.020202020202020204,0.0,1.9529516200621393,2.4855747891699953,0.0,0.03409090909090909,0.0,0.0,0.125,audio_25.wav,3.0
82,289,9,9.11111111111111,8.0,16.0,5.0,3.842581436842352,44,0.5365853658536586,4.858987147293248,3.4358227615493333,0.8587317279782536,3.524390243902439,0.5121951219512195,0.14736842105263157,0.2,0.05263157894736842,0.042105263157894736,0.11578947368421053,0.08421052631578947,0.15789473684210525,0.021052631578947368,0.021052631578947368,1.3571665011585567,1.737835153922542,0.0,0.012195121951219513,0.0,0.0,0.0,audio_191.wav,3.0
40,145,3,13.333333333333334,10.0,23.0,7.0,6.944222218666553,34,0.85,5.375872022286244,3.801315561749642,0.9559435510107197,3.625,0.55,0.14583333333333334,0.20833333333333334,0.041666666666666664,0.0625,0.10416666666666667,0.08333333333333333,0.125,0.020833333333333332,0.041666666666666664,0.9888751545117428,1.1619283065512978,0.0,0.05,0.0,0.0,0.0,audio_182.wav,3.0
66,226,4,16.5,11.5,35.0,8.0,10.920164833920778,33,0.5,4.0620192023179795,2.8722813232690143,0.8345574460809417,3.4242424242424243,0.4696969696969697,0.1095890410958904,0.2054794520547945,0.0821917808219178,0.0273972602739726,0.2054794520547945,0.0410958904109589,0.2328767123287671,0.0136986301369863,0.0,1.35523613963039,1.6016427104722792,0.0,0.0,0.0,0.25,0.0,audio_236.wav,3.0
91,343,1,91.0,91.0,91.0,91.0,0.0,59,0.6483516483516484,6.1848805366593185,4.373370968300497,0.9039380273348996,3.769230769230769,0.5384615384615384,0.17204301075268819,0.16129032258064516,0.08602150537634409,0.10752688172043011,0.15053763440860216,0.10752688172043011,0.13978494623655913,0.053763440860215055,0.010752688172043012,2.0195295162006213,2.6631158455392807,0.01098901098901099,0.07692307692307693,0.0,1.0,0.0,audio_24.wav,3.0
120,475,8,15.0,16.5,28.0,2.0,8.077747210701755,61,0.5083333333333333,5.5685126679691885,3.937533068644207,0.858669651048725,3.9583333333333335,0.4666666666666667,0.09701492537313433,0.15671641791044777,0.08208955223880597,0.08208955223880597,0.1417910447761194,0.08955223880597014,0.09701492537313433,0.03731343283582089,0.06716417910447761,1.9976693857166639,2.5636757116697186,0.0,0.0,0.125,0.125,0.125,audio_428.wav,3.0
127,546,4,31.75,22.5,71.0,11.0,23.35995505132662,88,0.6929133858267716,7.808737282861801,5.521611085215795,0.9242700033188489,4.299212598425197,0.6692913385826772,0.19424460431654678,0.2302158273381295,0.04316546762589928,0.14388489208633093,0.09352517985611511,0.050359712230215826,0.12949640287769784,0.014388489208633094,0.014388489208633094,2.297810747240818,3.2024606477293287,0.0,0.023622047244094488,0.0,0.5,0.0,audio_678.wav,5.0
50,205,4,12.5,11.0,25.0,3.0,8.674675786448736,38,0.76,5.374011537017761,3.8,0.9298478446264339,4.1,0.58,0.16129032258064516,0.0967741935483871,0.06451612903225806,0.14516129032258066,0.06451612903225806,0.08064516129032258,0.0967741935483871,0.06451612903225806,0.03225806451612903,0.8323622440486099,1.082070917263193,0.1,0.12,0.25,0.0,0.5,audio_591.wav,2.0
136,544,8,17.0,14.0,38.0,5.0,10.665364503850771,72,0.5294117647058824,6.1739490651303175,4.365641250653994,0.8705407195269105,4.0,0.5073529411764706,0.1554054054054054,0.14864864864864866,0.060810810810810814,0.10135135135135136,0.12837837837837837,0.08108108108108109,0.16216216216216217,0.05405405405405406,0.02702702702702703,2.264025303812219,3.02979856833694,0.0,0.07352941176470588,0.0,0.25,0.125,audio_597.wav,2.0
64,255,7,9.142857142857142,9.0,13.0,5.0,2.356060357495806,34,0.53125,4.25,3.005203820042827,0.8479104735417233,3.984375,0.546875,0.27631578947368424,0.15789473684210525,0.02631578947368421,0.0,0.07894736842105263,0.13157894736842105,0.15789473684210525,0.0,0.0,1.0654236723822208,1.5315465290494423,0.0,0.0,0.0,0.0,0.0,audio_580.wav,1.5
101,394,6,16.833333333333332,16.0,36.0,3.0,10.056783227697059,61,0.6039603960396039,6.069726860280934,4.29194502285478,0.8907403066013385,3.900990099009901,0.49504950495049505,0.16071428571428573,0.1875,0.0625,0.03571428571428571,0.15178571428571427,0.10714285714285714,0.14285714285714285,0.026785714285714284,0.017857142857142856,2.241455836662228,3.062583222370173,0.0,0.009900990099009901,0.16666666666666666,0.16666666666666666,0.0,audio_19.wav,3.0
95,317,5,19.0,24.0,26.0,2.0,8.94427190999916,40,0.42105263157894735,4.103913408340617,2.901905000440047,0.8100525205057562,3.336842105263158,0.5052631578947369,0.20388349514563106,0.10679611650485436,0.10679611650485436,0.04854368932038835,0.0970873786407767,0.14563106796116504,0.13592233009708737,0.05825242718446602,0.019417475728155338,1.5814882636923588,1.931080406192775,0.0,0.0,0.2,0.2,0.2,audio_476.wav,2.0
40,191,3,13.333333333333334,16.0,17.0,7.0,4.4969125210773475,28,0.7,4.427188724235731,3.1304951684997055,0.9033107618789334,4.775,0.575,0.23076923076923078,0.1346153846153846,0.019230769230769232,0.057692307692307696,0.019230769230769232,0.09615384615384616,0.15384615384615385,0.038461538461538464,0.0,0.6658897952388879,1.0321291826202763,0.025,0.1,0.0,0.0,0.0,audio_375.wav,3.5
18,72,2,9.0,9.0,11.0,7.0,2.0,17,0.9444444444444444,4.00693842672377,2.8333333333333335,0.9802245459658266,4.0,0.6111111111111112,0.19047619047619047,0.14285714285714285,0.14285714285714285,0.047619047619047616,0.09523809523809523,0.09523809523809523,0.09523809523809523,0.047619047619047616,0.0,0.2996504078574996,0.4661228566672216,0.0,0.05555555555555555,0.0,0.0,0.0,audio_642.wav,3.0
47,245,2,23.5,23.5,35.0,12.0,11.5,39,0.8297872340425532,5.688734668417887,4.022542860409294,0.9515379733759975,5.212765957446808,0.6382978723404256,0.3508771929824561,0.14035087719298245,0.03508771929824561,0.0,0.03508771929824561,0.07017543859649122,0.14035087719298245,0.05263157894736842,0.0,0.7838559039359573,1.2174783188792528,0.02127659574468085,0.0,0.0,0.5,0.0,audio_66.wav,2.0
136,554,6,22.666666666666668,19.0,52.0,7.0,14.267289706021797,78,0.5735294117647058,6.688444820557844,4.729444688208493,0.8868338867725767,4.073529411764706,0.5073529411764706,0.17123287671232876,0.18493150684931506,0.0684931506849315,0.04794520547945205,0.13013698630136986,0.08904109589041095,0.1780821917808219,0.03424657534246575,0.0136986301369863,2.264025303812219,3.1463292825037454,0.007352941176470588,0.03676470588235294,0.0,0.16666666666666666,0.0,audio_186.wav,5.0
132,571,10,13.2,11.0,31.0,3.0,8.255906976220118,84,0.6363636363636364,7.311261550139309,5.169842621131974,0.9074332461342922,4.325757575757576,0.6287878787878788,0.16666666666666666,0.18,0.09333333333333334,0.11333333333333333,0.02666666666666667,0.08,0.12,0.03333333333333333,0.02666666666666667,2.19743632428833,2.929915099051107,0.0,0.030303030303030304,0.1,0.1,0.0,audio_713.wav,4.0
112,456,9,12.444444444444445,13.0,20.0,3.0,5.0356751971665155,66,0.5892857142857143,6.236413804652249,4.409810491555002,0.8879211071796831,4.071428571428571,0.5625,0.23255813953488372,0.17829457364341086,0.05426356589147287,0.023255813953488372,0.07751937984496124,0.10852713178294573,0.16279069767441862,0.015503875968992248,0.023255813953488372,1.8644914266688863,2.3805560179790244,0.0,0.008928571428571428,0.1111111111111111,0.0,0.0,audio_354.wav,3.5
138,551,12,11.5,11.0,17.0,6.0,2.6299556396765835,82,0.5942028985507246,6.980303552221739,4.935819976516537,0.8943560711190895,3.9927536231884058,0.5507246376811594,0.16666666666666666,0.17901234567901234,0.024691358024691357,0.09876543209876543,0.10493827160493827,0.09876543209876543,0.11728395061728394,0.024691358024691357,0.012345679012345678,2.2973197935741636,3.096387547860829,0.0,0.014492753623188406,0.0,0.0,0.08333333333333333,audio_768.wav,5.0
76,366,4,19.0,19.5,21.0,16.0,2.1213203435596424,57,0.75,6.53834841531101,4.623310502226732,0.9335719727244254,4.815789473684211,0.6052631578947368,0.24705882352941178,0.1411764705882353,0.08235294117647059,0.07058823529411765,0.07058823529411765,0.07058823529411765,0.11764705882352941,0.047058823529411764,0.047058823529411764,1.6866400355082112,2.7740790057700844,0.0,0.013157894736842105,0.0,0.0,0.0,audio_14.wav,3.5
117,456,9,13.0,10.0,40.0,2.0,12.292725943057183,62,0.5299145299145299,5.7319020276607,4.0530667928558035,0.8666492323784402,3.8974358974358974,0.5897435897435898,0.14285714285714285,0.21804511278195488,0.07518796992481203,0.08270676691729323,0.10526315789473684,0.09774436090225563,0.13533834586466165,0.03007518796992481,0.022556390977443608,1.9477276510737473,2.480439487264858,0.008547008547008548,0.0,0.3333333333333333,0.2222222222222222,0.0,audio_208.wav,4.0
110,458,6,18.333333333333332,15.0,37.0,6.0,9.689627902499089,62,0.5636363636363636,5.911468053322673,4.180039147272101,0.8780239600786698,4.163636363636364,0.5545454545454546,0.2288135593220339,0.13559322033898305,0.1016949152542373,0.05084745762711865,0.059322033898305086,0.1694915254237288,0.11864406779661017,0.05084745762711865,0.00847457627118644,1.814582645991422,2.672385351369185,0.01818181818181818,0.0,0.0,0.16666666666666666,0.0,audio_418.wav,2.5
151,613,15,10.066666666666666,7.0,25.0,3.0,7.270641114937679,81,0.5364238410596026,6.5916865160463916,4.661026234952332,0.8758628774156892,4.059602649006623,0.6158940397350994,0.22282608695652173,0.14673913043478262,0.059782608695652176,0.07608695652173914,0.09239130434782608,0.07608695652173914,0.10326086956521739,0.043478260869565216,0.010869565217391304,2.513733977026802,3.579157649409023,0.006622516556291391,0.006622516556291391,0.13333333333333333,0.0,0.06666666666666667,audio_212.wav,5.0
112,517,14,8.0,7.5,14.0,3.0,3.116774889895918,69,0.6160714285714286,6.519887159409169,4.610256422989321,0.8973418496198808,4.616071428571429,0.5714285714285714,0.24812030075187969,0.14285714285714285,0.05263157894736842,0.03759398496240601,0.045112781954887216,0.15037593984962405,0.09774436090225563,0.03007518796992481,0.007518796992481203,1.8641810918774968,2.5299600532623168,0.008928571428571428,0.0,0.07142857142857142,0.0,0.07142857142857142,audio_177.wav,2.0
138,537,2,69.0,69.0,129.0,9.0,60.0,74,0.5362318840579711,6.29929832761474,4.45427656417346,0.8735221216982758,3.891304347826087,0.4855072463768116,0.2014388489208633,0.1366906474820144,0.08633093525179857,0.05755395683453238,0.1366906474820144,0.11510791366906475,0.12949640287769784,0.07194244604316546,0.014388489208633094,2.2973197935741636,2.9632095888130516,0.0,0.007246376811594203,0.0,0.5,0.0,audio_503.wav,2.5
52,207,2,26.0,26.0,33.0,19.0,7.0,32,0.6153846153846154,4.437601569801833,3.1378581622109447,0.8771253179097726,3.980769230769231,0.4807692307692308,0.2777777777777778,0.1111111111111111,0.037037037037037035,0.037037037037037035,0.018518518518518517,0.2037037037037037,0.14814814814814814,0.07407407407407407,0.037037037037037035,0.8656567338105543,0.9821874479773598,0.0,0.057692307692307696,0.0,0.5,0.0,audio_564.wav,2.0
70,338,3,23.333333333333332,22.0,26.0,22.0,1.8856180831641267,53,0.7571428571428571,6.334711629472286,4.479317550061138,0.9345172084121154,4.828571428571428,0.5571428571428572,0.3333333333333333,0.10256410256410256,0.05128205128205128,0.01282051282051282,0.02564102564102564,0.10256410256410256,0.21794871794871795,0.0641025641025641,0.0,1.1651131824234355,1.6977363515312918,0.0,0.0,0.0,0.3333333333333333,0.0,audio_257.wav,4.5
97,364,5,19.4,14.0,42.0,11.0,11.551623262554921,55,0.5670103092783505,5.584403908234905,3.9487698723975595,0.8759751608490621,3.752577319587629,0.5257731958762887,0.11764705882352941,0.21568627450980393,0.06862745098039216,0.09803921568627451,0.14705882352941177,0.06862745098039216,0.16666666666666666,0.0196078431372549,0.00980392156862745,2.845409210912291,3.8134350249339977,0.0,0.061855670103092786,0.0,0.2,0.0,audio_408.wav,4.0
117,468,6,19.5,20.0,28.0,10.0,6.776183783418707,60,0.5128205128205128,5.547001962252291,3.9223227027636804,0.8597637587960092,4.0,0.5128205128205128,0.15789473684210525,0.15037593984962405,0.07518796992481203,0.06766917293233082,0.10526315789473684,0.09022556390977443,0.12781954887218044,0.05263157894736842,0.0,1.9477276510737473,2.5470284667887464,0.0,0.017094017094017096,0.0,0.3333333333333333,0.0,audio_468.wav,2.5
130,555,6,21.666666666666668,21.0,36.0,13.0,7.6739096221475585,59,0.45384615384615384,5.174642313911472,3.65902467038165,0.837700787823716,4.269230769230769,0.5923076923076923,0.30935251798561153,0.18705035971223022,0.03597122302158273,0.02158273381294964,0.06474820143884892,0.10071942446043165,0.1223021582733813,0.02877697841726619,0.014388489208633094,2.164141834526386,3.1629765273847177,0.0,0.0,0.0,0.16666666666666666,0.0,audio_574.wav,2.5
115,437,3,38.333333333333336,34.0,74.0,7.0,27.523727137790686,66,0.5739130434782609,6.1545317343860715,4.351911124412194,0.8829746408768199,3.8,0.4956521739130435,0.15151515151515152,0.14393939393939395,0.022727272727272728,0.11363636363636363,0.08333333333333333,0.10606060606060606,0.14393939393939395,0.03787878787878788,0.045454545454545456,2.5521526853084775,3.2401242787394584,0.0,0.008695652173913044,0.0,0.6666666666666666,0.0,audio_26.wav,4.0
115,494,3,38.333333333333336,38.0,41.0,36.0,2.0548046676563256,54,0.46956521739130436,5.035525964497695,3.5606545563372496,0.8406830569229369,4.2956521739130435,0.4782608695652174,0.20833333333333334,0.15833333333333333,0.08333333333333333,0.008333333333333333,0.11666666666666667,0.09166666666666666,0.15,0.08333333333333333,0.05,1.8945634266886324,2.817133443163097,0.0,0.034782608695652174,0.0,1.0,0.0,audio_480.wav,3.0
54,174,1,54.0,54.0,54.0,54.0,0.0,31,0.5740740740740741,4.218565668126584,2.982976390813066,0.8608676205267983,3.2222222222222223,0.5,0.2037037037037037,0.2037037037037037,0.05555555555555555,0.037037037037037035,0.14814814814814814,0.16666666666666666,0.12962962962962962,0.05555555555555555,0.0,0.8989512235724988,0.9988346928583319,0.0,0.018518518518518517,0.0,1.0,0.0,audio_706.wav,3.0
117,488,7,16.714285714285715,14.0,27.0,11.0,6.016982768186482,73,0.6239316239316239,6.748852387406954,4.772159288362478,0.9009455555156243,4.170940170940171,0.5897435897435898,0.18382352941176472,0.22794117647058823,0.04411764705882353,0.051470588235294115,0.08823529411764706,0.051470588235294115,0.09558823529411764,0.051470588235294115,0.029411764705882353,2.596537949400799,3.4620505992010653,0.0,0.0,0.0,0.14285714285714285,0.0,audio_57.wav,2.5
120,485,4,30.0,18.0,70.0,14.0,23.194827009486403,71,0.5916666666666667,6.4813835971444655,4.58303029301211,0.8903785334915777,4.041666666666667,0.5583333333333333,0.14705882352941177,0.18382352941176472,0.09558823529411764,0.0661764705882353,0.125,0.07352941176470588,0.11764705882352941,0.029411764705882353,0.007352941176470588,1.9996667222129645,2.6328945175804033,0.0,0.016666666666666666,0.0,0.25,0.0,audio_209.wav,5.0
137,538,7,19.571428571428573,17.0,39.0,7.0,10.728561917439194,86,0.6277372262773723,7.347475856364144,5.195450002639522,0.9053586514674865,3.927007299270073,0.5328467153284672,0.17647058823529413,0.1568627450980392,0.06535947712418301,0.0784313725490196,0.11764705882352941,0.06535947712418301,0.1437908496732026,0.0457516339869281,0.0392156862745098,2.2806725486931914,3.013151323455968,0.0,0.0072992700729927005,0.0,0.2857142857142857,0.14285714285714285,audio_712.wav,4.0
82,300,2,41.0,41.0,74.0,8.0,33.0,46,0.5609756097560976,5.079850199442941,3.5919965234379396,0.8688189970046228,3.658536585365854,0.5121951219512195,0.14942528735632185,0.1839080459770115,0.08045977011494253,0.06896551724137931,0.1724137931034483,0.05747126436781609,0.08045977011494253,0.11494252873563218,0.022988505747126436,1.4642857142857142,1.8571428571428572,0.0,0.024390243902439025,0.0,0.5,0.0,audio_353.wav,3.0
115,466,11,10.454545454545455,10.0,18.0,2.0,4.356054018440341,66,0.5739130434782609,6.1545317343860715,4.351911124412194,0.8829746408768199,4.052173913043478,0.5217391304347826,0.18461538461538463,0.2076923076923077,0.046153846153846156,0.023076923076923078,0.18461538461538463,0.06153846153846154,0.12307692307692308,0.015384615384615385,0.007692307692307693,1.9144331613118029,2.6136174463126354,0.0,0.017391304347826087,0.09090909090909091,0.0,0.0,audio_575.wav,2.0
76,325,4,19.0,18.0,31.0,9.0,7.874007874011811,46,0.6052631578947368,5.27656187902292,3.7310926860075386,0.8840630663803374,4.276315789473684,0.5131578947368421,0.21428571428571427,0.19047619047619047,0.023809523809523808,0.03571428571428571,0.15476190476190477,0.10714285714285714,0.09523809523809523,0.05952380952380952,0.0,1.265190610953887,1.7313134676211086,0.013157894736842105,0.0,0.0,0.25,0.0,audio_383.wav,3.5
90,378,5,18.0,13.0,35.0,8.0,9.879271228182775,55,0.6111111111111112,5.7975090436420285,4.099457958749614,0.8905561521090628,4.2,0.5444444444444444,0.16,0.23,0.08,0.02,0.15,0.07,0.17,0.0,0.02,1.4846585285384362,2.045529528208512,0.0,0.0,0.0,0.2,0.0,audio_781.wav,5.0
86,401,7,12.285714285714286,9.0,36.0,2.0,10.20804004854277,56,0.6511627906976745,6.038635299392551,4.26995996931293,0.9036905797895058,4.662790697674419,0.686046511627907,0.29411764705882354,0.17647058823529413,0.08823529411764706,0.0196078431372549,0.00980392156862745,0.11764705882352941,0.08823529411764706,0.049019607843137254,0.0,1.9085663559698178,2.5521526853084775,0.0,0.0,0.14285714285714285,0.14285714285714285,0.2857142857142857,audio_118.wav,4.5
141,589,9,15.666666666666666,11.0,40.0,5.0,10.603982480391243,87,0.6170212765957447,7.326721713278715,5.180774607326099,0.9024297435277898,4.177304964539007,0.574468085106383,0.21212121212121213,0.13333333333333333,0.06060606060606061,0.08484848484848485,0.08484848484848485,0.09696969696969697,0.10909090909090909,0.06060606060606061,0.006060606060606061,2.34726152821708,3.17962377226569,0.0070921985815602835,0.0,0.0,0.1111111111111111,0.0,audio_337.wav,5.0
145,656,4,36.25,32.5,63.0,17.0,16.69393602479655,79,0.5448275862068965,6.560592908445457,4.639039734166158,0.8779750090351062,4.524137931034483,0.5586206896551724,0.2229299363057325,0.18471337579617833,0.025477707006369428,0.08280254777070063,0.05732484076433121,0.14012738853503184,0.1592356687898089,0.050955414012738856,0.0,2.413850507740969,3.4959214250041617,0.0,0.006896551724137931,0.0,0.75,0.0,audio_715.wav,3.0
80,378,1,80.0,80.0,80.0,80.0,0.0,52,0.65,5.813776741499453,4.110960958218893,0.9016932227924458,4.725,0.575,0.2289156626506024,0.18072289156626506,0.060240963855421686,0.08433734939759036,0.03614457831325301,0.13253012048192772,0.13253012048192772,0.060240963855421686,0.03614457831325301,1.3317795904777758,1.7812552022640253,0.0,0.0875,0.0,1.0,0.0,audio_323.wav,3.5
76,299,4,19.0,16.5,37.0,6.0,11.683321445547923,48,0.631578947368421,5.505977612893481,3.893314107138301,0.8938904122533535,3.9342105263157894,0.5394736842105263,0.1411764705882353,0.18823529411764706,0.08235294117647059,0.07058823529411765,0.2,0.023529411764705882,0.12941176470588237,0.047058823529411764,0.023529411764705882,1.265190610953887,1.8145496920259696,0.0,0.0,0.0,0.25,0.0,audio_374.wav,4.0
75,315,8,9.375,7.0,22.0,1.0,8.138450405329014,46,0.6133333333333333,5.3116224765445565,3.7558842722675396,0.8867752025733275,4.2,0.6266666666666667,0.12222222222222222,0.2777777777777778,0.05555555555555555,0.06666666666666667,0.15555555555555556,0.044444444444444446,0.08888888888888889,0.03333333333333333,0.0,1.3020833333333333,1.875,0.0,0.04,0.375,0.0,0.25,audio_348.wav,3.5
79,400,4,19.75,23.5,28.0,4.0,9.283722313813572,57,0.7215189873417721,6.413001035278336,4.534676519801661,0.9253002677562142,5.063291139240507,0.6582278481012658,0.32954545454545453,0.07954545454545454,0.09090909090909091,0.09090909090909091,0.056818181818181816,0.07954545454545454,0.13636363636363635,0.022727272727272728,0.011363636363636364,1.3151323455968038,2.0642583652405526,0.0,0.02531645569620253,0.0,0.25,0.0,audio_547.wav,3.0
100,427,5,20.0,18.0,31.0,10.0,6.899275324264136,60,0.6,6.0,4.242640687119285,0.8890756251918217,4.27,0.44,0.16037735849056603,0.18867924528301888,0.0,0.0660377358490566,0.12264150943396226,0.10377358490566038,0.16037735849056603,0.03773584905660377,0.03773584905660377,2.2831050228310503,2.8767123287671237,0.0,0.02,0.0,0.2,0.0,audio_41.wav,4.0
108,471,5,21.6,20.0,36.0,8.0,9.93176721434811,71,0.6574074074074074,6.831978185410572,4.830938103822379,0.9104144395498858,4.361111111111111,0.6018518518518519,0.2601626016260163,0.17886178861788618,0.056910569105691054,0.032520325203252036,0.0975609756097561,0.08130081300813008,0.12195121951219512,0.056910569105691054,0.0,1.7979024471449976,2.4471449975029134,0.0,0.018518518518518517,0.0,0.4,0.0,audio_284.wav,4.5
108,418,6,18.0,18.5,26.0,8.0,6.95221787153807,64,0.5925925925925926,6.158402871356008,4.354648431614539,0.8882457328975957,3.8703703703703702,0.5185185185185185,0.2,0.13333333333333333,0.08333333333333333,0.05,0.05,0.15833333333333333,0.13333333333333333,0.041666666666666664,0.025,2.3989338071968014,3.0208796090626384,0.0,0.018518518518518517,0.0,0.16666666666666666,0.0,audio_13.wav,3.0
130,507,5,26.0,27.0,45.0,6.0,15.962455951387932,78,0.6,6.841052550594828,4.83735464897913,0.8950545437396588,3.9,0.4461538461538462,0.16083916083916083,0.16783216783216784,0.06293706293706294,0.013986013986013986,0.11888111888111888,0.1258741258741259,0.16783216783216784,0.02097902097902098,0.04195804195804196,2.164141834526386,2.6635591809555517,0.0,0.007692307692307693,0.0,0.6,0.0,audio_548.wav,3.5
117,478,6,19.5,11.5,43.0,8.0,14.080127840328723,72,0.6153846153846154,6.656402354702749,4.706787243316416,0.8980491215925485,4.085470085470085,0.5982905982905983,0.2204724409448819,0.1968503937007874,0.07874015748031496,0.05511811023622047,0.09448818897637795,0.06299212598425197,0.1732283464566929,0.031496062992125984,0.007874015748031496,1.9170899557594625,2.6216614779616583,0.0,0.02564102564102564,0.0,0.3333333333333333,0.0,audio_687.wav,4.5
107,382,6,17.833333333333332,17.0,33.0,6.0,8.414603707576225,50,0.4672897196261682,4.833682445228318,3.417929635123316,0.8371851706994164,3.5700934579439254,0.4766355140186916,0.16,0.168,0.04,0.04,0.144,0.104,0.144,0.008,0.04,2.374611628939192,2.9072347980470483,0.0,0.056074766355140186,0.0,0.16666666666666666,0.0,audio_104.wav,2.5
91,399,9,10.11111111111111,7.0,28.0,3.0,7.780951733338487,65,0.7142857142857143,6.81385143869247,4.818120558297157,0.9254083980813167,4.384615384615385,0.6593406593406593,0.24561403508771928,0.17543859649122806,0.03508771929824561,0.07017543859649122,0.07017543859649122,0.07894736842105263,0.14035087719298245,0.017543859649122806,0.0,1.51489928416847,1.9144331613118029,0.0,0.01098901098901099,0.1111111111111111,0.1111111111111111,0.1111111111111111,audio_181.wav,3.0
100,414,4,25.0,24.5,34.0,17.0,6.123724356957945,55,0.55,5.5,3.8890872965260113,0.8701813447471219,4.14,0.52,0.22429906542056074,0.16822429906542055,0.06542056074766354,0.028037383177570093,0.08411214953271028,0.12149532710280374,0.1308411214953271,0.07476635514018691,0.0,1.9904458598726114,2.5278662420382165,0.0,0.0,0.0,0.5,0.0,audio_755.wav,4.0
141,529,12,11.75,11.5,25.0,3.0,6.820618251546801,68,0.48226950354609927,5.726633063252329,4.049341072392813,0.8526394083859392,3.75177304964539,0.49645390070921985,0.14838709677419354,0.2064516129032258,0.06451612903225806,0.03225806451612903,0.13548387096774195,0.09032258064516129,0.16129032258064516,0.012903225806451613,0.0064516129032258064,2.349608398600233,3.049491751374771,0.0,0.05673758865248227,0.16666666666666666,0.0,0.0,audio_733.wav,5.0
80,260,8,10.0,9.5,13.0,6.0,2.345207879911715,30,0.375,3.3541019662496843,2.3717082451262845,0.7761699471996202,3.25,0.6125,0.08823529411764706,0.21568627450980393,0.09803921568627451,0.0784313725490196,0.12745098039215685,0.12745098039215685,0.10784313725490197,0.029411764705882353,0.0,1.3317795904777758,1.4649575495255536,0.025,0.1,0.0,0.0,0.0,audio_5072.wav,0.0
71,262,5,14.2,13.0,34.0,5.0,10.457533169921097,54,0.7605633802816901,6.408620954246808,4.531579334802121,0.935792544039922,3.6901408450704225,0.49295774647887325,0.1282051282051282,0.20512820512820512,0.0641025641025641,0.05128205128205128,0.1282051282051282,0.08974358974358974,0.10256410256410256,0.07692307692307693,0.01282051282051282,1.181954386549026,1.431663059763609,0.0,0.014084507042253521,0.0,0.2,0.2,audio_776.wav,4.5
67,291,4,16.75,15.5,27.0,9.0,7.224091638399945,42,0.6268656716417911,5.1311166629648195,3.6282473874417125,0.8889281468629106,4.343283582089552,0.5522388059701493,0.2638888888888889,0.125,0.1111111111111111,0.013888888888888888,0.08333333333333333,0.08333333333333333,0.18055555555555555,0.05555555555555555,0.0,1.1019736842105263,1.5789473684210527,0.0,0.0,0.0,0.25,0.0,audio_70.wav,2.0
95,358,3,31.666666666666668,20.0,71.0,4.0,28.569603116288157,52,0.5473684210526316,5.335087430842802,3.772476500572061,0.867665905916199,3.768421052631579,0.5052631578947369,0.16666666666666666,0.14814814814814814,0.07407407407407407,0.05555555555555555,0.08333333333333333,0.14814814814814814,0.1574074074074074,0.046296296296296294,0.018518518518518517,2.0805957074025407,2.715724923346474,0.0,0.021052631578947368,0.0,0.3333333333333333,0.3333333333333333,audio_49.wav,3.0
135,628,7,19.285714285714285,19.0,32.0,9.0,6.942915931555924,80,0.5925925925925926,6.885303726590964,4.868644955601477,0.8933294937799342,4.651851851851852,0.5185185185185185,0.2638888888888889,0.14583333333333334,0.0625,0.013888888888888888,0.05555555555555555,0.1111111111111111,0.2013888888888889,0.04861111111111111,0.020833333333333332,2.247378058931247,3.362743465956384,0.0,0.0,0.0,0.14285714285714285,0.0,audio_527.wav,5.0
102,399,8,12.75,11.0,26.0,7.0,5.7608593109014565,58,0.5686274509803921,5.742855749264711,4.060812243681228,0.8779387846094235,3.911764705882353,0.5294117647058824,0.16379310344827586,0.1896551724137931,0.017241379310344827,0.09482758620689655,0.16379310344827586,0.05172413793103448,0.12931034482758622,0.05172413793103448,0.008620689655172414,1.6980189778591643,2.3306142833361077,0.0,0.0392156862745098,0.0,0.125,0.0,audio_273.wav,3.5
74,417,3,24.666666666666668,15.0,47.0,12.0,15.839472494022296,59,0.7972972972972973,6.8586106858853375,4.84977012550804,0.947368907209112,5.635135135135135,0.6351351351351351,0.19753086419753085,0.2716049382716049,0.09876543209876543,0.012345679012345678,0.037037037037037035,0.07407407407407407,0.13580246913580246,0.07407407407407407,0.012345679012345678,1.2316910785619175,2.1970705725699067,0.0,0.0,0.0,0.3333333333333333,0.0,audio_139.wav,4.0
118,515,9,13.11111111111111,12.0,25.0,8.0,4.724509250104289,67,0.5677966101694916,6.167849939918766,4.3613285178576,0.8813604231618868,4.364406779661017,0.6440677966101694,0.23776223776223776,0.13986013986013987,0.06293706293706294,0.09090909090909091,0.04195804195804196,0.0979020979020979,0.0979020979020979,0.03496503496503497,0.02097902097902098,1.9643748959547196,2.8300316297652737,0.01694915254237288,0.01694915254237288,0.0,0.0,0.0,audio_467.wav,3.0
121,502,9,13.444444444444445,14.0,21.0,10.0,3.2010800646417636,67,0.5537190082644629,6.090909090909091,4.306923121772607,0.8767465091342463,4.148760330578512,0.5454545454545454,0.17391304347826086,0.1956521739130435,0.050724637681159424,0.057971014492753624,0.07971014492753623,0.12318840579710146,0.10144927536231885,0.014492753623188406,0.06521739130434782,2.014316630597636,2.7135009155984684,0.024793388429752067,0.008264462809917356,0.0,0.0,0.0,audio_407.wav,4.5
128,527,7,18.285714285714285,11.0,45.0,4.0,12.803060858518903,84,0.65625,7.424621202458749,5.25,0.9131882032541087,4.1171875,0.59375,0.19463087248322147,0.1342281879194631,0.08053691275167785,0.10067114093959731,0.09395973154362416,0.08053691275167785,0.12751677852348994,0.020134228187919462,0.026845637583892617,2.1308473447644416,2.8133843848843014,0.0,0.03125,0.0,0.14285714285714285,0.0,audio_404.wav,4.5
155,650,6,25.833333333333332,20.0,58.0,5.0,18.077764119369288,68,0.43870967741935485,5.461891436536992,3.8621404728800406,0.8366353435130557,4.193548387096774,0.4838709677419355,0.16666666666666666,0.2037037037037037,0.04938271604938271,0.043209876543209874,0.09259259259259259,0.1111111111111111,0.09876543209876543,0.06172839506172839,0.09259259259259259,2.580322956550691,3.3793907108373564,0.0,0.0064516129032258064,0.0,0.3333333333333333,0.0,audio_534.wav,3.0
72,281,5,14.4,13.0,27.0,8.0,6.8,46,0.6388888888888888,5.421151989096865,3.8333333333333335,0.8952397241077967,3.9027777777777777,0.5277777777777778,0.17721518987341772,0.189873417721519,0.05063291139240506,0.06329113924050633,0.11392405063291139,0.06329113924050633,0.16455696202531644,0.0379746835443038,0.012658227848101266,1.5978695073235685,2.0861074123391035,0.0,0.05555555555555555,0.0,0.2,0.0,audio_96.wav,3.0
90,373,4,22.5,20.0,35.0,15.0,7.632168761236874,59,0.6555555555555556,6.219146064997813,4.397600355749586,0.9061577583583547,4.144444444444445,0.5111111111111111,0.1595744680851064,0.22340425531914893,0.031914893617021274,0.07446808510638298,0.13829787234042554,0.11702127659574468,0.13829787234042554,0.031914893617021274,0.0,1.9973368841544605,2.707501109631602,0.0,0.044444444444444446,0.0,0.25,0.0,audio_137.wav,2.5
125,469,15,8.333333333333334,8.0,18.0,2.0,4.077035960378841,54,0.432,4.829906831399546,3.4152598729818497,0.8261650471771163,3.752,0.544,0.16216216216216217,0.20945945945945946,0.033783783783783786,0.05405405405405406,0.10810810810810811,0.10810810810810811,0.13513513513513514,0.006756756756756757,0.013513513513513514,2.1323780279767997,2.7635619242579326,0.0,0.04,0.13333333333333333,0.0,0.0,audio_150.wav,2.5
104,457,6,17.333333333333332,12.0,43.0,7.0,12.009255689767881,69,0.6634615384615384,6.766006662267349,4.784289192442602,0.9116602363035454,4.394230769230769,0.5961538461538461,0.23893805309734514,0.17699115044247787,0.05309734513274336,0.07964601769911504,0.035398230088495575,0.10619469026548672,0.13274336283185842,0.061946902654867256,0.035398230088495575,1.7313134676211086,2.264025303812219,0.0,0.038461538461538464,0.0,0.16666666666666666,0.0,audio_339.wav,5.0
119,452,7,17.0,19.0,28.0,5.0,7.329003050503235,65,0.5462184873949579,5.958540230683374,4.213324203089068,0.8734629427158475,3.7983193277310923,0.5378151260504201,0.17054263565891473,0.1937984496124031,0.03875968992248062,0.09302325581395349,0.13178294573643412,0.07751937984496124,0.16279069767441862,0.023255813953488372,0.031007751937984496,1.9929660023446658,2.6628705409479148,0.0,0.03361344537815126,0.0,0.14285714285714285,0.0,audio_409.wav,5.0
102,409,5,20.4,13.0,49.0,9.0,14.77294825009551,54,0.5294117647058824,5.346796732074042,3.780756226875626,0.8624881069801641,4.009803921568627,0.49019607843137253,0.21238938053097345,0.1415929203539823,0.07079646017699115,0.017699115044247787,0.08849557522123894,0.11504424778761062,0.17699115044247787,0.0,0.04424778761061947,2.263648468708389,2.6631158455392807,0.00980392156862745,0.0,0.0,0.2,0.0,audio_78.wav,2.0
98,382,5,19.6,12.0,45.0,7.0,14.402777509911065,63,0.6428571428571429,6.363961030678928,4.5,0.9036344850133701,3.8979591836734695,0.5204081632653061,0.1320754716981132,0.16981132075471697,0.07547169811320754,0.10377358490566038,0.14150943396226415,0.0660377358490566,0.1320754716981132,0.0660377358490566,0.018867924528301886,1.6311584553928096,2.3801597869507325,0.0,0.04081632653061224,0.0,0.4,0.0,audio_244.wav,3.5
87,328,6,14.5,16.0,20.0,5.0,5.439056290693573,52,0.5977011494252874,5.574985181156533,3.9421098266102974,0.8847570558105871,3.7701149425287355,0.5172413793103449,0.13978494623655913,0.15053763440860216,0.0967741935483871,0.0967741935483871,0.15053763440860216,0.08602150537634409,0.17204301075268819,0.010752688172043012,0.0,2.0246683732836863,2.606469629974401,0.0,0.0,0.0,0.0,0.0,audio_752.wav,4.0
115,434,1,115.0,115.0,115.0,115.0,0.0,60,0.5217391304347826,5.595028849441883,3.956282840374722,0.8628879089224047,3.773913043478261,0.5130434782608696,0.20869565217391303,0.2,0.0782608695652174,0.02608695652173913,0.16521739130434782,0.10434782608695652,0.11304347826086956,0.034782608695652174,0.02608695652173913,1.9144331613118029,2.413850507740969,0.0,0.008695652173913044,0.0,1.0,0.0,audio_508.wav,3.0
69,286,6,11.5,9.0,24.0,3.0,7.251436639269031,41,0.5942028985507246,4.935819976516537,3.4901517761108694,0.8770615624978324,4.144927536231884,0.5797101449275363,0.12345679012345678,0.18518518518518517,0.1111111111111111,0.07407407407407407,0.13580246913580246,0.09876543209876543,0.12345679012345678,0.012345679012345678,0.012345679012345678,1.1486598967870818,1.6980189778591643,0.0,0.0,0.16666666666666666,0.0,0.0,audio_664.wav,2.5
89,339,10,8.9,7.0,21.0,2.0,6.564297372910524,62,0.6966292134831461,6.571986856039432,4.647096471774341,0.9194628490904866,3.808988764044944,0.6179775280898876,0.25663716814159293,0.1592920353982301,0.035398230088495575,0.035398230088495575,0.10619469026548672,0.07964601769911504,0.12389380530973451,0.035398230088495575,0.017699115044247787,1.4816047944065258,1.681371732978192,0.011235955056179775,0.033707865168539325,0.2,0.0,0.3,audio_701.wav,2.5
33,117,2,16.5,16.5,18.0,15.0,1.5,27,0.8181818181818182,4.700096710803842,3.3234702564419836,0.9426082478202944,3.5454545454545454,0.5454545454545454,0.13157894736842105,0.18421052631578946,0.05263157894736842,0.10526315789473684,0.18421052631578946,0.05263157894736842,0.10526315789473684,0.05263157894736842,0.02631578947368421,1.3675922088686283,1.740571902196436,0.030303030303030304,0.030303030303030304,0.0,0.0,0.0,audio_5044.wav,0.0
122,482,10,12.2,8.5,36.0,4.0,9.631199302267605,61,0.5,5.522680508593631,3.9051248379533274,0.8557152073012135,3.9508196721311477,0.5245901639344263,0.17391304347826086,0.2391304347826087,0.050724637681159424,0.0,0.15217391304347827,0.043478260869565216,0.13768115942028986,0.007246376811594203,0.021739130434782608,2.030963875478608,2.680206425836524,0.0,0.00819672131147541,0.0,0.1,0.0,audio_734.wav,4.5
79,338,7,11.285714285714286,11.0,19.0,5.0,4.861342722049587,46,0.5822784810126582,5.17540434425971,3.659563507208358,0.8762300239668536,4.2784810126582276,0.5822784810126582,0.17204301075268819,0.13978494623655913,0.06451612903225806,0.11827956989247312,0.10752688172043011,0.12903225806451613,0.07526881720430108,0.021505376344086023,0.03225806451612903,1.7582906743823725,2.559537057645226,0.012658227848101266,0.012658227848101266,0.0,0.0,0.0,audio_51.wav,3.0
63,258,7,9.0,6.0,22.0,3.0,6.047431568147635,48,0.7619047619047619,6.047431568147635,4.27617987059879,0.9343652250187668,4.095238095238095,0.6031746031746031,0.24,0.16,0.04,0.06666666666666667,0.05333333333333334,0.10666666666666667,0.14666666666666667,0.04,0.0,1.0487764275012486,1.3151323455968038,0.0,0.031746031746031744,0.14285714285714285,0.0,0.2857142857142857,audio_704.wav,2.0
89,424,5,17.8,17.0,23.0,14.0,3.655133376499413,62,0.6966292134831461,6.571986856039432,4.647096471774341,0.9194628490904866,4.764044943820225,0.5730337078651685,0.3157894736842105,0.15789473684210525,0.042105263157894736,0.021052631578947368,0.021052631578947368,0.12631578947368421,0.2,0.021052631578947368,0.010526315789473684,1.9751442521083,2.840656901908566,0.0,0.0,0.0,0.0,0.0,audio_129.wav,3.5
117,489,4,29.25,28.5,47.0,13.0,15.81731646013318,66,0.5641025641025641,6.1017021584775195,4.314554973040049,0.8797777652370344,4.17948717948718,0.5726495726495726,0.3008130081300813,0.14634146341463414,0.07317073170731707,0.024390243902439025,0.08130081300813008,0.0975609756097561,0.13821138211382114,0.06504065040650407,0.0,2.596537949400799,3.61739902352419,0.0,0.0,0.0,0.5,0.0,audio_107.wav,4.0
111,502,9,12.333333333333334,12.0,20.0,6.0,4.189935029992179,82,0.7387387387387387,7.783095565170492,5.503479652755,0.9357025136044991,4.5225225225225225,0.6306306306306306,0.3,0.1,0.09230769230769231,0.046153846153846156,0.038461538461538464,0.16153846153846155,0.11538461538461539,0.03076923076923077,0.0,2.038941954445261,2.9757531227038942,0.0,0.0,0.0,0.0,0.0,audio_143.wav,5.0
136,561,12,11.333333333333334,10.0,21.0,2.0,5.934831271588285,83,0.6102941176470589,7.117191283414116,5.032614219503909,0.8994811788279187,4.125,0.5588235294117647,0.2064516129032258,0.16129032258064516,0.10967741935483871,0.012903225806451613,0.1032258064516129,0.11612903225806452,0.12903225806451613,0.03870967741935484,0.0064516129032258064,2.368100296012537,3.134250391781299,0.007352941176470588,0.014705882352941176,0.16666666666666666,0.0,0.08333333333333333,audio_458.wav,3.0
101,408,2,50.5,50.5,94.0,7.0,43.5,51,0.504950495049505,5.074689670070945,3.5883474781244886,0.8519443031609923,4.03960396039604,0.4752475247524752,0.20388349514563106,0.13592233009708737,0.0970873786407767,0.02912621359223301,0.20388349514563106,0.05825242718446602,0.10679611650485436,0.11650485436893204,0.0,1.681371732978192,2.264025303812219,0.0,0.0,0.0,0.5,0.0,audio_424.wav,3.0
92,371,9,10.222222222222221,10.0,18.0,6.0,3.2923405311175675,50,0.5434782608695652,5.21286035142687,3.6860489038724285,0.8651494732160093,4.032608695652174,0.45652173913043476,0.19607843137254902,0.12745098039215685,0.058823529411764705,0.029411764705882353,0.09803921568627451,0.1568627450980392,0.09803921568627451,0.049019607843137254,0.0392156862745098,1.533077820363273,2.0663222796200635,0.0,0.010869565217391304,0.0,0.0,0.0,audio_563.wav,2.0
79,349,2,39.5,39.5,67.0,12.0,27.5,52,0.6582278481012658,5.850457084815324,4.136897877713796,0.9042890204881441,4.417721518987341,0.5949367088607594,0.2891566265060241,0.1686746987951807,0.03614457831325301,0.07228915662650602,0.13253012048192772,0.060240963855421686,0.13253012048192772,0.04819277108433735,0.0,1.3151323455968038,1.7146662227401366,0.0379746835443038,0.012658227848101266,0.0,0.5,0.5,audio_625.wav,2.5
95,384,7,13.571428571428571,13.0,19.0,6.0,4.16986271980755,54,0.5684210526315789,5.540283101259832,3.917571750594063,0.8759534220000127,4.042105263157895,0.5157894736842106,0.17142857142857143,0.14285714285714285,0.10476190476190476,0.047619047619047616,0.08571428571428572,0.13333333333333333,0.09523809523809523,0.0761904761904762,0.009523809523809525,1.5814882636923588,1.9643748959547196,0.0,0.05263157894736842,0.0,0.0,0.0,audio_302.wav,5.0
92,396,4,23.0,24.5,33.0,10.0,8.455767262643882,58,0.6304347826086957,6.046918007655169,4.275816728492017,0.897972769261207,4.304347826086956,0.5652173913043478,0.1919191919191919,0.20202020202020202,0.0707070707070707,0.06060606060606061,0.050505050505050504,0.13131313131313133,0.13131313131313133,0.0707070707070707,0.010101010101010102,1.5315465290494423,2.0476111203595804,0.0,0.03260869565217391,0.0,0.5,0.0,audio_154.wav,3.0
83,353,3,27.666666666666668,32.0,34.0,17.0,7.586537784494028,53,0.6385542168674698,5.8175057794535885,4.113597786243564,0.8984917687564794,4.253012048192771,0.5542168674698795,0.20224719101123595,0.1797752808988764,0.06741573033707865,0.06741573033707865,0.12359550561797752,0.07865168539325842,0.12359550561797752,0.06741573033707865,0.011235955056179775,1.7961480199091104,2.661761523479766,0.0,0.0,0.0,0.6666666666666666,0.0,audio_754.wav,4.0
73,279,3,24.333333333333332,29.0,34.0,10.0,10.338708279513881,39,0.5342465753424658,4.564604740649092,3.227662965549235,0.8538856260925407,3.8219178082191783,0.4794520547945205,0.29069767441860467,0.10465116279069768,0.0,0.011627906976744186,0.03488372093023256,0.19767441860465115,0.12790697674418605,0.011627906976744186,0.046511627906976744,1.2152488763109706,1.3817213251206926,0.0,0.0136986301369863,0.0,0.6666666666666666,0.0,audio_749.wav,3.0
140,543,5,28.0,24.0,47.0,21.0,9.654014708917737,74,0.5285714285714286,6.254141484991022,4.422345854537256,0.8709786595468643,3.8785714285714286,0.55,0.18,0.20666666666666667,0.07333333333333333,0.05333333333333334,0.1,0.06,0.2,0.06,0.006666666666666667,2.3306142833361077,3.1130347927418014,0.0,0.014285714285714285,0.0,0.4,0.0,audio_366.wav,5.0
73,301,7,10.428571428571429,10.0,18.0,2.0,4.981598792617913,50,0.684931506849315,5.852057359806529,4.13802944301184,0.9117958249201041,4.123287671232877,0.5616438356164384,0.25925925925925924,0.18518518518518517,0.024691358024691357,0.037037037037037035,0.012345679012345678,0.20987654320987653,0.13580246913580246,0.012345679012345678,0.012345679012345678,2.9293739967897268,3.7319422150882824,0.0,0.0,0.14285714285714285,0.0,0.14285714285714285,audio_693.wav,3.0
111,449,6,18.5,18.0,31.0,6.0,7.433034373659253,68,0.6126126126126126,6.454274371116994,4.563861175455365,0.8959508751000939,4.045045045045045,0.5225225225225225,0.15873015873015872,0.16666666666666666,0.0873015873015873,0.047619047619047616,0.19047619047619047,0.06349206349206349,0.11904761904761904,0.07936507936507936,0.0,2.424639580602883,3.2110091743119265,0.0,0.009009009009009009,0.0,0.16666666666666666,0.0,audio_608.wav,5.0
124,500,8,15.5,13.0,28.0,6.0,7.582875444051551,80,0.6451612903225806,7.184212081070997,5.08000508000762,0.9090810516011534,4.032258064516129,0.5725806451612904,0.13380281690140844,0.18309859154929578,0.11267605633802817,0.07042253521126761,0.1267605633802817,0.07042253521126761,0.14084507042253522,0.028169014084507043,0.007042253521126761,2.0642583652405526,2.7967371400033296,0.0,0.016129032258064516,0.0,0.25,0.0,audio_220.wav,4.0
107,447,5,21.4,21.0,29.0,13.0,5.4258639865002145,67,0.6261682242990654,6.477134476605945,4.580025711065244,0.8998173843607418,4.177570093457944,0.6261682242990654,0.1984732824427481,0.183206106870229,0.09923664122137404,0.030534351145038167,0.061068702290076333,0.09923664122137404,0.15267175572519084,0.030534351145038167,0.007633587786259542,1.7812552022640253,2.2307308140502746,0.0,0.009345794392523364,0.0,0.2,0.0,audio_761.wav,4.0
83,357,3,27.666666666666668,28.0,37.0,18.0,7.760297817881877,56,0.6746987951807228,6.146798559422659,4.346442943955464,0.9109520003126663,4.301204819277109,0.5542168674698795,0.20430107526881722,0.20430107526881722,0.053763440860215055,0.03225806451612903,0.07526881720430108,0.0967741935483871,0.13978494623655913,0.021505376344086023,0.043010752688172046,1.3817213251206926,1.7979024471449976,0.0,0.0,0.0,0.6666666666666666,0.0,audio_640.wav,3.0
118,497,10,11.8,11.0,18.0,4.0,3.762977544445356,64,0.5423728813559322,5.89167755454927,4.166045151386364,0.871758125035457,4.211864406779661,0.559322033898305,0.2,0.17777777777777778,0.05925925925925926,0.05185185185185185,0.1037037037037037,0.1111111111111111,0.1037037037037037,0.05185185185185185,0.0,1.9647019647019646,2.847152847152847,0.00847457627118644,0.00847457627118644,0.0,0.0,0.0,audio_67.wav,4.0
107,456,12,8.916666666666666,8.5,18.0,3.0,4.192420409368422,61,0.5700934579439252,5.897092583178547,4.169874154850445,0.8797398770217729,4.261682242990654,0.6635514018691588,0.20634920634920634,0.15873015873015872,0.09523809523809523,0.10317460317460317,0.09523809523809523,0.07936507936507936,0.0873015873015873,0.031746031746031744,0.015873015873015872,1.7812552022640253,2.5636757116697186,0.0,0.028037383177570093,0.08333333333333333,0.0,0.08333333333333333,audio_299.wav,4.0
87,361,12,7.25,6.0,16.0,2.0,4.474464586219599,44,0.5057471264367817,4.717295153286297,3.335631391747175,0.8473505350706365,4.149425287356322,0.5747126436781609,0.1592920353982301,0.19469026548672566,0.05309734513274336,0.035398230088495575,0.07964601769911504,0.07079646017699115,0.13274336283185842,0.0,0.02654867256637168,1.9307589880159786,2.3524189968930314,0.0,0.04597701149425287,0.25,0.0,0.0,audio_102.wav,2.0
61,280,4,15.25,12.0,30.0,7.0,8.78564169540279,45,0.7377049180327869,5.761659596980319,4.074108571913333,0.9259983681196776,4.590163934426229,0.5901639344262295,0.20833333333333334,0.1111111111111111,0.05555555555555555,0.125,0.09722222222222222,0.041666666666666664,0.1388888888888889,0.041666666666666664,0.013888888888888888,1.0153129161118508,1.5645805592543276,0.0,0.08196721311475409,0.0,0.25,0.0,audio_258.wav,3.5
115,479,9,12.777777777777779,9.0,30.0,4.0,9.064923579720505,76,0.6608695652173913,7.087036542626385,5.011291597807981,0.9127071205927247,4.165217391304348,0.5826086956521739,0.22727272727272727,0.14393939393939395,0.06060606060606061,0.07575757575757576,0.03787878787878788,0.12878787878787878,0.13636363636363635,0.022727272727272728,0.0,1.9144331613118029,2.4471449975029134,0.008695652173913044,0.02608695652173913,0.0,0.2222222222222222,0.1111111111111111,audio_679.wav,4.5
76,419,5,15.2,15.0,19.0,12.0,2.5612496949731396,67,0.881578947368421,7.685427084663819,5.434417607880546,0.9708962175706177,5.5131578947368425,0.7105263157894737,0.33707865168539325,0.10112359550561797,0.12359550561797752,0.0449438202247191,0.02247191011235955,0.06741573033707865,0.0898876404494382,0.056179775280898875,0.011235955056179775,1.6866400355082112,2.8850421660008876,0.0,0.0,0.0,0.0,0.0,audio_82.wav,4.0
106,442,6,17.666666666666668,20.0,26.0,7.0,6.548960901462833,64,0.6037735849056604,6.2162295190864905,4.395538046358049,0.8918060254310098,4.169811320754717,0.5754716981132075,0.1984732824427481,0.1297709923664122,0.07633587786259542,0.061068702290076333,0.05343511450381679,0.0916030534351145,0.1450381679389313,0.04580152671755725,0.0,1.828847481021394,2.4154589371980677,0.0,0.0660377358490566,0.0,0.16666666666666666,0.0,audio_325.wav,5.0
132,482,6,22.0,20.5,40.0,9.0,12.396235987858034,64,0.48484848484848486,5.570484990582331,3.938927711338647,0.8517411005598919,3.6515151515151514,0.5378787878787878,0.1728395061728395,0.13580246913580246,0.06790123456790123,0.06172839506172839,0.1111111111111111,0.09876543209876543,0.1111111111111111,0.018518518518518517,0.0,2.19743632428833,2.7967371400033296,0.045454545454545456,0.030303030303030304,0.0,0.5,0.0,audio_399.wav,3.0
46,214,3,15.333333333333334,12.0,23.0,11.0,5.436502143433364,40,0.8695652173913043,5.897678246195885,4.170288281141495,0.9634956821750603,4.6521739130434785,0.6086956521739131,0.22448979591836735,0.20408163265306123,0.061224489795918366,0.08163265306122448,0.061224489795918366,0.10204081632653061,0.12244897959183673,0.061224489795918366,0.02040816326530612,2.077687443541102,3.071364046973803,0.0,0.0,0.0,0.0,0.0,audio_285.wav,4.0
82,378,7,11.714285714285714,11.0,23.0,3.0,6.249897958350673,52,0.6341463414634146,5.74243935589202,4.060517809103758,0.8966406745867482,4.609756097560975,0.5853658536585366,0.21978021978021978,0.17582417582417584,0.0989010989010989,0.03296703296703297,0.04395604395604396,0.0989010989010989,0.16483516483516483,0.02197802197802198,0.01098901098901099,1.352688881557242,1.9630484988452657,0.0,0.0,0.14285714285714285,0.0,0.0,audio_784.wav,4.5
83,287,4,20.75,20.5,36.0,6.0,10.894379284750462,46,0.5542168674698795,5.049155959525756,3.570292418249131,0.8664357319731886,3.4578313253012047,0.46987951807228917,0.1590909090909091,0.2159090909090909,0.011363636363636364,0.056818181818181816,0.18181818181818182,0.07954545454545454,0.19318181818181818,0.03409090909090909,0.0,1.8419884598313359,2.1970705725699067,0.0,0.04819277108433735,0.0,0.25,0.0,audio_0.wav,3.0
143,566,4,35.75,29.5,64.0,20.0,16.768646337734005,70,0.48951048951048953,5.853694070049635,4.139186771923578,0.8560604972690558,3.958041958041958,0.4965034965034965,0.272108843537415,0.14965986394557823,0.034013605442176874,0.027210884353741496,0.1292517006802721,0.09523809523809523,0.17687074829931973,0.047619047619047616,0.006802721088435374,2.343109945928232,3.244306078977552,0.006993006993006993,0.013986013986013986,0.0,0.75,0.0,audio_435.wav,3.5
84,429,4,21.0,19.5,31.0,14.0,6.284902544988268,66,0.7857142857142857,7.201190377787749,5.092010548749033,0.9455716479002597,5.107142857142857,0.5952380952380952,0.23958333333333334,0.17708333333333334,0.0625,0.041666666666666664,0.07291666666666667,0.07291666666666667,0.14583333333333334,0.03125,0.03125,1.8641810918774966,3.173546382600976,0.0,0.0,0.0,0.25,0.0,audio_91.wav,5.0
80,357,2,40.0,40.0,61.0,19.0,21.0,45,0.5625,5.031152949374526,3.5575623676894264,0.8686990762788047,4.4625,0.55,0.21348314606741572,0.19101123595505617,0.0449438202247191,0.0449438202247191,0.06741573033707865,0.11235955056179775,0.11235955056179775,0.0449438202247191,0.033707865168539325,1.7754105636928539,2.396804260985353,0.0,0.025,0.0,0.5,0.0,audio_109.wav,2.0
52,181,5,10.4,11.0,19.0,1.0,5.782732917920384,34,0.6538461538461539,4.714951667914447,3.333974297349129,0.8924684923971717,3.480769230769231,0.5384615384615384,0.22033898305084745,0.15254237288135594,0.06779661016949153,0.03389830508474576,0.11864406779661017,0.11864406779661017,0.15254237288135594,0.01694915254237288,0.0,0.8656567338105543,1.1320126519061096,0.0,0.0,0.2,0.0,0.4,audio_772.wav,3.0
123,465,7,17.571428571428573,19.0,37.0,5.0,11.030569767140548,62,0.5040650406504065,5.59035173493808,3.952975620992697,0.8576426172113456,3.7804878048780486,0.5040650406504065,0.10256410256410256,0.1282051282051282,0.07692307692307693,0.08974358974358974,0.10256410256410256,0.10897435897435898,0.09615384615384616,0.02564102564102564,0.03205128205128205,2.0472703062583224,2.6964047936085223,0.016260162601626018,0.056910569105691054,0.0,0.2857142857142857,0.0,audio_270.wav,3.5
122,491,11,11.090909090909092,10.0,16.0,5.0,3.6044050184725474,65,0.5327868852459017,5.884823492763704,4.161198597819119,0.8689360914586542,4.024590163934426,0.5327868852459017,0.24822695035460993,0.12056737588652482,0.03546099290780142,0.05673758865248227,0.028368794326241134,0.1276595744680851,0.09219858156028368,0.0425531914893617,0.03546099290780142,2.030963875478608,2.7967371400033296,0.00819672131147541,0.03278688524590164,0.0,0.0,0.0,audio_528.wav,2.5
113,418,3,37.666666666666664,35.0,45.0,33.0,5.2493385826745405,63,0.5575221238938053,5.926541470816662,4.190697662997757,0.876411008631835,3.6991150442477876,0.48672566371681414,0.2457627118644068,0.1694915254237288,0.00847457627118644,0.0423728813559322,0.13559322033898305,0.0847457627118644,0.2033898305084746,0.03389830508474576,0.025423728813559324,1.8811386715498586,2.34726152821708,0.0,0.017699115044247787,0.0,1.0,0.0,audio_441.wav,2.0
121,435,2,60.5,60.5,67.0,54.0,6.5,66,0.5454545454545454,6.0,4.242640687119286,0.8736108681546069,3.5950413223140494,0.49586776859504134,0.2028985507246377,0.13768115942028986,0.028985507246376812,0.06521739130434782,0.07246376811594203,0.12318840579710146,0.14492753623188406,0.057971014492753624,0.014492753623188406,2.0119720651812436,2.228134353175923,0.0,0.04132231404958678,0.0,1.0,0.0,audio_381.wav,5.0
74,313,1,74.0,74.0,74.0,74.0,0.0,41,0.5540540540540541,4.766153188496591,3.3701792397598247,0.8628057397570006,4.22972972972973,0.5405405405405406,0.2222222222222222,0.2222222222222222,0.037037037037037035,0.012345679012345678,0.06172839506172839,0.13580246913580246,0.13580246913580246,0.037037037037037035,0.012345679012345678,1.64225477141589,1.9973368841544605,0.013513513513513514,0.013513513513513514,0.0,1.0,0.0,audio_86.wav,2.0
98,398,9,10.88888888888889,13.0,16.0,4.0,3.784308081316978,48,0.4897959183673469,4.848732213850612,3.4285714285714284,0.844324638924235,4.061224489795919,0.6224489795918368,0.23076923076923078,0.1623931623931624,0.06837606837606838,0.05982905982905983,0.05128205128205128,0.06837606837606838,0.10256410256410256,0.008547008547008548,0.008547008547008548,2.174877940523746,2.6187305814469597,0.0,0.01020408163265306,0.0,0.0,0.0,audio_101.wav,4.0
96,414,6,16.0,14.0,34.0,4.0,9.16515138991168,55,0.5729166666666666,5.613413993878117,3.9692831006786773,0.8779639539164439,4.3125,0.6041666666666666,0.1651376146788991,0.21100917431192662,0.06422018348623854,0.09174311926605505,0.11926605504587157,0.07339449541284404,0.13761467889908258,0.027522935779816515,0.01834862385321101,1.598135508573331,2.313967038455136,0.0,0.052083333333333336,0.0,0.16666666666666666,0.0,audio_333.wav,4.5
105,417,9,11.666666666666666,12.0,24.0,3.0,7.2571803523590805,49,0.4666666666666667,4.781910357447813,3.381321240777536,0.836238387372359,3.9714285714285715,0.5904761904761905,0.20689655172413793,0.1724137931034483,0.0603448275862069,0.09482758620689655,0.12931034482758622,0.09482758620689655,0.06896551724137931,0.0603448275862069,0.0,1.7641129032258063,2.6209677419354835,0.009523809523809525,0.009523809523809525,0.1111111111111111,0.0,0.0,audio_149.wav,2.5
129,492,6,21.5,20.5,35.0,10.0,7.847504911329036,74,0.5736434108527132,6.515336706809617,4.607038767098708,0.8856442872859208,3.813953488372093,0.5426356589147286,0.19078947368421054,0.1513157894736842,0.046052631578947366,0.07236842105263158,0.08552631578947369,0.09210526315789473,0.15789473684210525,0.013157894736842105,0.006578947368421052,2.149641726378937,2.8328611898017,0.0,0.031007751937984496,0.0,0.3333333333333333,0.0,audio_719.wav,3.0
108,442,8,13.5,9.0,34.0,2.0,9.924716620639604,66,0.6111111111111112,6.3508529610858835,4.490731195102493,0.8948178807452444,4.092592592592593,0.5277777777777778,0.2033898305084746,0.17796610169491525,0.03389830508474576,0.06779661016949153,0.09322033898305085,0.11016949152542373,0.1440677966101695,0.01694915254237288,0.03389830508474576,1.7979024471449976,2.4970867321458297,0.0,0.027777777777777776,0.125,0.125,0.125,audio_638.wav,3.0
121,474,11,11.0,8.0,28.0,1.0,7.675225788801975,62,0.512396694214876,5.636363636363637,3.985510948505995,0.8605743611622954,3.9173553719008263,0.4793388429752066,0.15602836879432624,0.19858156028368795,0.02127659574468085,0.03546099290780142,0.09929078014184398,0.09219858156028368,0.15602836879432624,0.04964539007092199,0.0,2.0139813581890813,2.5466045272969375,0.008264462809917356,0.04132231404958678,0.09090909090909091,0.09090909090909091,0.09090909090909091,audio_147.wav,3.0
81,309,4,20.25,20.0,31.0,10.0,9.781998773256925,56,0.691358024691358,6.222222222222222,4.399775527382962,0.9160082524689487,3.814814814814815,0.5185185185185185,0.16666666666666666,0.16666666666666666,0.07777777777777778,0.05555555555555555,0.12222222222222222,0.13333333333333333,0.1111111111111111,0.044444444444444446,0.0,1.8417462482946796,2.2737608003638017,0.012345679012345678,0.024691358024691357,0.0,0.5,0.0,audio_62.wav,4.0
123,561,5,24.6,23.0,45.0,13.0,10.928860873851402,75,0.6097560975609756,6.762522260005742,4.781825347975037,0.8971992331748848,4.560975609756097,0.5528455284552846,0.16153846153846155,0.23846153846153847,0.06923076923076923,0.05384615384615385,0.08461538461538462,0.1,0.16153846153846155,0.05384615384615385,0.007692307692307693,2.0442080771148414,2.9915240152900116,0.0,0.024390243902439025,0.0,0.2,0.0,audio_763.wav,5.0
56,242,4,14.0,13.0,20.0,10.0,3.7416573867739413,39,0.6964285714285714,5.211594217292276,3.6851536118399655,0.9101221278532734,4.321428571428571,0.5714285714285714,0.234375,0.203125,0.03125,0.03125,0.03125,0.171875,0.125,0.015625,0.0,0.9322457133344432,1.265190610953887,0.0,0.0,0.0,0.0,0.0,audio_498.wav,2.0
101,370,6,16.833333333333332,13.5,35.0,9.0,8.801830617673929,63,0.6237623762376238,6.268734298322932,4.432664531800839,0.897730560073701,3.6633663366336635,0.5247524752475248,0.16521739130434782,0.17391304347826086,0.034782608695652174,0.08695652173913043,0.14782608695652175,0.06956521739130435,0.1391304347826087,0.043478260869565216,0.008695652173913044,2.241455836662228,2.6853084775854414,0.0,0.0297029702970297,0.0,0.16666666666666666,0.0,audio_1.wav,3.5
108,483,5,21.6,23.0,29.0,11.0,6.248199740725324,75,0.6944444444444444,7.216878364870322,5.103103630798287,0.9221202704709592,4.472222222222222,0.6018518518518519,0.226890756302521,0.18487394957983194,0.058823529411764705,0.07563025210084033,0.07563025210084033,0.06722689075630252,0.14285714285714285,0.04201680672268908,0.008403361344537815,1.7979024471449976,2.4637922423838856,0.0,0.018518518518518517,0.0,0.4,0.0,audio_304.wav,5.0
101,376,2,50.5,50.5,100.0,1.0,49.5,51,0.504950495049505,5.074689670070945,3.5883474781244886,0.8519443031609923,3.722772277227723,0.42574257425742573,0.10476190476190476,0.24761904761904763,0.02857142857142857,0.02857142857142857,0.17142857142857143,0.06666666666666667,0.18095238095238095,0.08571428571428572,0.009523809523809525,1.681371732978192,2.014316630597636,0.009900990099009901,0.0,0.5,0.5,0.5,audio_347.wav,5.0
104,567,7,14.857142857142858,11.0,30.0,7.0,8.30539534499922,72,0.6923076923076923,7.060180864974626,4.9923017660270625,0.9208238952941493,5.451923076923077,0.6057692307692307,0.23529411764705882,0.20168067226890757,0.07563025210084033,0.01680672268907563,0.058823529411764705,0.1092436974789916,0.10084033613445378,0.05042016806722689,0.01680672268907563,1.7313134676211086,3.079740302979857,0.009615384615384616,0.0,0.0,0.14285714285714285,0.0,audio_560.wav,4.0
122,462,1,122.0,122.0,122.0,122.0,0.0,54,0.4426229508196721,4.8889302862960005,3.4569957581881914,0.8303427502544929,3.7868852459016393,0.5081967213114754,0.14754098360655737,0.22131147540983606,0.05737704918032787,0.08196721311475409,0.10655737704918032,0.06557377049180328,0.1557377049180328,0.11475409836065574,0.00819672131147541,1.9990168769457644,2.654432246436179,0.0,0.01639344262295082,0.0,1.0,0.0,audio_452.wav,3.5
115,468,8,14.375,13.0,27.0,8.0,5.56636101955308,72,0.6260869565217392,6.71403461933026,4.747539408449667,0.9013123904242816,4.069565217391304,0.5478260869565217,0.11450381679389313,0.16793893129770993,0.07633587786259542,0.12213740458015267,0.1297709923664122,0.0916030534351145,0.11450381679389313,0.061068702290076333,0.007633587786259542,1.9144331613118029,2.696853670717496,0.0,0.017391304347826087,0.0,0.125,0.0,audio_716.wav,4.5
1,6,1,1.0,1.0,1.0,1.0,0.0,1,1.0,1.0,0.7071067811865475,1.0,6.0,1.0,0.5,0.0,0.0,0.0,0.0,0.0,0.0,0.0,0.0,0.016385384237260363,0.016385384237260363,0.0,0.0,1.0,0.0,1.0,audio_473.wav,2.0
93,432,8,11.625,11.5,18.0,4.0,4.922842166878804,68,0.7311827956989247,7.051271524166892,4.986001910726012,0.9309244532965925,4.645161290322581,0.6236559139784946,0.25,0.1388888888888889,0.12962962962962962,0.018518518518518517,0.05555555555555555,0.16666666666666666,0.08333333333333333,0.027777777777777776,0.009259259259259259,2.0639147802929427,3.0847758544163337,0.0,0.010752688172043012,0.0,0.0,0.125,audio_95.wav,4.0
114,387,3,38.0,15.0,89.0,10.0,36.12016980395672,59,0.5175438596491229,5.525856288331995,3.9073704533418794,0.8609304462924157,3.3947368421052633,0.5614035087719298,0.11971830985915492,0.2112676056338028,0.035211267605633804,0.08450704225352113,0.13380281690140844,0.04225352112676056,0.14788732394366197,0.014084507042253521,0.02112676056338028,1.8977859164308306,2.264025303812219,0.02631578947368421,0.05263157894736842,0.0,0.3333333333333333,0.0,audio_732.wav,4.0
142,542,6,23.666666666666668,21.5,44.0,12.0,10.434983894999018,70,0.49295774647887325,5.874269508076824,4.153735803678487,0.857272699928664,3.816901408450704,0.5492957746478874,0.125,0.2,0.0625,0.1,0.13125,0.05625,0.175,0.01875,0.025,2.366272287952008,3.1328111981336444,0.0,0.02112676056338028,0.0,0.3333333333333333,0.0,audio_292.wav,5.0
123,499,4,30.75,28.0,47.0,20.0,10.328964130056798,60,0.4878048780487805,5.410017808004594,3.8254602783800298,0.8508287006193131,4.056910569105691,0.5853658536585366,0.1893939393939394,0.12878787878787878,0.12878787878787878,0.09848484848484848,0.12121212121212122,0.06060606060606061,0.12878787878787878,0.06060606060606061,0.007575757575757576,2.0476111203595804,2.863326119527218,0.0,0.024390243902439025,0.0,0.5,0.0,audio_469.wav,2.5
107,408,9,11.88888888888889,9.0,26.0,6.0,6.314787661503476,61,0.5700934579439252,5.897092583178547,4.169874154850445,0.8797398770217729,3.8130841121495327,0.514018691588785,0.211864406779661,0.15254237288135594,0.05084745762711865,0.05084745762711865,0.1440677966101695,0.1271186440677966,0.11864406779661017,0.0423728813559322,0.0,1.7812552022640253,2.3805560179790244,0.0,0.028037383177570093,0.0,0.1111111111111111,0.0,audio_329.wav,2.0
101,415,13,7.769230769230769,6.0,16.0,2.0,4.725606939510052,62,0.6138613861386139,6.169230579301932,4.362304777327809,0.8942636210657048,4.108910891089109,0.5742574257425742,0.18032786885245902,0.1721311475409836,0.07377049180327869,0.04918032786885246,0.07377049180327869,0.09836065573770492,0.09836065573770492,0.040983606557377046,0.01639344262295082,1.6810918774966712,2.280292942743009,0.0,0.019801980198019802,0.23076923076923078,0.0,0.15384615384615385,audio_169.wav,2.0
132,542,7,18.857142857142858,19.0,33.0,7.0,8.773801447305193,66,0.5,5.744562646538029,4.0620192023179795,0.8580431499066846,4.106060606060606,0.45454545454545453,0.2158273381294964,0.1366906474820144,0.050359712230215826,0.02877697841726619,0.18705035971223022,0.11510791366906475,0.11510791366906475,0.06474820143884892,0.0,2.19743632428833,3.02979856833694,0.0,0.015151515151515152,0.0,0.2857142857142857,0.0,audio_174.wav,2.5
55,255,3,18.333333333333332,19.0,25.0,11.0,5.734883511361751,37,0.6727272727272727,4.9890789822279915,3.5278115802086916,0.9010775360409045,4.636363636363637,0.6181818181818182,0.2542372881355932,0.23728813559322035,0.06779661016949153,0.01694915254237288,0.13559322033898305,0.01694915254237288,0.11864406779661017,0.0847457627118644,0.0,0.9155984684534709,1.431663059763609,0.0,0.0,0.0,0.0,0.0,audio_513.wav,2.5
109,401,6,18.166666666666668,16.5,33.0,11.0,7.009913614937696,52,0.47706422018348627,4.980696683149987,3.5218843996887013,0.8422406135236239,3.6788990825688073,0.5045871559633027,0.2033898305084746,0.13559322033898305,0.11864406779661017,0.00847457627118644,0.1440677966101695,0.07627118644067797,0.1864406779661017,0.05084745762711865,0.00847457627118644,1.8145496920259696,2.264025303812219,0.0,0.009174311926605505,0.0,0.16666666666666666,0.0,audio_584.wav,3.0
124,478,7,17.714285714285715,19.0,27.0,8.0,6.040678431961706,78,0.6290322580645161,7.004606779044222,4.953004953007429,0.9038287011648337,3.8548387096774195,0.5806451612903226,0.06428571428571428,0.22857142857142856,0.07857142857142857,0.14285714285714285,0.15714285714285714,0.04285714285714286,0.12857142857142856,0.03571428571428571,0.014285714285714285,2.0642583652405526,2.580322956550691,0.0,0.016129032258064516,0.0,0.14285714285714285,0.0,audio_345.wav,5.0
96,382,7,13.714285714285714,10.0,29.0,8.0,6.839262402049042,58,0.6041666666666666,5.9196002117260145,4.185789451624787,0.8895997501103509,3.9791666666666665,0.5104166666666666,0.16981132075471697,0.1509433962264151,0.05660377358490566,0.08490566037735849,0.1509433962264151,0.0660377358490566,0.1320754716981132,0.08490566037735849,0.018867924528301886,1.598135508573331,2.164141834526386,0.0,0.0,0.0,0.14285714285714285,0.14285714285714285,audio_750.wav,4.0
99,432,4,24.75,16.5,55.0,11.0,17.640507362318125,59,0.5959595959595959,5.929723110029351,4.192947421660339,0.8873625883308114,4.363636363636363,0.5454545454545454,0.22857142857142856,0.1523809523809524,0.05714285714285714,0.0761904761904762,0.10476190476190476,0.0761904761904762,0.12380952380952381,0.01904761904761905,0.06666666666666667,2.1970705725699067,2.7962716378162447,0.0,0.04040404040404041,0.0,0.25,0.0,audio_116.wav,3.0
89,426,7,12.714285714285714,10.0,29.0,6.0,7.165677830848257,49,0.550561797752809,5.193989612031165,3.672705276079721,0.8670384449838764,4.786516853932584,0.5617977528089888,0.25,0.17,0.06,0.02,0.04,0.14,0.12,0.05,0.0,1.9777777777777779,2.688888888888889,0.0,0.011235955056179775,0.0,0.14285714285714285,0.0,audio_114.wav,2.5
102,425,8,12.75,9.0,29.0,1.0,9.883698700385398,60,0.5882352941176471,5.940885257860046,4.20084025208403,0.8852688929245052,4.166666666666667,0.5882352941176471,0.22522522522522523,0.13513513513513514,0.12612612612612611,0.05405405405405406,0.0990990990990991,0.0990990990990991,0.0990990990990991,0.07207207207207207,0.0,1.671035386631717,2.2771952817824377,0.0,0.0392156862745098,0.25,0.25,0.25,audio_157.wav,3.0
117,506,9,13.0,8.0,28.0,4.0,7.944250191875324,81,0.6923076923076923,7.4884526490405925,5.295135648730969,0.9227821610129967,4.3247863247863245,0.6068376068376068,0.20454545454545456,0.1590909090909091,0.10606060606060606,0.06818181818181818,0.12121212121212122,0.07575757575757576,0.12121212121212122,0.030303030303030304,0.022727272727272728,1.9477276510737473,2.64691193607458,0.008547008547008548,0.02564102564102564,0.0,0.1111111111111111,0.0,audio_385.wav,4.5
54,189,2,27.0,27.0,38.0,16.0,11.0,42,0.7777777777777778,5.715476066494082,4.041451884327381,0.9369978858407909,3.5,0.5555555555555556,0.14754098360655737,0.2459016393442623,0.04918032786885246,0.04918032786885246,0.16393442622950818,0.04918032786885246,0.16393442622950818,0.01639344262295082,0.0,0.8988015978695073,1.0985352862849533,0.0,0.037037037037037035,0.0,0.5,0.0,audio_264.wav,2.5
133,570,7,19.0,16.0,32.0,9.0,8.017837257372731,82,0.6165413533834586,7.110301750097784,5.02774258377672,0.9011052445792639,4.285714285714286,0.6015037593984962,0.17088607594936708,0.1962025316455696,0.04430379746835443,0.0949367088607595,0.0949367088607595,0.0759493670886076,0.15822784810126583,0.03164556962025317,0.0,2.2140835691693024,3.079740302979857,0.0,0.007518796992481203,0.0,0.2857142857142857,0.0,audio_390.wav,5.0
95,351,5,19.0,18.0,32.0,13.0,6.957010852370434,53,0.5578947368421052,5.437685266051317,3.8450241255830617,0.8718487583349431,3.694736842105263,0.5157894736842106,0.17142857142857143,0.1619047619047619,0.047619047619047616,0.08571428571428572,0.13333333333333333,0.13333333333333333,0.09523809523809523,0.06666666666666667,0.009523809523809525,1.5814882636923588,2.014316630597636,0.0,0.010526315789473684,0.0,0.2,0.0,audio_766.wav,4.5
76,333,1,76.0,76.0,76.0,76.0,0.0,32,0.42105263157894735,3.670651741928988,2.5955427380922007,0.8002653662741067,4.381578947368421,0.6447368421052632,0.27848101265822783,0.11392405063291139,0.11392405063291139,0.11392405063291139,0.05063291139240506,0.06329113924050633,0.13924050632911392,0.06329113924050633,0.0,1.5369059656218402,2.446916076845298,0.013157894736842105,0.013157894736842105,0.0,1.0,0.0,audio_571.wav,2.0
117,452,7,16.714285714285715,14.0,31.0,6.0,8.843307166024092,61,0.5213675213675214,5.639451994956496,3.987694747809742,0.8632347160053689,3.8632478632478633,0.48717948717948717,0.12307692307692308,0.2,0.06923076923076923,0.046153846153846156,0.18461538461538463,0.07692307692307693,0.08461538461538462,0.06923076923076923,0.046153846153846156,1.9496750541576404,2.6162306282286285,0.0,0.008547008547008548,0.0,0.2857142857142857,0.0,audio_393.wav,4.5
133,501,7,19.0,15.0,37.0,12.0,8.228869042236953,80,0.6015037593984962,6.936879756192959,4.905114715879726,0.8960559910509476,3.7669172932330826,0.5338345864661654,0.19047619047619047,0.14965986394557823,0.10204081632653061,0.04081632653061224,0.1292517006802721,0.08843537414965986,0.14965986394557823,0.05442176870748299,0.006802721088435374,3.388535031847134,4.585987261146497,0.007518796992481203,0.0,0.0,0.14285714285714285,0.0,audio_691.wav,4.0
